p,x,s,n,t,p,f,c,n,k,e,e,s,s,w,w,p,w,o,p,k,s,u
e,x,s,y,t,a,f,c,b,k,e,c,s,s,w,w,p,w,o,p,n,n,g
e,b,s,w,t,l,f,c,b,n,e,c,s,s,w,w,p,w,o,p,n,n,m
p,x,y,w,t,p,f,c,n,n,e,e,s,s,w,w,p,w,o,p,k,s,u
e,x,s,g,f,n,f,w,b,k,t,e,s,s,w,w,p,w,o,e,n,a,g
e,x,y,y,t,a,f,c,b,n,e,c,s,s,w,w,p,w,o,p,k,n,g
e,b,s,w,t,a,f,c,b,g,e,c,s,s,w,w,p,w,o,p,k,n,m
e,b,y,w,t,l,f,c,b,n,e,c,s,s,w,w,p,w,o,p,n,s,m
p,x,y,w,t,p,f,c,n,p,e,e,s,s,w,w,p,w,o,p,k,v,g
e,b,s,y,t,a,f,c,b,g,e,c,s,s,w,w,p,w,o,p,k,s,m
e,x,y,y,t,l,f,c,b,g,e,c,s,s,w,w,p,w,o,p,n,n,g
e,x,y,y,t,a,f,c,b,n,e,c,s,s,w,w,p,w,o,p,k,s,m
e,b,s,y,t,a,f,c,b,w,e,c,s,s,w,w,p,w,o,p,n,s,g
p,x,y,w,t,p,f,c,n,k,e,e,s,s,w,w,p,w,o,p,n,v,u
e,x,f,n,f,n,f,w,b,n,t,e,s,f,w,w,p,w,o,e,k,a,g
e,s,f,g,f,n,f,c,n,k,e,e,s,s,w,w,p,w,o,p,n,y,u
e,f,f,w,f,n,f,w,b,k,t,e,s,s,w,w,p,w,o,e,n,a,g
p,x,s,n,t,p,f,c,n,n,e,e,s,s,w,w,p,w,o,p,k,s,g
p,x,y,w,t,p,f,c,n,n,e,e,s,s,w,w,p,w,o,p,n,s,u
p,x,s,n,t,p,f,c,n,k,e,e,s,s,w,w,p,w,o,p,n,s,u
e,b,s,y,t,a,f,c,b,k,e,c,s,s,w,w,p,w,o,p,n,s,m
p,x,y,n,t,p,f,c,n,n,e,e,s,s,w,w,p,w,o,p,n,v,g
e,b,y,y,t,l,f,c,b,k,e,c,s,s,w,w,p,w,o,p,n,s,m
e,b,y,w,t,a,f,c,b,w,e,c,s,s,w,w,p,w,o,p,n,n,m
e,b,s,w,t,l,f,c,b,g,e,c,s,s,w,w,p,w,o,p,k,s,m
p,f,s,w,t,p,f,c,n,n,e,e,s,s,w,w,p,w,o,p,n,v,g
e,x,y,y,t,a,f,c,b,n,e,c,s,s,w,w,p,w,o,p,n,n,m
e,x,y,w,t,l,f,c,b,w,e,c,s,s,w,w,p,w,o,p,n,n,m
e,f,f,n,f,n,f,c,n,k,e,e,s,s,w,w,p,w,o,p,k,y,u
e,x,s,y,t,a,f,w,n,n,t,b,s,s,w,w,p,w,o,p,n,v,d
e,b,s,y,t,l,f,c,b,g,e,c,s,s,w,w,p,w,o,p,n,n,m
p,x,y,w,t,p,f,c,n,k,e,e,s,s,w,w,p,w,o,p,n,s,u
e,x,y,y,t,l,f,c,b,n,e,c,s,s,w,w,p,w,o,p,n,n,m
e,x,y,n,t,l,f,c,b,p,e,r,s,y,w,w,p,w,o,p,n,y,p
e,b,y,y,t,l,f,c,b,n,e,c,s,s,w,w,p,w,o,p,n,s,m
e,x,f,y,t,l,f,w,n,w,t,b,s,s,w,w,p,w,o,p,n,v,d
e,s,f,g,f,n,f,c,n,k,e,e,s,s,w,w,p,w,o,p,k,v,u
p,x,y,n,t,p,f,c,n,w,e,e,s,s,w,w,p,w,o,p,n,s,u
e,x,f,y,t,a,f,w,n,p,t,b,s,s,w,w,p,w,o,p,n,v,d
e,b,s,y,t,l,f,c,b,k,e,c,s,s,w,w,p,w,o,p,k,s,m
e,b,y,y,t,a,f,c,b,n,e,c,s,s,w,w,p,w,o,p,n,s,g
e,x,y,y,t,l,f,c,b,n,e,r,s,y,w,w,p,w,o,p,k,y,p
e,x,f,n,f,n,f,c,n,g,e,e,s,s,w,w,p,w,o,p,k,y,u
p,x,y,w,t,p,f,c,n,p,e,e,s,s,w,w,p,w,o,p,n,v,g
e,x,s,y,t,a,f,c,b,w,e,c,s,s,w,w,p,w,o,p,k,n,m
e,x,y,w,t,a,f,c,b,n,e,c,s,s,w,w,p,w,o,p,n,n,g
e,x,y,y,t,l,f,c,b,k,e,c,s,s,w,w,p,w,o,p,k,s,m
e,x,s,w,t,l,f,c,b,w,e,c,s,s,w,w,p,w,o,p,n,n,m
e,x,y,y,t,l,f,c,b,n,e,r,s,y,w,w,p,w,o,p,n,s,p
e,f,y,y,t,l,f,c,b,w,e,r,s,y,w,w,p,w,o,p,k,s,p
e,x,y,n,t,a,f,c,b,w,e,r,s,y,w,w,p,w,o,p,k,s,g
e,x,s,w,t,l,f,c,b,k,e,c,s,s,w,w,p,w,o,p,k,s,g
e,b,s,w,t,l,f,c,b,k,e,c,s,s,w,w,p,w,o,p,n,n,m
p,x,y,n,t,p,f,c,n,k,e,e,s,s,w,w,p,w,o,p,n,v,u
p,x,s,w,t,p,f,c,n,k,e,e,s,s,w,w,p,w,o,p,k,v,u
e,b,y,y,t,a,f,c,b,w,e,c,s,s,w,w,p,w,o,p,k,s,m
e,f,f,g,f,n,f,w,b,n,t,e,s,s,w,w,p,w,o,e,n,a,g
e,b,s,w,t,a,f,c,b,w,e,c,s,s,w,w,p,w,o,p,n,n,g
e,x,s,y,t,l,f,c,b,k,e,c,s,s,w,w,p,w,o,p,k,n,g
e,x,y,n,t,a,f,c,b,p,e,r,s,y,w,w,p,w,o,p,k,y,p
e,s,f,g,f,n,f,c,n,k,e,e,s,s,w,w,p,w,o,p,n,v,u
e,b,y,y,t,a,f,c,b,k,e,c,s,s,w,w,p,w,o,p,n,s,m
e,b,s,y,t,l,f,c,b,g,e,c,s,s,w,w,p,w,o,p,n,s,m
e,b,y,y,t,l,f,c,b,g,e,c,s,s,w,w,p,w,o,p,n,n,m
e,b,y,w,t,l,f,c,b,n,e,c,s,s,w,w,p,w,o,p,n,s,g
e,f,s,n,f,n,f,w,b,k,t,e,s,s,w,w,p,w,o,e,k,a,g
e,x,s,w,t,l,f,c,b,n,e,c,s,s,w,w,p,w,o,p,k,s,g
e,f,y,y,t,a,f,c,b,w,e,r,s,y,w,w,p,w,o,p,n,s,g
e,x,y,y,t,a,f,c,b,w,e,c,s,s,w,w,p,w,o,p,k,n,g
e,x,f,g,f,n,f,c,n,p,e,e,s,s,w,w,p,w,o,p,n,v,u
e,f,f,y,t,l,f,w,n,p,t,b,s,s,w,w,p,w,o,p,n,v,d
e,b,y,w,t,l,f,c,b,g,e,c,s,s,w,w,p,w,o,p,n,s,m
e,f,f,y,t,l,f,w,n,w,t,b,s,s,w,w,p,w,o,p,n,v,d
e,x,y,n,t,a,f,c,b,p,e,r,s,y,w,w,p,w,o,p,k,s,p
e,b,s,y,t,a,f,c,b,k,e,c,s,s,w,w,p,w,o,p,k,s,g
e,f,s,y,t,l,f,w,n,p,t,b,s,s,w,w,p,w,o,p,n,v,d
e,x,s,w,t,l,f,w,n,n,t,b,s,s,w,w,p,w,o,p,u,v,d
e,f,y,n,t,l,f,c,b,p,e,r,s,y,w,w,p,w,o,p,n,y,p
p,x,y,n,t,p,f,c,n,w,e,e,s,s,w,w,p,w,o,p,n,v,u
e,f,y,n,t,a,f,c,b,n,e,r,s,y,w,w,p,w,o,p,n,y,g
e,x,s,n,f,n,f,w,b,k,t,e,f,s,w,w,p,w,o,e,n,s,g
p,x,y,w,t,p,f,c,n,w,e,e,s,s,w,w,p,w,o,p,k,s,g
e,f,f,g,f,n,f,c,n,n,e,e,s,s,w,w,p,w,o,p,n,y,u
e,x,f,g,f,n,f,w,b,n,t,e,s,s,w,w,p,w,o,e,n,s,g
e,x,y,y,t,l,f,c,b,w,e,r,s,y,w,w,p,w,o,p,k,s,g
e,x,s,n,f,n,f,w,b,k,t,e,s,s,w,w,p,w,o,e,k,s,g
e,b,s,w,t,a,f,c,b,w,e,c,s,s,w,w,p,w,o,p,k,s,g
e,x,s,w,t,l,f,c,b,n,e,c,s,s,w,w,p,w,o,p,n,s,g
e,f,y,n,t,l,f,c,b,w,e,r,s,y,w,w,p,w,o,p,k,y,g
e,s,f,n,f,n,f,c,n,n,e,e,s,s,w,w,p,w,o,p,n,v,u
e,x,f,n,f,n,f,c,n,n,e,e,s,s,w,w,p,w,o,p,n,y,u
e,b,s,w,t,l,f,c,b,k,e,c,s,s,w,w,p,w,o,p,k,s,g
e,x,y,y,t,a,f,c,b,g,e,c,s,s,w,w,p,w,o,p,k,s,g
e,x,y,y,t,l,f,c,b,g,e,c,s,s,w,w,p,w,o,p,k,n,m
e,x,s,n,f,n,f,w,b,n,t,e,s,s,w,w,p,w,o,e,n,a,g
e,x,s,w,t,a,f,c,b,g,e,c,s,s,w,w,p,w,o,p,n,s,g
e,f,y,n,t,l,f,c,b,p,e,r,s,y,w,w,p,w,o,p,n,s,g
e,x,s,y,t,a,f,c,b,n,e,c,s,s,w,w,p,w,o,p,k,n,g
e,b,s,w,t,a,f,c,b,g,e,c,s,s,w,w,p,w,o,p,n,s,g
e,x,y,w,t,a,f,c,b,g,e,c,s,s,w,w,p,w,o,p,k,s,g
e,x,f,n,f,n,f,w,b,p,t,e,f,s,w,w,p,w,o,e,k,s,g
e,b,s,y,t,l,f,c,b,n,e,c,s,s,w,w,p,w,o,p,k,n,g
e,f,y,y,t,l,f,c,b,w,e,r,s,y,w,w,p,w,o,p,n,s,g
e,x,y,y,t,a,f,c,b,n,e,r,s,y,w,w,p,w,o,p,k,y,p
e,b,y,w,t,l,f,c,b,g,e,c,s,s,w,w,p,w,o,p,n,n,g
e,x,y,y,t,a,f,c,b,n,e,c,s,s,w,w,p,w,o,p,k,n,m
e,x,y,y,t,a,f,c,b,w,e,r,s,y,w,w,p,w,o,p,n,y,g
e,b,y,w,t,l,f,c,b,n,e,c,s,s,w,w,p,w,o,p,k,s,m
e,b,y,w,t,a,f,c,b,g,e,c,s,s,w,w,p,w,o,p,n,s,m
e,x,s,y,t,a,f,c,b,k,e,c,s,s,w,w,p,w,o,p,k,n,m
e,x,s,y,t,l,f,c,b,w,e,c,s,s,w,w,p,w,o,p,k,n,g
e,s,f,g,f,n,f,c,n,g,e,e,s,s,w,w,p,w,o,p,k,y,u
e,x,f,w,t,a,f,w,n,w,t,b,s,s,w,w,p,w,o,p,u,v,d
e,x,s,y,t,a,f,c,b,n,e,c,s,s,w,w,p,w,o,p,k,n,m
p,x,y,w,t,p,f,c,n,n,e,e,s,s,w,w,p,w,o,p,n,v,u
e,x,y,y,t,l,f,c,b,p,e,r,s,y,w,w,p,w,o,p,n,s,g
e,s,f,g,f,n,f,c,n,p,e,e,s,s,w,w,p,w,o,p,n,y,u
e,x,y,y,t,l,f,c,b,w,e,r,s,y,w,w,p,w,o,p,k,y,g
e,x,s,y,t,l,f,w,n,p,t,b,s,s,w,w,p,w,o,p,u,v,d
e,s,f,n,f,n,f,c,n,k,e,e,s,s,w,w,p,w,o,p,n,y,u
p,x,s,w,t,p,f,c,n,k,e,e,s,s,w,w,p,w,o,p,k,v,g
e,x,y,w,t,a,f,c,b,g,e,c,s,s,w,w,p,w,o,p,n,n,m
p,f,y,n,t,p,f,c,n,p,e,e,s,s,w,w,p,w,o,p,k,v,g
e,f,s,g,f,n,f,w,b,k,t,e,s,s,w,w,p,w,o,e,n,a,g
e,x,s,y,t,l,f,c,b,g,e,c,s,s,w,w,p,w,o,p,n,s,m
e,x,s,w,f,n,f,w,b,n,t,e,s,f,w,w,p,w,o,e,k,s,g
e,b,s,y,t,a,f,c,b,w,e,c,s,s,w,w,p,w,o,p,n,n,g
e,f,f,g,f,n,f,w,b,h,t,e,s,s,w,w,p,w,o,e,n,a,g
e,x,s,w,t,l,f,c,b,n,e,c,s,s,w,w,p,w,o,p,k,n,g
e,b,s,w,t,l,f,c,b,n,e,c,s,s,w,w,p,w,o,p,n,s,m
e,b,s,w,t,l,f,c,b,w,e,c,s,s,w,w,p,w,o,p,n,s,g
e,b,y,w,t,l,f,c,b,w,e,c,s,s,w,w,p,w,o,p,n,s,m
e,f,s,w,t,l,f,w,n,w,t,b,s,s,w,w,p,w,o,p,u,v,d
e,x,y,y,t,l,f,c,b,g,e,c,s,s,w,w,p,w,o,p,k,s,m
e,f,s,w,t,a,f,w,n,p,t,b,s,s,w,w,p,w,o,p,n,v,d
p,x,y,w,t,p,f,c,n,w,e,e,s,s,w,w,p,w,o,p,n,v,u
e,f,f,w,t,l,f,w,n,w,t,b,s,s,w,w,p,w,o,p,n,v,d
e,x,y,y,t,a,f,c,b,n,e,c,s,s,w,w,p,w,o,p,n,s,g
p,x,s,n,t,p,f,c,n,p,e,e,s,s,w,w,p,w,o,p,n,v,g
e,b,s,y,t,l,f,c,b,w,e,c,s,s,w,w,p,w,o,p,n,n,g
e,x,y,n,t,a,f,c,b,w,e,r,s,y,w,w,p,w,o,p,k,y,p
e,b,y,y,t,l,f,c,b,g,e,c,s,s,w,w,p,w,o,p,k,n,m
e,s,f,n,f,n,f,c,n,k,e,e,s,s,w,w,p,w,o,p,n,v,u
e,f,y,n,t,a,f,c,b,w,e,r,s,y,w,w,p,w,o,p,k,y,p
e,x,y,y,t,a,f,c,b,k,e,c,s,s,w,w,p,w,o,p,k,n,g
e,x,f,g,f,n,f,w,b,k,t,e,f,f,w,w,p,w,o,e,k,s,g
e,f,f,w,f,n,f,w,b,k,t,e,s,f,w,w,p,w,o,e,n,a,g
e,x,y,y,t,l,f,c,b,w,e,c,s,s,w,w,p,w,o,p,n,n,m
e,b,s,y,t,l,f,c,b,k,e,c,s,s,w,w,p,w,o,p,k,n,g
e,b,y,w,t,a,f,c,b,g,e,c,s,s,w,w,p,w,o,p,k,n,m
e,x,y,w,t,a,f,c,b,w,e,c,s,s,w,w,p,w,o,p,n,s,g
e,x,s,n,f,n,f,w,b,p,t,e,f,s,w,w,p,w,o,e,n,a,g
e,x,y,w,t,l,f,c,b,g,e,c,s,s,w,w,p,w,o,p,n,s,g
e,s,f,n,f,n,f,c,n,k,e,e,s,s,w,w,p,w,o,p,k,v,u
e,x,s,w,t,a,f,w,n,w,t,b,s,s,w,w,p,w,o,p,u,v,d
e,x,y,n,t,l,f,c,b,w,e,r,s,y,w,w,p,w,o,p,k,s,g
e,b,y,y,t,a,f,c,b,k,e,c,s,s,w,w,p,w,o,p,n,n,g
e,x,y,w,t,a,f,c,b,k,e,c,s,s,w,w,p,w,o,p,n,n,g
e,b,y,w,t,a,f,c,b,n,e,c,s,s,w,w,p,w,o,p,k,s,m
e,b,s,y,t,a,f,c,b,g,e,c,s,s,w,w,p,w,o,p,k,s,g
e,b,s,y,t,l,f,c,b,g,e,c,s,s,w,w,p,w,o,p,k,s,m
e,b,y,y,t,a,f,c,b,n,e,c,s,s,w,w,p,w,o,p,k,n,g
e,x,f,n,f,n,f,c,n,k,e,e,s,s,w,w,p,w,o,p,n,y,u
e,f,y,n,t,l,f,c,b,n,e,r,s,y,w,w,p,w,o,p,n,y,g
e,x,y,w,t,a,f,c,b,k,e,c,s,s,w,w,p,w,o,p,n,s,g
e,f,y,y,t,l,f,c,b,w,e,r,s,y,w,w,p,w,o,p,n,y,p
e,b,s,w,t,a,f,c,b,w,e,c,s,s,w,w,p,w,o,p,n,s,g
e,b,s,w,t,a,f,c,b,w,e,c,s,s,w,w,p,w,o,p,k,s,m
e,x,y,n,t,l,f,c,b,w,e,r,s,y,w,w,p,w,o,p,k,y,g
e,b,s,w,t,a,f,c,b,k,e,c,s,s,w,w,p,w,o,p,k,s,g
e,x,f,g,f,n,f,c,n,g,e,e,s,s,w,w,p,w,o,p,n,y,u
e,b,s,y,t,l,f,c,b,k,e,c,s,s,w,w,p,w,o,p,n,s,g
e,x,f,y,t,l,f,w,n,n,t,b,s,s,w,w,p,w,o,p,u,v,d
e,b,y,y,t,a,f,c,b,w,e,c,s,s,w,w,p,w,o,p,k,s,g
e,f,y,y,t,l,f,c,b,p,e,r,s,y,w,w,p,w,o,p,n,s,g
e,b,y,w,t,l,f,c,b,w,e,c,s,s,w,w,p,w,o,p,k,n,m
e,b,y,w,t,a,f,c,b,k,e,c,s,s,w,w,p,w,o,p,k,n,m
e,b,y,y,t,a,f,c,b,g,e,c,s,s,w,w,p,w,o,p,n,s,g
e,x,y,y,t,l,f,c,b,g,e,c,s,s,w,w,p,w,o,p,n,n,m
e,b,s,y,t,l,f,c,b,g,e,c,s,s,w,w,p,w,o,p,n,n,g
p,x,y,w,t,p,f,c,n,p,e,e,s,s,w,w,p,w,o,p,n,v,u
e,s,f,n,f,n,f,c,n,g,e,e,s,s,w,w,p,w,o,p,n,y,u
e,f,f,n,f,n,f,c,n,g,e,e,s,s,w,w,p,w,o,p,k,v,u
e,x,s,y,t,a,f,c,b,g,e,c,s,s,w,w,p,w,o,p,n,s,m
e,f,y,n,t,a,f,c,b,p,e,r,s,y,w,w,p,w,o,p,k,s,p
p,x,y,w,t,p,f,c,n,k,e,e,s,s,w,w,p,w,o,p,k,s,g
e,b,s,w,t,l,f,c,b,g,e,c,s,s,w,w,p,w,o,p,n,s,m
e,f,f,g,f,n,f,c,n,p,e,e,s,s,w,w,p,w,o,p,k,v,u
e,b,y,y,t,l,f,c,b,g,e,c,s,s,w,w,p,w,o,p,n,n,g
e,x,y,n,t,a,f,c,b,w,e,r,s,y,w,w,p,w,o,p,n,y,p
e,x,f,w,f,n,f,w,b,p,t,e,s,f,w,w,p,w,o,e,k,s,g
e,x,s,w,t,l,f,w,n,w,t,b,s,s,w,w,p,w,o,p,n,v,d
e,b,s,w,t,l,f,c,b,w,e,c,s,s,w,w,p,w,o,p,n,s,m
e,f,s,y,t,a,f,w,n,w,t,b,s,s,w,w,p,w,o,p,n,v,d
e,x,s,y,t,a,f,c,b,k,e,c,s,s,w,w,p,w,o,p,n,n,m
e,f,f,g,f,n,f,c,n,g,e,e,s,s,w,w,p,w,o,p,n,y,u
e,b,s,y,t,a,f,c,b,n,e,c,s,s,w,w,p,w,o,p,k,s,g
e,x,s,w,t,l,f,c,b,g,e,c,s,s,w,w,p,w,o,p,n,n,m
e,x,y,w,t,l,f,c,b,n,e,c,s,s,w,w,p,w,o,p,n,s,m
e,f,s,w,t,a,f,w,n,n,t,b,s,s,w,w,p,w,o,p,n,v,d
e,x,y,y,t,l,f,c,b,w,e,c,s,s,w,w,p,w,o,p,n,s,g
e,b,s,w,t,l,f,c,b,w,e,c,s,s,w,w,p,w,o,p,k,s,g
e,x,s,w,t,a,f,c,b,g,e,c,s,s,w,w,p,w,o,p,k,n,g
e,x,f,w,f,n,f,w,b,h,t,e,f,s,w,w,p,w,o,e,k,s,g
e,f,y,n,t,l,f,c,b,n,e,r,s,y,w,w,p,w,o,p,k,y,p
p,x,s,w,t,p,f,c,n,k,e,e,s,s,w,w,p,w,o,p,n,v,u
e,b,s,w,t,a,f,c,b,n,e,c,s,s,w,w,p,w,o,p,n,n,g
e,b,s,w,t,a,f,c,b,k,e,c,s,s,w,w,p,w,o,p,k,s,m
e,b,y,w,t,l,f,c,b,n,e,c,s,s,w,w,p,w,o,p,n,n,g
e,b,y,w,t,a,f,c,b,w,e,c,s,s,w,w,p,w,o,p,k,n,g
e,x,s,y,t,a,f,c,b,w,e,c,s,s,w,w,p,w,o,p,k,s,g
e,b,s,w,t,l,f,c,b,w,e,c,s,s,w,w,p,w,o,p,k,n,m
e,x,f,y,t,a,f,w,n,n,t,b,s,s,w,w,p,w,o,p,n,v,d
e,x,f,g,f,n,f,c,n,n,e,e,s,s,w,w,p,w,o,p,n,y,u
e,f,y,y,t,a,f,c,b,n,e,r,s,y,w,w,p,w,o,p,n,s,g
e,b,s,w,t,l,f,c,b,n,e,c,s,s,w,w,p,w,o,p,k,n,m
e,x,s,y,t,a,f,c,b,g,e,c,s,s,w,w,p,w,o,p,k,s,g
e,x,y,y,t,a,f,c,b,k,e,c,s,s,w,w,p,w,o,p,k,s,g
e,x,y,w,t,l,f,c,b,w,e,c,s,s,w,w,p,w,o,p,n,s,g
e,s,f,g,f,n,f,c,n,p,e,e,s,s,w,w,p,w,o,p,n,v,u
e,x,s,w,t,a,f,c,b,n,e,c,s,s,w,w,p,w,o,p,n,n,m
p,x,s,w,t,p,f,c,n,k,e,e,s,s,w,w,p,w,o,p,k,s,g
e,x,y,y,t,a,f,c,b,n,e,r,s,y,w,w,p,w,o,p,n,s,g
e,f,f,w,t,a,f,w,n,p,t,b,s,s,w,w,p,w,o,p,n,v,d
e,x,y,w,t,l,f,c,b,g,e,c,s,s,w,w,p,w,o,p,k,n,m
e,b,y,w,t,l,f,c,b,n,e,c,s,s,w,w,p,w,o,p,k,s,g
e,x,s,w,t,a,f,c,b,g,e,c,s,s,w,w,p,w,o,p,n,n,g
e,x,s,y,t,a,f,c,b,g,e,c,s,s,w,w,p,w,o,p,n,s,g
p,x,y,n,t,p,f,c,n,p,e,e,s,s,w,w,p,w,o,p,k,v,u
e,b,s,y,t,a,f,c,b,n,e,c,s,s,w,w,p,w,o,p,n,n,g
e,x,f,g,f,n,f,c,n,n,e,e,s,s,w,w,p,w,o,p,k,y,u
p,x,y,w,t,p,f,c,n,k,e,e,s,s,w,w,p,w,o,p,k,s,u
e,x,y,y,t,l,f,c,b,n,e,r,s,y,w,w,p,w,o,p,n,y,p
e,f,f,n,f,n,f,c,n,k,e,e,s,s,w,w,p,w,o,p,k,v,u
e,b,s,w,t,l,f,c,b,k,e,c,s,s,w,w,p,w,o,p,n,n,g
e,x,f,w,t,l,f,w,n,w,t,b,s,s,w,w,p,w,o,p,n,v,d
e,x,y,w,t,l,f,c,b,w,e,c,s,s,w,w,p,w,o,p,k,s,g
e,b,y,y,t,l,f,c,b,n,e,c,s,s,w,w,p,w,o,p,n,s,g
e,x,y,y,t,l,f,c,b,n,e,r,s,y,w,w,p,w,o,p,k,s,g
e,f,y,y,t,a,f,c,b,p,e,r,s,y,w,w,p,w,o,p,k,s,p
e,f,y,y,t,a,f,c,b,w,e,r,s,y,w,w,p,w,o,p,k,y,p
e,x,s,w,t,l,f,c,b,w,e,c,s,s,w,w,p,w,o,p,k,s,g
e,x,s,w,t,a,f,c,b,w,e,c,s,s,w,w,p,w,o,p,n,n,m
p,x,s,w,t,p,f,c,n,n,e,e,s,s,w,w,p,w,o,p,k,v,u
e,f,f,w,t,a,f,w,n,p,t,b,s,s,w,w,p,w,o,p,u,v,d
e,x,s,w,t,l,f,c,b,w,e,c,s,s,w,w,p,w,o,p,n,s,g
e,x,s,w,t,l,f,w,n,p,t,b,s,s,w,w,p,w,o,p,u,v,d
e,x,y,w,t,a,f,c,b,n,e,c,s,s,w,w,p,w,o,p,k,s,m
e,f,y,y,t,l,f,c,b,w,e,r,s,y,w,w,p,w,o,p,k,y,p
e,x,s,n,f,n,f,w,b,p,t,e,f,s,w,w,p,w,o,e,k,s,g
e,f,y,y,t,a,f,c,b,w,e,r,s,y,w,w,p,w,o,p,n,y,g
p,x,s,n,t,p,f,c,n,p,e,e,s,s,w,w,p,w,o,p,n,s,g
e,s,f,n,f,n,f,c,n,g,e,e,s,s,w,w,p,w,o,p,n,v,u
e,b,y,y,t,l,f,c,b,w,e,c,s,s,w,w,p,w,o,p,n,s,m
e,b,s,w,t,l,f,c,b,n,e,c,s,s,w,w,p,w,o,p,n,s,g
e,b,y,w,t,l,f,c,b,k,e,c,s,s,w,w,p,w,o,p,n,n,m
e,f,f,n,f,n,f,c,n,k,e,e,s,s,w,w,p,w,o,p,n,v,u
e,x,s,w,t,a,f,c,b,w,e,c,s,s,w,w,p,w,o,p,k,n,m
e,b,y,w,t,l,f,c,b,g,e,c,s,s,w,w,p,w,o,p,k,n,g
e,b,y,w,t,a,f,c,b,g,e,c,s,s,w,w,p,w,o,p,n,n,m
e,f,y,n,t,l,f,c,b,w,e,r,s,y,w,w,p,w,o,p,n,s,g
p,x,y,w,t,p,f,c,n,k,e,e,s,s,w,w,p,w,o,p,k,v,g
e,x,s,w,t,a,f,c,b,n,e,c,s,s,w,w,p,w,o,p,n,n,g
e,x,y,w,t,a,f,c,b,n,e,c,s,s,w,w,p,w,o,p,n,s,m
e,f,f,w,t,l,f,w,n,w,t,b,s,s,w,w,p,w,o,p,u,v,d
e,f,f,g,f,n,f,c,n,g,e,e,s,s,w,w,p,w,o,p,k,v,u
e,f,s,g,f,n,f,w,b,p,t,e,s,s,w,w,p,w,o,e,k,a,g
e,x,y,y,t,a,f,c,b,g,e,c,s,s,w,w,p,w,o,p,n,s,m
e,b,s,w,t,a,f,c,b,k,e,c,s,s,w,w,p,w,o,p,n,s,m
p,f,y,n,t,p,f,c,n,w,e,e,s,s,w,w,p,w,o,p,k,s,u
e,x,s,w,t,l,f,c,b,n,e,c,s,s,w,w,p,w,o,p,k,n,m
p,f,s,n,t,p,f,c,n,w,e,e,s,s,w,w,p,w,o,p,k,v,u
e,x,y,w,t,l,f,c,b,k,e,c,s,s,w,w,p,w,o,p,n,s,g
e,x,y,y,t,a,f,c,b,k,e,c,s,s,w,w,p,w,o,p,n,n,m
e,f,y,y,t,a,f,c,b,n,e,r,s,y,w,w,p,w,o,p,n,s,p
e,x,y,n,t,a,f,c,b,w,e,r,s,y,w,w,p,w,o,p,n,s,p
e,f,y,n,t,a,f,c,b,w,e,r,s,y,w,w,p,w,o,p,n,y,g
e,x,y,w,t,a,f,c,b,w,e,c,s,s,w,w,p,w,o,p,n,n,m
e,f,f,n,f,n,f,w,b,h,t,e,s,s,w,w,p,w,o,e,k,s,g
e,x,s,y,t,l,f,c,b,k,e,c,s,s,w,w,p,w,o,p,n,n,m
p,x,y,w,t,p,f,c,n,w,e,e,s,s,w,w,p,w,o,p,n,s,g
e,b,y,y,t,a,f,c,b,n,e,c,s,s,w,w,p,w,o,p,n,n,m
e,s,f,n,f,n,f,c,n,p,e,e,s,s,w,w,p,w,o,p,n,v,u
e,x,s,y,t,l,f,c,b,k,e,c,s,s,w,w,p,w,o,p,k,s,m
e,b,y,w,t,l,f,c,b,n,e,c,s,s,w,w,p,w,o,p,k,n,m
e,f,y,n,t,a,f,c,b,n,e,r,s,y,w,w,p,w,o,p,k,s,g
e,b,y,y,t,a,f,c,b,g,e,c,s,s,w,w,p,w,o,p,k,s,m
e,b,y,w,t,a,f,c,b,g,e,c,s,s,w,w,p,w,o,p,k,s,g
e,x,y,n,t,l,f,c,b,n,e,r,s,y,w,w,p,w,o,p,n,y,p
e,f,f,g,f,n,f,c,n,p,e,e,s,s,w,w,p,w,o,p,n,y,u
e,x,f,g,f,n,f,c,n,g,e,e,s,s,w,w,p,w,o,p,k,y,u
e,b,y,y,t,l,f,c,b,n,e,c,s,s,w,w,p,w,o,p,k,s,g
e,x,s,y,t,l,f,c,b,n,e,c,s,s,w,w,p,w,o,p,k,s,m
e,b,y,w,t,l,f,c,b,k,e,c,s,s,w,w,p,w,o,p,n,s,g
e,x,s,w,t,a,f,c,b,g,e,c,s,s,w,w,p,w,o,p,k,s,m
e,b,s,y,t,a,f,c,b,g,e,c,s,s,w,w,p,w,o,p,n,n,m
e,x,s,y,t,a,f,c,b,k,e,c,s,s,w,w,p,w,o,p,k,s,m
e,x,f,g,f,n,f,w,b,p,t,e,f,f,w,w,p,w,o,e,k,s,g
e,f,s,y,t,a,f,w,n,p,t,b,s,s,w,w,p,w,o,p,n,v,d
p,x,y,w,t,p,f,c,n,p,e,e,s,s,w,w,p,w,o,p,k,s,g
e,x,f,w,f,n,f,w,b,k,t,e,f,s,w,w,p,w,o,e,k,a,g
e,b,y,w,t,a,f,c,b,w,e,c,s,s,w,w,p,w,o,p,k,s,g
e,x,s,y,t,l,f,w,n,w,t,b,s,s,w,w,p,w,o,p,n,v,d
e,b,y,w,t,a,f,c,b,n,e,c,s,s,w,w,p,w,o,p,k,s,g
e,x,y,w,t,l,f,c,b,g,e,c,s,s,w,w,p,w,o,p,k,s,g
e,x,f,n,t,n,f,c,b,p,t,b,s,s,g,p,p,w,o,p,n,y,d
e,b,y,w,t,l,f,c,b,k,e,c,s,s,w,w,p,w,o,p,n,s,m
e,x,s,y,t,l,f,c,b,g,e,c,s,s,w,w,p,w,o,p,n,n,m
e,f,y,n,t,a,f,c,b,p,e,r,s,y,w,w,p,w,o,p,k,y,g
e,x,f,w,f,n,f,w,b,n,t,e,s,s,w,w,p,w,o,e,n,s,g
e,x,s,y,t,l,f,c,b,w,e,c,s,s,w,w,p,w,o,p,k,s,g
p,x,y,w,t,p,f,c,n,n,e,e,s,s,w,w,p,w,o,p,n,v,g
e,x,y,y,t,l,f,c,b,n,e,c,s,s,w,w,p,w,o,p,k,s,g
e,x,f,w,t,a,f,w,n,p,t,b,s,s,w,w,p,w,o,p,n,v,d
e,b,s,y,t,a,f,c,b,g,e,c,s,s,w,w,p,w,o,p,n,n,g
p,x,y,w,t,p,f,c,n,k,e,e,s,s,w,w,p,w,o,p,k,v,u
e,x,s,y,t,a,f,w,n,w,t,b,s,s,w,w,p,w,o,p,n,v,d
e,x,y,w,t,a,f,c,b,k,e,c,s,s,w,w,p,w,o,p,k,n,m
e,x,f,w,t,l,f,w,n,n,t,b,s,s,w,w,p,w,o,p,n,v,d
e,f,s,w,t,l,f,w,n,w,t,b,s,s,w,w,p,w,o,p,n,v,d
e,x,y,y,t,l,f,c,b,k,e,c,s,s,w,w,p,w,o,p,n,s,m
e,f,f,y,t,a,f,w,n,w,t,b,s,s,w,w,p,w,o,p,u,v,d
e,x,s,w,t,a,f,c,b,w,e,c,s,s,w,w,p,w,o,p,k,s,g
e,b,y,y,t,a,f,c,b,n,e,c,s,s,w,w,p,w,o,p,k,s,m
e,x,y,n,t,l,f,c,b,p,e,r,s,y,w,w,p,w,o,p,n,s,p
e,b,y,w,t,l,f,c,b,k,e,c,s,s,w,w,p,w,o,p,k,n,g
e,x,s,y,t,a,f,c,b,n,e,c,s,s,w,w,p,w,o,p,n,s,m
p,x,y,n,t,p,f,c,n,n,e,e,s,s,w,w,p,w,o,p,n,v,u
e,b,s,y,t,l,f,c,b,w,e,c,s,s,w,w,p,w,o,p,k,n,g
e,b,y,w,t,a,f,c,b,g,e,c,s,s,w,w,p,w,o,p,k,n,g
p,x,y,n,t,p,f,c,n,w,e,e,s,s,w,w,p,w,o,p,k,v,u
e,b,s,w,t,l,f,c,b,n,e,c,s,s,w,w,p,w,o,p,k,s,m
e,b,y,y,t,l,f,c,b,w,e,c,s,s,w,w,p,w,o,p,n,n,m
e,b,y,y,t,a,f,c,b,n,e,c,s,s,w,w,p,w,o,p,k,s,g
e,x,y,w,t,l,f,c,b,g,e,c,s,s,w,w,p,w,o,p,n,n,g
e,x,f,n,t,n,f,c,b,p,t,b,s,s,p,w,p,w,o,p,k,y,d
e,x,y,n,t,a,f,c,b,w,e,r,s,y,w,w,p,w,o,p,k,y,g
e,b,s,y,t,l,f,c,b,n,e,c,s,s,w,w,p,w,o,p,n,s,g
e,x,f,g,f,n,f,c,n,g,e,e,s,s,w,w,p,w,o,p,n,v,u
e,x,y,n,t,l,f,c,b,n,e,r,s,y,w,w,p,w,o,p,k,y,g
e,x,s,w,t,a,f,c,b,k,e,c,s,s,w,w,p,w,o,p,n,s,g
e,b,y,w,t,a,f,c,b,n,e,c,s,s,w,w,p,w,o,p,k,n,g
e,x,s,y,t,a,f,c,b,g,e,c,s,s,w,w,p,w,o,p,k,s,m
e,f,f,y,t,a,f,w,n,p,t,b,s,s,w,w,p,w,o,p,n,v,d
e,b,y,y,t,l,f,c,b,g,e,c,s,s,w,w,p,w,o,p,n,s,g
e,x,f,n,f,n,f,w,b,n,t,e,s,f,w,w,p,w,o,e,n,a,g
e,x,f,y,t,l,f,w,n,n,t,b,s,s,w,w,p,w,o,p,n,v,d
e,x,s,y,t,a,f,c,b,n,e,c,s,s,w,w,p,w,o,p,n,n,m
e,f,s,g,f,n,f,w,b,n,t,e,s,f,w,w,p,w,o,e,k,s,g
e,x,f,n,f,n,f,c,n,g,e,e,s,s,w,w,p,w,o,p,n,y,u
e,f,s,g,f,n,f,w,b,h,t,e,f,f,w,w,p,w,o,e,n,a,g
e,f,y,n,t,a,f,c,b,p,e,r,s,y,w,w,p,w,o,p,n,s,p
e,b,y,w,t,a,f,c,b,k,e,c,s,s,w,w,p,w,o,p,n,s,g
e,b,s,y,t,a,f,c,b,k,e,c,s,s,w,w,p,w,o,p,k,s,m
e,x,y,y,t,l,f,c,b,w,e,r,s,y,w,w,p,w,o,p,k,s,p
e,s,f,g,f,n,f,c,n,g,e,e,s,s,w,w,p,w,o,p,n,v,u
e,f,y,n,t,a,f,c,b,p,e,r,s,y,w,w,p,w,o,p,n,y,p
p,x,y,n,t,p,f,c,n,k,e,e,s,s,w,w,p,w,o,p,k,s,u
e,x,y,y,t,a,f,c,b,p,e,r,s,y,w,w,p,w,o,p,n,y,p
e,x,y,y,t,a,f,c,b,w,e,c,s,s,w,w,p,w,o,p,n,s,g
e,x,f,n,f,n,f,w,b,h,t,e,s,f,w,w,p,w,o,e,n,s,g
e,x,f,n,f,n,f,w,b,p,t,e,f,f,w,w,p,w,o,e,k,a,g
e,f,s,n,f,n,f,w,b,k,t,e,f,s,w,w,p,w,o,e,k,a,g
e,f,y,n,t,a,f,c,b,n,e,r,s,y,w,w,p,w,o,p,n,s,p
e,x,s,y,t,a,f,c,b,w,e,c,s,s,w,w,p,w,o,p,k,n,g
e,f,f,n,f,n,f,c,n,p,e,e,s,s,w,w,p,w,o,p,k,v,u
e,x,y,y,t,a,f,c,b,w,e,r,s,y,w,w,p,w,o,p,n,s,p
e,x,f,y,t,a,f,w,n,p,t,b,s,s,w,w,p,w,o,p,u,v,d
e,b,y,y,t,a,f,c,b,g,e,c,s,s,w,w,p,w,o,p,n,n,g
e,x,f,g,f,n,f,w,b,n,t,e,s,s,w,w,p,w,o,e,k,s,g
e,x,y,y,t,a,f,c,b,w,e,r,s,y,w,w,p,w,o,p,n,s,g
e,f,y,n,t,l,f,c,b,n,e,r,s,y,w,w,p,w,o,p,k,y,g
e,x,s,y,t,a,f,c,b,w,e,c,s,s,w,w,p,w,o,p,k,s,m
e,s,f,n,f,n,f,c,n,n,e,e,s,s,w,w,p,w,o,p,n,y,u
e,x,s,w,t,a,f,c,b,k,e,c,s,s,w,w,p,w,o,p,k,s,m
e,b,s,w,t,l,f,c,b,n,e,c,s,s,w,w,p,w,o,p,k,n,g
e,s,f,n,f,n,f,c,n,k,e,e,s,s,w,w,p,w,o,p,k,y,u
e,b,y,y,t,l,f,c,b,n,e,c,s,s,w,w,p,w,o,p,n,n,m
e,x,y,y,t,l,f,c,b,k,e,c,s,s,w,w,p,w,o,p,n,n,g
e,b,y,y,t,a,f,c,b,k,e,c,s,s,w,w,p,w,o,p,n,s,g
p,x,y,n,t,p,f,c,n,p,e,e,s,s,w,w,p,w,o,p,k,s,u
e,x,s,w,f,n,f,w,b,k,t,e,f,s,w,w,p,w,o,e,n,s,g
e,x,y,w,t,a,f,c,b,w,e,c,s,s,w,w,p,w,o,p,k,s,m
e,b,s,w,t,a,f,c,b,g,e,c,s,s,w,w,p,w,o,p,n,n,g
e,x,f,n,t,n,f,c,b,n,t,b,s,s,g,w,p,w,o,p,n,y,d
p,x,s,n,t,p,f,c,n,w,e,e,s,s,w,w,p,w,o,p,n,s,u
e,x,y,n,t,l,f,c,b,w,e,r,s,y,w,w,p,w,o,p,k,y,p
e,x,s,n,f,n,f,w,b,n,t,e,s,s,w,w,p,w,o,e,k,a,g
e,b,y,y,t,l,f,c,b,n,e,c,s,s,w,w,p,w,o,p,k,n,m
e,x,s,y,t,a,f,c,b,w,e,c,s,s,w,w,p,w,o,p,n,n,m
e,b,s,y,t,a,f,c,b,n,e,c,s,s,w,w,p,w,o,p,n,s,m
e,x,s,y,t,l,f,c,b,g,e,c,s,s,w,w,p,w,o,p,k,n,m
e,b,y,w,t,a,f,c,b,n,e,c,s,s,w,w,p,w,o,p,n,n,g
e,x,f,g,f,n,f,c,n,k,e,e,s,s,w,w,p,w,o,p,n,v,u
e,f,y,n,t,a,f,c,b,w,e,r,s,y,w,w,p,w,o,p,k,s,g
e,x,f,g,f,n,f,w,b,h,t,e,f,f,w,w,p,w,o,e,n,a,g
e,x,s,w,t,l,f,c,b,k,e,c,s,s,w,w,p,w,o,p,n,n,m
e,x,y,y,t,l,f,c,b,w,e,c,s,s,w,w,p,w,o,p,n,s,m
e,x,f,g,f,n,f,c,n,n,e,e,s,s,w,w,p,w,o,p,k,v,u
p,x,s,n,t,p,f,c,n,p,e,e,s,s,w,w,p,w,o,p,n,s,u
e,b,y,w,t,l,f,c,b,w,e,c,s,s,w,w,p,w,o,p,n,n,g
e,b,y,w,t,a,f,c,b,n,e,c,s,s,w,w,p,w,o,p,k,n,m
p,x,y,n,t,p,f,c,n,p,e,e,s,s,w,w,p,w,o,p,n,v,u
e,b,s,y,t,l,f,c,b,w,e,c,s,s,w,w,p,w,o,p,n,s,m
e,x,s,w,t,l,f,c,b,k,e,c,s,s,w,w,p,w,o,p,n,s,m
e,x,y,y,t,l,f,c,b,n,e,c,s,s,w,w,p,w,o,p,k,s,m
e,b,y,y,t,l,f,c,b,n,e,c,s,s,w,w,p,w,o,p,n,n,g
e,x,s,w,t,a,f,c,b,g,e,c,s,s,w,w,p,w,o,p,n,s,m
e,x,s,w,t,a,f,c,b,g,e,c,s,s,w,w,p,w,o,p,k,s,g
e,x,y,n,t,l,f,c,b,w,e,r,s,y,w,w,p,w,o,p,n,y,p
e,x,s,w,t,a,f,c,b,w,e,c,s,s,w,w,p,w,o,p,n,s,m
e,x,s,n,f,n,f,w,b,n,t,e,f,f,w,w,p,w,o,e,k,s,g
e,x,y,n,t,l,f,c,b,n,e,r,s,y,w,w,p,w,o,p,n,s,p
e,x,y,y,t,l,f,c,b,n,e,r,s,y,w,w,p,w,o,p,k,y,g
p,x,y,n,t,p,f,c,n,k,e,e,s,s,w,w,p,w,o,p,k,v,g
e,b,y,y,t,a,f,c,b,w,e,c,s,s,w,w,p,w,o,p,n,n,g
e,x,f,w,t,l,f,w,n,p,t,b,s,s,w,w,p,w,o,p,u,v,d
p,x,s,n,t,p,f,c,n,w,e,e,s,s,w,w,p,w,o,p,k,s,u
e,x,y,y,t,l,f,c,b,k,e,c,s,s,w,w,p,w,o,p,k,n,g
e,f,f,g,f,n,f,w,b,h,t,e,f,f,w,w,p,w,o,e,n,a,g
e,x,y,w,t,l,f,c,b,n,e,c,s,s,w,w,p,w,o,p,k,s,g
e,b,y,w,t,a,f,c,b,w,e,c,s,s,w,w,p,w,o,p,n,s,m
p,x,y,n,t,p,f,c,n,p,e,e,s,s,w,w,p,w,o,p,n,s,u
e,f,y,n,t,l,f,c,b,w,e,r,s,y,w,w,p,w,o,p,k,s,g
e,x,s,w,t,l,f,c,b,n,e,c,s,s,w,w,p,w,o,p,n,n,m
e,x,s,w,t,a,f,w,n,n,t,b,s,s,w,w,p,w,o,p,n,v,d
e,f,y,n,t,a,f,c,b,n,e,r,s,y,w,w,p,w,o,p,n,y,p
e,b,s,w,t,a,f,c,b,k,e,c,s,s,w,w,p,w,o,p,n,n,m
e,x,s,w,f,n,f,w,b,p,t,e,f,f,w,w,p,w,o,e,k,a,g
e,f,f,g,f,n,f,c,n,n,e,e,s,s,w,w,p,w,o,p,n,v,u
e,x,y,w,t,a,f,c,b,g,e,c,s,s,w,w,p,w,o,p,n,s,g
e,x,y,y,t,l,f,c,b,n,e,r,s,y,w,w,p,w,o,p,n,y,g
e,b,s,y,t,l,f,c,b,g,e,c,s,s,w,w,p,w,o,p,n,s,g
e,b,s,y,t,l,f,c,b,w,e,c,s,s,w,w,p,w,o,p,k,s,g
e,f,s,w,t,l,f,w,n,n,t,b,s,s,w,w,p,w,o,p,n,v,d
e,b,s,w,t,a,f,c,b,w,e,c,s,s,w,w,p,w,o,p,k,n,m
e,x,f,y,t,a,f,w,n,n,t,b,s,s,w,w,p,w,o,p,u,v,d
e,x,y,w,t,l,f,c,b,g,e,c,s,s,w,w,p,w,o,p,n,n,m
e,b,y,y,t,l,f,c,b,k,e,c,s,s,w,w,p,w,o,p,n,n,m
e,x,y,n,t,a,f,c,b,p,e,r,s,y,w,w,p,w,o,p,n,y,p
e,x,y,w,t,l,f,c,b,n,e,c,s,s,w,w,p,w,o,p,k,s,m
e,x,y,w,t,l,f,c,b,g,e,c,s,s,w,w,p,w,o,p,k,s,m
e,x,y,y,t,a,f,c,b,p,e,r,s,y,w,w,p,w,o,p,k,y,p
e,x,y,w,t,l,f,c,b,n,e,c,s,s,w,w,p,w,o,p,k,n,m
e,x,s,y,t,l,f,c,b,w,e,c,s,s,w,w,p,w,o,p,k,n,m
e,x,y,n,t,l,f,c,b,p,e,r,s,y,w,w,p,w,o,p,k,s,g
e,x,s,w,t,l,f,c,b,n,e,c,s,s,w,w,p,w,o,p,n,n,g
e,f,y,n,t,l,f,c,b,n,e,r,s,y,w,w,p,w,o,p,k,s,g
e,b,s,w,t,l,f,c,b,w,e,c,s,s,w,w,p,w,o,p,k,s,m
e,x,f,n,t,n,f,c,b,n,t,b,s,s,g,p,p,w,o,p,n,y,d
e,x,y,w,t,l,f,c,b,k,e,c,s,s,w,w,p,w,o,p,n,s,m
e,b,s,w,t,l,f,c,b,g,e,c,s,s,w,w,p,w,o,p,k,n,g
e,b,s,y,t,l,f,c,b,g,e,c,s,s,w,w,p,w,o,p,k,n,m
e,x,f,y,t,l,f,w,n,p,t,b,s,s,w,w,p,w,o,p,n,v,d
e,b,s,w,t,l,f,c,b,g,e,c,s,s,w,w,p,w,o,p,n,n,m
e,x,s,g,f,n,f,w,b,h,t,e,s,f,w,w,p,w,o,e,k,a,g
e,b,s,w,t,a,f,c,b,k,e,c,s,s,w,w,p,w,o,p,n,n,g
e,b,s,y,t,l,f,c,b,w,e,c,s,s,w,w,p,w,o,p,k,s,m
e,f,y,y,t,a,f,c,b,n,e,r,s,y,w,w,p,w,o,p,k,y,p
e,f,y,n,t,a,f,c,b,w,e,r,s,y,w,w,p,w,o,p,n,y,p
e,x,s,w,t,a,f,c,b,k,e,c,s,s,w,w,p,w,o,p,n,s,m
e,f,y,y,t,l,f,c,b,n,e,r,s,y,w,w,p,w,o,p,n,s,g
e,b,s,w,t,a,f,c,b,g,e,c,s,s,w,w,p,w,o,p,k,s,g
e,x,y,y,t,a,f,c,b,w,e,c,s,s,w,w,p,w,o,p,n,n,m
e,x,f,n,f,n,f,c,n,k,e,e,s,s,w,w,p,w,o,p,k,v,u
e,f,y,n,t,a,f,c,b,p,e,r,s,y,w,w,p,w,o,p,n,y,g
e,x,s,w,t,a,f,c,b,g,e,c,s,s,w,w,p,w,o,p,k,n,m
e,x,s,y,t,l,f,c,b,g,e,c,s,s,w,w,p,w,o,p,k,n,g
e,b,y,y,t,l,f,c,b,g,e,c,s,s,w,w,p,w,o,p,k,n,g
e,f,y,y,t,a,f,c,b,w,e,r,s,y,w,w,p,w,o,p,n,s,p
e,x,y,y,t,l,f,c,b,g,e,c,s,s,w,w,p,w,o,p,k,n,g
e,x,y,w,t,a,f,c,b,w,e,c,s,s,w,w,p,w,o,p,k,n,m
e,f,f,w,t,a,f,w,n,n,t,b,s,s,w,w,p,w,o,p,u,v,d
e,s,f,g,f,n,f,c,n,k,e,e,s,s,w,w,p,w,o,p,k,y,u
e,f,s,y,t,l,f,w,n,n,t,b,s,s,w,w,p,w,o,p,n,v,d
e,f,f,g,f,n,f,c,n,k,e,e,s,s,w,w,p,w,o,p,k,y,u
e,x,f,n,f,n,f,c,n,p,e,e,s,s,w,w,p,w,o,p,n,y,u
e,b,y,w,t,a,f,c,b,w,e,c,s,s,w,w,p,w,o,p,n,n,g
e,x,s,w,t,a,f,w,n,p,t,b,s,s,w,w,p,w,o,p,n,v,d
e,b,y,y,t,l,f,c,b,n,e,c,s,s,w,w,p,w,o,p,k,s,m
e,b,y,y,t,a,f,c,b,k,e,c,s,s,w,w,p,w,o,p,k,s,m
e,b,y,y,t,l,f,c,b,g,e,c,s,s,w,w,p,w,o,p,k,s,g
e,f,s,w,t,l,f,w,n,p,t,b,s,s,w,w,p,w,o,p,u,v,d
e,f,f,g,f,n,f,c,n,g,e,e,s,s,w,w,p,w,o,p,k,y,u
e,f,s,w,t,a,f,w,n,w,t,b,s,s,w,w,p,w,o,p,n,v,d
e,f,y,y,t,a,f,c,b,p,e,r,s,y,w,w,p,w,o,p,k,y,g
e,x,y,w,t,l,f,c,b,w,e,c,s,s,w,w,p,w,o,p,n,s,m
e,s,f,n,f,n,f,c,n,p,e,e,s,s,w,w,p,w,o,p,n,y,u
e,x,y,n,t,l,f,c,b,n,e,r,s,y,w,w,p,w,o,p,k,s,p
e,x,y,n,t,a,f,c,b,n,e,r,s,y,w,w,p,w,o,p,k,s,p
e,f,f,y,t,a,f,w,n,n,t,b,s,s,w,w,p,w,o,p,u,v,d
p,f,s,n,t,p,f,c,n,p,e,e,s,s,w,w,p,w,o,p,n,s,g
p,x,s,n,t,p,f,c,n,k,e,e,s,s,w,w,p,w,o,p,n,v,u
e,f,y,n,t,l,f,c,b,w,e,r,s,y,w,w,p,w,o,p,n,s,p
e,x,y,y,t,a,f,c,b,w,e,r,s,y,w,w,p,w,o,p,k,s,g
e,b,s,y,t,a,f,c,b,k,e,c,s,s,w,w,p,w,o,p,n,n,m
e,f,f,w,f,n,f,w,b,h,t,e,f,s,w,w,p,w,o,e,n,a,g
e,f,y,n,t,a,f,c,b,p,e,r,s,y,w,w,p,w,o,p,n,s,g
e,x,y,w,t,a,f,c,b,n,e,c,s,s,w,w,p,w,o,p,n,s,g
e,b,s,y,t,l,f,c,b,w,e,c,s,s,w,w,p,w,o,p,k,n,m
e,x,s,y,t,a,f,c,b,w,e,c,s,s,w,w,p,w,o,p,n,n,g
e,b,y,y,t,a,f,c,b,g,e,c,s,s,w,w,p,w,o,p,k,n,g
e,x,s,w,t,l,f,c,b,g,e,c,s,s,w,w,p,w,o,p,k,n,m
e,b,s,y,t,a,f,c,b,w,e,c,s,s,w,w,p,w,o,p,k,s,m
e,b,y,y,t,a,f,c,b,w,e,c,s,s,w,w,p,w,o,p,n,s,g
p,x,s,n,t,p,f,c,n,n,e,e,s,s,w,w,p,w,o,p,n,v,g
e,x,s,g,f,n,f,w,b,p,t,e,s,s,w,w,p,w,o,e,n,s,g
e,f,s,n,f,n,f,w,b,p,t,e,f,s,w,w,p,w,o,e,n,a,g
e,x,f,w,t,a,f,w,n,n,t,b,s,s,w,w,p,w,o,p,n,v,d
e,f,f,g,f,n,f,c,n,p,e,e,s,s,w,w,p,w,o,p,n,v,u
e,f,f,n,f,n,f,c,n,k,e,e,s,s,w,w,p,w,o,p,n,y,u
e,b,y,y,t,a,f,c,b,k,e,c,s,s,w,w,p,w,o,p,k,s,g
e,x,f,w,t,a,f,w,n,n,t,b,s,s,w,w,p,w,o,p,u,v,d
e,s,f,g,f,n,f,c,n,n,e,e,s,s,w,w,p,w,o,p,n,v,u
e,x,f,n,f,n,f,c,n,k,e,e,s,s,w,w,p,w,o,p,n,v,u
e,x,f,w,f,n,f,w,b,h,t,e,f,s,w,w,p,w,o,e,n,a,g
e,x,y,n,t,l,f,c,b,n,e,r,s,y,w,w,p,w,o,p,k,y,p
e,b,s,y,t,a,f,c,b,k,e,c,s,s,w,w,p,w,o,p,k,n,g
e,x,y,w,t,l,f,c,b,k,e,c,s,s,w,w,p,w,o,p,k,s,g
e,x,y,y,t,a,f,c,b,k,e,c,s,s,w,w,p,w,o,p,n,n,g
e,x,s,w,t,l,f,c,b,w,e,c,s,s,w,w,p,w,o,p,k,n,m
e,b,s,w,t,l,f,c,b,n,e,c,s,s,w,w,p,w,o,p,k,s,g
e,f,y,y,t,a,f,c,b,p,e,r,s,y,w,w,p,w,o,p,n,y,p
p,x,s,n,t,p,f,c,n,n,e,e,s,s,w,w,p,w,o,p,n,s,u
e,f,f,g,f,n,f,c,n,n,e,e,s,s,w,w,p,w,o,p,k,y,u
e,b,s,y,t,l,f,c,b,w,e,c,s,s,w,w,p,w,o,p,n,s,g
e,f,y,n,t,a,f,c,b,w,e,r,s,y,w,w,p,w,o,p,n,s,p
e,x,s,y,t,a,f,c,b,k,e,c,s,s,w,w,p,w,o,p,n,s,m
e,x,f,n,f,n,f,c,n,k,e,e,s,s,w,w,p,w,o,p,k,y,u
e,f,y,y,t,a,f,c,b,w,e,r,s,y,w,w,p,w,o,p,n,y,p
e,x,y,n,t,a,f,c,b,n,e,r,s,y,w,w,p,w,o,p,n,y,p
e,x,s,w,t,a,f,c,b,n,e,c,s,s,w,w,p,w,o,p,k,s,g
p,x,y,w,t,p,f,c,n,n,e,e,s,s,w,w,p,w,o,p,k,s,g
e,f,y,n,t,l,f,c,b,w,e,r,s,y,w,w,p,w,o,p,k,y,p
p,f,s,n,t,p,f,c,n,k,e,e,s,s,w,w,p,w,o,p,k,s,g
e,x,f,w,f,n,f,w,b,k,t,e,f,s,w,w,p,w,o,e,k,s,g
e,b,y,w,t,a,f,c,b,k,e,c,s,s,w,w,p,w,o,p,k,s,m
e,s,f,n,f,n,f,c,n,p,e,e,s,s,w,w,p,w,o,p,k,v,u
e,x,y,y,t,l,f,c,b,g,e,c,s,s,w,w,p,w,o,p,n,s,m
e,f,s,w,t,a,f,w,n,p,t,b,s,s,w,w,p,w,o,p,u,v,d
e,x,s,y,t,a,f,c,b,n,e,c,s,s,w,w,p,w,o,p,k,s,m
e,f,f,g,f,n,f,w,b,p,t,e,s,f,w,w,p,w,o,e,k,s,g
p,x,y,w,t,p,f,c,n,n,e,e,s,s,w,w,p,w,o,p,n,s,g
e,x,y,y,t,a,f,c,b,p,e,r,s,y,w,w,p,w,o,p,k,s,g
e,f,f,n,f,n,f,w,b,n,t,e,s,s,w,w,p,w,o,e,k,a,g
e,x,s,w,t,a,f,c,b,w,e,c,s,s,w,w,p,w,o,p,k,s,m
e,b,y,y,t,l,f,c,b,g,e,c,s,s,w,w,p,w,o,p,n,s,m
e,f,f,g,f,n,f,c,n,g,e,e,s,s,w,w,p,w,o,p,n,v,u
e,x,f,y,t,l,f,w,n,p,t,b,s,s,w,w,p,w,o,p,u,v,d
e,x,s,y,t,a,f,c,b,g,e,c,s,s,w,w,p,w,o,p,n,n,m
e,f,f,n,f,n,f,c,n,n,e,e,s,s,w,w,p,w,o,p,n,y,u
e,x,f,g,f,n,f,w,b,h,t,e,f,s,w,w,p,w,o,e,n,s,g
e,x,y,y,t,l,f,c,b,p,e,r,s,y,w,w,p,w,o,p,k,s,p
e,f,s,w,t,l,f,w,n,p,t,b,s,s,w,w,p,w,o,p,n,v,d
e,x,s,y,t,l,f,c,b,k,e,c,s,s,w,w,p,w,o,p,k,s,g
e,f,y,y,t,a,f,c,b,p,e,r,s,y,w,w,p,w,o,p,k,y,p
p,x,y,n,t,p,f,c,n,k,e,e,s,s,w,w,p,w,o,p,k,v,u
e,x,f,w,t,l,f,w,n,w,t,b,s,s,w,w,p,w,o,p,u,v,d
e,x,s,w,t,l,f,c,b,w,e,c,s,s,w,w,p,w,o,p,k,n,g
e,x,y,y,t,a,f,c,b,g,e,c,s,s,w,w,p,w,o,p,n,n,m
e,b,s,y,t,a,f,c,b,g,e,c,s,s,w,w,p,w,o,p,n,s,g
e,x,s,y,t,a,f,w,n,w,t,b,s,s,w,w,p,w,o,p,u,v,d
e,x,s,y,t,a,f,w,n,n,t,b,s,s,w,w,p,w,o,p,u,v,d
e,x,f,w,f,n,f,w,b,n,t,e,f,s,w,w,p,w,o,e,k,s,g
e,b,s,w,t,a,f,c,b,w,e,c,s,s,w,w,p,w,o,p,n,s,m
p,x,y,w,t,p,f,c,n,w,e,e,s,s,w,w,p,w,o,p,k,v,g
e,x,y,y,t,a,f,c,b,g,e,c,s,s,w,w,p,w,o,p,n,n,g
e,f,s,g,f,n,f,w,b,k,t,e,s,f,w,w,p,w,o,e,k,s,g
p,x,s,n,t,p,f,c,n,n,e,e,s,s,w,w,p,w,o,p,n,s,g
e,b,y,w,t,a,f,c,b,w,e,c,s,s,w,w,p,w,o,p,k,n,m
e,x,s,w,t,a,f,c,b,k,e,c,s,s,w,w,p,w,o,p,k,n,m
e,f,f,y,t,l,f,w,n,n,t,b,s,s,w,w,p,w,o,p,n,v,d
e,x,s,y,t,a,f,c,b,k,e,c,s,s,w,w,p,w,o,p,k,n,g
e,b,y,w,t,l,f,c,b,w,e,c,s,s,w,w,p,w,o,p,k,n,g
e,x,y,n,t,a,f,c,b,w,e,r,s,y,w,w,p,w,o,p,n,y,g
e,x,s,y,t,l,f,c,b,w,e,c,s,s,w,w,p,w,o,p,n,s,g
e,x,f,n,f,n,f,c,n,p,e,e,s,s,w,w,p,w,o,p,n,v,u
e,x,s,y,t,l,f,c,b,n,e,c,s,s,w,w,p,w,o,p,n,s,g
e,x,y,y,t,l,f,c,b,w,e,r,s,y,w,w,p,w,o,p,n,y,g
p,x,s,n,t,p,f,c,n,w,e,e,s,s,w,w,p,w,o,p,n,s,g
e,x,s,w,t,a,f,c,b,g,e,c,s,s,w,w,p,w,o,p,n,n,m
e,x,s,y,t,a,f,c,b,w,e,c,s,s,w,w,p,w,o,p,n,s,m
e,x,y,w,t,l,f,c,b,k,e,c,s,s,w,w,p,w,o,p,k,n,g
e,x,y,y,t,a,f,c,b,n,e,r,s,y,w,w,p,w,o,p,n,y,g
e,f,y,y,t,a,f,c,b,w,e,r,s,y,w,w,p,w,o,p,k,s,g
e,x,y,w,t,a,f,c,b,k,e,c,s,s,w,w,p,w,o,p,n,s,m
e,s,f,g,f,n,f,c,n,g,e,e,s,s,w,w,p,w,o,p,k,v,u
e,f,f,n,f,n,f,c,n,n,e,e,s,s,w,w,p,w,o,p,k,y,u
e,s,f,g,f,n,f,c,n,n,e,e,s,s,w,w,p,w,o,p,k,v,u
e,x,y,w,t,a,f,c,b,n,e,c,s,s,w,w,p,w,o,p,k,n,m
p,x,s,w,t,p,f,c,n,k,e,e,s,s,w,w,p,w,o,p,k,s,u
e,x,s,g,f,n,f,w,b,h,t,e,s,f,w,w,p,w,o,e,k,s,g
e,x,y,y,t,l,f,c,b,g,e,c,s,s,w,w,p,w,o,p,k,s,g
p,x,y,w,t,p,f,c,n,k,e,e,s,s,w,w,p,w,o,p,n,s,g
e,x,s,y,t,a,f,c,b,g,e,c,s,s,w,w,p,w,o,p,k,n,m
p,x,s,n,t,p,f,c,n,p,e,e,s,s,w,w,p,w,o,p,k,v,u
e,b,s,y,t,l,f,c,b,n,e,c,s,s,w,w,p,w,o,p,k,n,m
e,b,y,w,t,l,f,c,b,g,e,c,s,s,w,w,p,w,o,p,k,s,m
p,x,y,w,t,p,f,c,n,p,e,e,s,s,w,w,p,w,o,p,n,s,g
p,x,s,n,t,p,f,c,n,n,e,e,s,s,w,w,p,w,o,p,k,s,u
e,x,s,g,f,n,f,w,b,n,t,e,s,f,w,w,p,w,o,e,n,a,g
e,x,y,n,t,l,f,c,b,w,e,r,s,y,w,w,p,w,o,p,n,y,g
e,f,f,w,f,n,f,w,b,k,t,e,f,f,w,w,p,w,o,e,n,a,g
e,f,y,n,t,l,f,c,b,n,e,r,s,y,w,w,p,w,o,p,n,s,p
e,b,y,w,t,l,f,c,b,w,e,c,s,s,w,w,p,w,o,p,k,s,m
e,b,s,w,t,a,f,c,b,n,e,c,s,s,w,w,p,w,o,p,k,n,g
e,x,s,g,f,n,f,w,b,n,t,e,s,f,w,w,p,w,o,e,n,s,g
e,f,y,n,t,a,f,c,b,n,e,r,s,y,w,w,p,w,o,p,k,y,g
e,x,s,w,t,l,f,c,b,w,e,c,s,s,w,w,p,w,o,p,k,s,m
e,f,f,g,f,n,f,c,n,n,e,e,s,s,w,w,p,w,o,p,k,v,u
e,f,s,n,f,n,f,w,b,h,t,e,f,s,w,w,p,w,o,e,n,a,g
e,x,f,g,f,n,f,w,b,n,t,e,s,f,w,w,p,w,o,e,n,s,g
e,f,s,w,f,n,f,w,b,p,t,e,s,f,w,w,p,w,o,e,k,a,g
p,x,s,w,t,p,f,c,n,k,e,e,s,s,w,w,p,w,o,p,n,s,u
e,x,y,y,t,l,f,c,b,p,e,r,s,y,w,w,p,w,o,p,k,s,g
e,b,s,w,t,l,f,c,b,g,e,c,s,s,w,w,p,w,o,p,k,s,g
e,f,f,g,f,n,f,w,b,p,t,e,s,s,w,w,p,w,o,e,k,a,g
e,b,y,w,t,l,f,c,b,g,e,c,s,s,w,w,p,w,o,p,k,s,g
e,b,s,y,t,a,f,c,b,n,e,c,s,s,w,w,p,w,o,p,n,n,m
e,s,f,g,f,n,f,c,n,n,e,e,s,s,w,w,p,w,o,p,n,y,u
e,f,y,y,t,l,f,c,b,p,e,r,s,y,w,w,p,w,o,p,k,s,g
e,b,s,w,t,l,f,c,b,w,e,c,s,s,w,w,p,w,o,p,n,n,g
e,x,f,w,t,l,f,w,n,n,t,b,s,s,w,w,p,w,o,p,u,v,d
e,f,y,y,t,a,f,c,b,n,e,r,s,y,w,w,p,w,o,p,k,s,p
e,f,f,g,f,n,f,c,n,p,e,e,s,s,w,w,p,w,o,p,k,y,u
e,x,s,w,t,l,f,c,b,g,e,c,s,s,w,w,p,w,o,p,k,s,m
e,f,f,y,t,l,f,w,n,w,t,b,s,s,w,w,p,w,o,p,u,v,d
e,s,f,g,f,n,f,c,n,p,e,e,s,s,w,w,p,w,o,p,k,y,u
e,b,y,w,t,a,f,c,b,g,e,c,s,s,w,w,p,w,o,p,n,s,g
e,b,s,w,t,a,f,c,b,k,e,c,s,s,w,w,p,w,o,p,k,n,g
e,f,f,n,f,n,f,w,b,n,t,e,s,s,w,w,p,w,o,e,n,s,g
e,b,y,y,t,a,f,c,b,k,e,c,s,s,w,w,p,w,o,p,k,n,m
e,x,f,n,t,n,f,c,b,n,t,b,s,s,w,g,p,w,o,p,k,v,d
e,x,y,n,t,l,f,c,b,n,e,r,s,y,w,w,p,w,o,p,k,s,g
e,x,y,n,t,a,f,c,b,p,e,r,s,y,w,w,p,w,o,p,n,s,g
e,b,y,y,t,a,f,c,b,w,e,c,s,s,w,w,p,w,o,p,n,s,m
e,f,y,y,t,a,f,c,b,p,e,r,s,y,w,w,p,w,o,p,k,s,g
e,x,y,y,t,l,f,c,b,n,e,c,s,s,w,w,p,w,o,p,k,n,m
e,x,s,n,f,n,f,w,b,h,t,e,s,s,w,w,p,w,o,e,k,s,g
e,x,y,w,t,a,f,c,b,g,e,c,s,s,w,w,p,w,o,p,k,s,m
e,b,y,y,t,l,f,c,b,w,e,c,s,s,w,w,p,w,o,p,k,n,m
e,x,y,n,t,a,f,c,b,n,e,r,s,y,w,w,p,w,o,p,n,y,g
e,f,y,n,t,l,f,c,b,w,e,r,s,y,w,w,p,w,o,p,k,s,p
e,f,y,n,t,a,f,c,b,w,e,r,s,y,w,w,p,w,o,p,k,y,g
e,f,y,y,t,l,f,c,b,n,e,r,s,y,w,w,p,w,o,p,k,s,p
e,x,s,y,t,l,f,w,n,n,t,b,s,s,w,w,p,w,o,p,u,v,d
e,b,y,w,t,a,f,c,b,g,e,c,s,s,w,w,p,w,o,p,k,s,m
e,b,s,w,t,l,f,c,b,k,e,c,s,s,w,w,p,w,o,p,k,n,m
e,x,y,y,t,a,f,c,b,n,e,c,s,s,w,w,p,w,o,p,k,s,g
e,f,f,w,t,l,f,w,n,p,t,b,s,s,w,w,p,w,o,p,u,v,d
e,x,s,y,t,a,f,c,b,n,e,c,s,s,w,w,p,w,o,p,k,s,g
e,b,s,y,t,l,f,c,b,n,e,c,s,s,w,w,p,w,o,p,n,n,m
e,f,y,y,t,a,f,c,b,w,e,r,s,y,w,w,p,w,o,p,k,y,g
p,x,y,n,t,p,f,c,n,w,e,e,s,s,w,w,p,w,o,p,k,s,g
p,x,y,w,t,p,f,c,n,w,e,e,s,s,w,w,p,w,o,p,k,v,u
e,x,s,y,t,l,f,c,b,g,e,c,s,s,w,w,p,w,o,p,n,s,g
e,f,f,w,f,n,f,w,b,k,t,e,s,s,w,w,p,w,o,e,n,s,g
e,b,s,y,t,a,f,c,b,g,e,c,s,s,w,w,p,w,o,p,k,n,g
e,x,y,y,t,l,f,c,b,w,e,r,s,y,w,w,p,w,o,p,k,y,p
e,f,f,g,f,n,f,c,n,k,e,e,s,s,w,w,p,w,o,p,n,y,u
e,b,s,w,t,a,f,c,b,n,e,c,s,s,w,w,p,w,o,p,k,s,g
e,x,s,w,t,l,f,c,b,k,e,c,s,s,w,w,p,w,o,p,k,s,m
p,x,y,n,t,p,f,c,n,n,e,e,s,s,w,w,p,w,o,p,k,s,g
p,x,s,n,t,p,f,c,n,k,e,e,s,s,w,w,p,w,o,p,n,s,g
e,b,s,w,t,l,f,c,b,g,e,c,s,s,w,w,p,w,o,p,n,s,g
e,b,s,y,t,a,f,c,b,w,e,c,s,s,w,w,p,w,o,p,n,n,m
e,f,y,n,t,a,f,c,b,w,e,r,s,y,w,w,p,w,o,p,n,s,g
e,x,y,y,t,l,f,c,b,p,e,r,s,y,w,w,p,w,o,p,n,y,g
e,f,y,y,t,l,f,c,b,n,e,r,s,y,w,w,p,w,o,p,n,y,p
e,x,y,w,t,a,f,c,b,w,e,c,s,s,w,w,p,w,o,p,n,n,g
e,x,s,y,t,a,f,c,b,k,e,c,s,s,w,w,p,w,o,p,k,s,g
e,f,f,n,f,n,f,c,n,p,e,e,s,s,w,w,p,w,o,p,n,v,u
e,f,f,n,f,n,f,w,b,p,t,e,s,s,w,w,p,w,o,e,k,a,g
e,x,f,y,t,l,f,w,n,w,t,b,s,s,w,w,p,w,o,p,u,v,d
e,f,y,y,t,l,f,c,b,w,e,r,s,y,w,w,p,w,o,p,n,s,p
e,f,f,n,f,n,f,c,n,g,e,e,s,s,w,w,p,w,o,p,k,y,u
e,f,f,g,f,n,f,c,n,k,e,e,s,s,w,w,p,w,o,p,n,v,u
e,x,y,n,t,l,f,c,b,n,e,r,s,y,w,w,p,w,o,p,n,y,g
e,x,y,y,t,l,f,c,b,w,e,r,s,y,w,w,p,w,o,p,n,y,p
e,b,s,w,t,a,f,c,b,g,e,c,s,s,w,w,p,w,o,p,k,s,m
e,x,s,w,t,l,f,w,n,n,t,b,s,s,w,w,p,w,o,p,n,v,d
e,x,y,w,t,a,f,c,b,n,e,c,s,s,w,w,p,w,o,p,n,n,m
e,x,f,y,t,a,f,w,n,w,t,b,s,s,w,w,p,w,o,p,u,v,d
e,b,s,y,t,a,f,c,b,w,e,c,s,s,w,w,p,w,o,p,k,n,g
e,x,f,n,t,n,f,c,b,p,t,b,s,s,p,w,p,w,o,p,n,v,d
e,x,y,w,t,a,f,c,b,g,e,c,s,s,w,w,p,w,o,p,k,n,m
e,f,f,g,f,n,f,c,n,k,e,e,s,s,w,w,p,w,o,p,k,v,u
e,b,y,w,t,a,f,c,b,n,e,c,s,s,w,w,p,w,o,p,n,s,m
e,x,y,y,t,l,f,c,b,w,e,c,s,s,w,w,p,w,o,p,k,n,m
e,x,s,w,t,a,f,c,b,k,e,c,s,s,w,w,p,w,o,p,k,s,g
e,b,s,y,t,a,f,c,b,w,e,c,s,s,w,w,p,w,o,p,k,s,g
e,b,y,w,t,l,f,c,b,k,e,c,s,s,w,w,p,w,o,p,k,s,g
e,x,y,n,t,a,f,c,b,p,e,r,s,y,w,w,p,w,o,p,n,s,p
e,f,s,g,f,n,f,w,b,k,t,e,f,s,w,w,p,w,o,e,n,a,g
p,x,y,n,t,p,f,c,n,p,e,e,s,s,w,w,p,w,o,p,n,s,g
e,b,y,w,t,a,f,c,b,n,e,c,s,s,w,w,p,w,o,p,n,s,g
e,b,s,y,t,a,f,c,b,w,e,c,s,s,w,w,p,w,o,p,n,s,m
p,x,y,n,t,p,f,c,n,w,e,e,s,s,w,w,p,w,o,p,k,v,g
p,x,s,n,t,p,f,c,n,p,e,e,s,s,w,w,p,w,o,p,n,v,u
e,f,s,n,f,n,f,w,b,n,t,e,f,s,w,w,p,w,o,e,n,a,g
p,x,s,n,t,p,f,c,n,w,e,e,s,s,w,w,p,w,o,p,k,s,g
e,f,f,g,f,n,f,w,b,h,t,e,s,f,w,w,p,w,o,e,n,a,g
e,x,y,y,t,l,f,c,b,n,e,r,s,y,w,w,p,w,o,p,k,s,p
e,b,y,w,t,l,f,c,b,k,e,c,s,s,w,w,p,w,o,p,k,n,m
e,f,y,y,t,l,f,c,b,p,e,r,s,y,w,w,p,w,o,p,n,s,p
e,f,y,y,t,l,f,c,b,p,e,r,s,y,w,w,p,w,o,p,k,y,p
e,b,y,y,t,l,f,c,b,k,e,c,s,s,w,w,p,w,o,p,k,n,m
e,s,f,n,f,n,f,c,n,p,e,e,s,s,w,w,p,w,o,p,k,y,u
e,x,s,w,t,a,f,c,b,k,e,c,s,s,w,w,p,w,o,p,n,n,m
e,b,y,y,t,a,f,c,b,g,e,c,s,s,w,w,p,w,o,p,k,n,m
e,f,y,y,t,a,f,c,b,w,e,r,s,y,w,w,p,w,o,p,k,s,p
e,f,s,n,f,n,f,w,b,p,t,e,f,f,w,w,p,w,o,e,n,a,g
e,x,s,w,t,l,f,c,b,w,e,c,s,s,w,w,p,w,o,p,n,s,m
e,b,y,y,t,l,f,c,b,w,e,c,s,s,w,w,p,w,o,p,n,n,g
e,b,y,y,t,l,f,c,b,k,e,c,s,s,w,w,p,w,o,p,k,s,g
e,b,y,y,t,a,f,c,b,n,e,c,s,s,w,w,p,w,o,p,n,s,m
e,b,s,w,t,l,f,c,b,k,e,c,s,s,w,w,p,w,o,p,n,s,m
e,x,y,y,t,a,f,c,b,n,e,r,s,y,w,w,p,w,o,p,k,s,p
e,x,y,n,t,a,f,c,b,n,e,r,s,y,w,w,p,w,o,p,n,s,g
e,s,f,n,f,n,f,c,n,g,e,e,s,s,w,w,p,w,o,p,k,v,u
e,f,y,n,t,a,f,c,b,n,e,r,s,y,w,w,p,w,o,p,n,s,g
e,x,s,w,t,a,f,c,b,k,e,c,s,s,w,w,p,w,o,p,k,n,g
e,f,s,y,t,l,f,w,n,w,t,b,s,s,w,w,p,w,o,p,n,v,d
e,x,s,n,f,n,f,w,b,p,t,e,s,s,w,w,p,w,o,e,n,a,g
e,f,y,y,t,a,f,c,b,n,e,r,s,y,w,w,p,w,o,p,k,s,g
p,x,y,n,t,p,f,c,n,k,e,e,s,s,w,w,p,w,o,p,n,v,g
e,x,s,w,t,l,f,c,b,w,e,c,s,s,w,w,p,w,o,p,n,n,g
e,x,f,w,f,n,f,w,b,h,t,e,f,s,w,w,p,w,o,e,n,s,g
e,b,s,w,t,a,f,c,b,n,e,c,s,s,w,w,p,w,o,p,n,s,m
e,x,y,w,t,l,f,c,b,w,e,c,s,s,w,w,p,w,o,p,k,s,m
e,f,y,y,t,l,f,c,b,w,e,r,s,y,w,w,p,w,o,p,k,y,g
e,x,f,n,f,n,f,w,b,n,t,e,f,s,w,w,p,w,o,e,n,s,g
p,x,s,w,t,p,f,c,n,k,e,e,s,s,w,w,p,w,o,p,n,s,g
p,x,y,w,t,p,f,c,n,p,e,e,s,s,w,w,p,w,o,p,k,s,u
e,x,y,w,t,l,f,c,b,g,e,c,s,s,w,w,p,w,o,p,k,n,g
e,b,y,w,t,a,f,c,b,w,e,c,s,s,w,w,p,w,o,p,n,s,g
e,x,f,w,t,a,f,w,n,w,t,b,s,s,w,w,p,w,o,p,n,v,d
p,x,y,w,t,p,f,c,n,w,e,e,s,s,w,w,p,w,o,p,k,s,u
e,x,s,w,t,l,f,c,b,g,e,c,s,s,w,w,p,w,o,p,k,s,g
e,x,f,g,f,n,f,c,n,p,e,e,s,s,w,w,p,w,o,p,k,v,u
e,x,f,n,f,n,f,c,n,p,e,e,s,s,w,w,p,w,o,p,k,v,u
e,b,s,w,t,a,f,c,b,n,e,c,s,s,w,w,p,w,o,p,k,s,m
e,x,y,n,t,a,f,c,b,p,e,r,s,y,w,w,p,w,o,p,k,s,g
e,b,y,w,t,a,f,c,b,k,e,c,s,s,w,w,p,w,o,p,n,n,m
e,f,y,y,t,l,f,c,b,n,e,r,s,y,w,w,p,w,o,p,n,s,p
e,x,y,w,t,l,f,c,b,n,e,c,s,s,w,w,p,w,o,p,n,n,g
e,b,y,w,t,l,f,c,b,w,e,c,s,s,w,w,p,w,o,p,n,s,g
e,b,y,w,t,a,f,c,b,w,e,c,s,s,w,w,p,w,o,p,k,s,m
p,x,s,n,t,p,f,c,n,w,e,e,s,s,w,w,p,w,o,p,n,v,u
e,f,s,y,t,a,f,w,n,n,t,b,s,s,w,w,p,w,o,p,u,v,d
e,x,y,n,t,a,f,c,b,n,e,r,s,y,w,w,p,w,o,p,n,s,p
e,b,s,y,t,l,f,c,b,k,e,c,s,s,w,w,p,w,o,p,n,n,g
e,f,s,w,t,a,f,w,n,n,t,b,s,s,w,w,p,w,o,p,u,v,d
e,b,y,y,t,l,f,c,b,w,e,c,s,s,w,w,p,w,o,p,k,s,g
e,b,y,y,t,a,f,c,b,k,e,c,s,s,w,w,p,w,o,p,n,n,m
e,b,s,y,t,a,f,c,b,n,e,c,s,s,w,w,p,w,o,p,k,n,g
e,f,y,y,t,l,f,c,b,n,e,r,s,y,w,w,p,w,o,p,n,y,g
e,x,s,w,f,n,f,w,b,n,t,e,f,f,w,w,p,w,o,e,n,a,g
e,b,y,y,t,a,f,c,b,w,e,c,s,s,w,w,p,w,o,p,n,n,m
e,x,y,n,t,a,f,c,b,n,e,r,s,y,w,w,p,w,o,p,k,y,p
e,b,s,w,t,l,f,c,b,g,e,c,s,s,w,w,p,w,o,p,n,n,g
e,f,y,n,t,l,f,c,b,p,e,r,s,y,w,w,p,w,o,p,k,y,g
e,x,s,w,t,l,f,c,b,g,e,c,s,s,w,w,p,w,o,p,n,n,g
e,x,f,n,f,n,f,c,n,g,e,e,s,s,w,w,p,w,o,p,n,v,u
e,x,y,n,t,l,f,c,b,w,e,r,s,y,w,w,p,w,o,p,k,s,p
e,f,f,g,f,n,f,w,b,k,t,e,s,f,w,w,p,w,o,e,k,a,g
e,x,s,w,t,l,f,w,n,p,t,b,s,s,w,w,p,w,o,p,n,v,d
e,f,f,n,f,n,f,c,n,g,e,e,s,s,w,w,p,w,o,p,n,y,u
e,b,y,y,t,a,f,c,b,g,e,c,s,s,w,w,p,w,o,p,n,s,m
e,b,s,w,t,a,f,c,b,k,e,c,s,s,w,w,p,w,o,p,k,n,m
e,x,s,w,t,a,f,c,b,w,e,c,s,s,w,w,p,w,o,p,n,n,g
e,b,s,y,t,l,f,c,b,k,e,c,s,s,w,w,p,w,o,p,n,s,m
e,x,y,y,t,a,f,c,b,k,e,c,s,s,w,w,p,w,o,p,k,n,m
e,x,s,y,t,a,f,w,n,p,t,b,s,s,w,w,p,w,o,p,n,v,d
e,f,f,g,f,n,f,w,b,h,t,e,f,s,w,w,p,w,o,e,k,a,g
e,x,y,y,t,a,f,c,b,p,e,r,s,y,w,w,p,w,o,p,n,s,g
p,x,y,n,t,p,f,c,n,k,e,e,s,s,w,w,p,w,o,p,n,s,u
e,x,y,n,t,a,f,c,b,p,e,r,s,y,w,w,p,w,o,p,n,y,g
e,x,s,y,t,l,f,c,b,n,e,c,s,s,w,w,p,w,o,p,n,n,g
e,b,y,w,t,l,f,c,b,w,e,c,s,s,w,w,p,w,o,p,n,n,m
e,x,y,y,t,a,f,c,b,w,e,c,s,s,w,w,p,w,o,p,k,s,m
e,s,f,n,f,n,f,c,n,g,e,e,s,s,w,w,p,w,o,p,k,y,u
e,b,y,y,t,l,f,c,b,w,e,c,s,s,w,w,p,w,o,p,k,s,m
e,x,s,w,t,l,f,c,b,n,e,c,s,s,w,w,p,w,o,p,k,s,m
e,x,s,w,t,a,f,c,b,w,e,c,s,s,w,w,p,w,o,p,k,n,g
p,x,s,n,t,p,f,c,n,w,e,e,s,s,w,w,p,w,o,p,k,v,g
e,x,f,n,f,n,f,c,n,n,e,e,s,s,w,w,p,w,o,p,k,v,u
e,x,y,y,t,l,f,c,b,w,e,c,s,s,w,w,p,w,o,p,n,n,g
p,x,y,n,t,p,f,c,n,k,e,e,s,s,w,w,p,w,o,p,n,s,g
e,x,y,y,t,l,f,c,b,p,e,r,s,y,w,w,p,w,o,p,k,y,p
e,b,y,y,t,l,f,c,b,k,e,c,s,s,w,w,p,w,o,p,n,s,g
e,f,y,n,t,l,f,c,b,p,e,r,s,y,w,w,p,w,o,p,k,y,p
e,x,y,w,t,a,f,c,b,k,e,c,s,s,w,w,p,w,o,p,k,n,g
e,x,s,y,t,a,f,c,b,n,e,c,s,s,w,w,p,w,o,p,n,n,g
p,x,y,n,t,p,f,c,n,p,e,e,s,s,w,w,p,w,o,p,n,v,g
p,x,y,n,t,p,f,c,n,n,e,e,s,s,w,w,p,w,o,p,n,s,u
e,b,y,y,t,l,f,c,b,n,e,c,s,s,w,w,p,w,o,p,k,n,g
e,x,s,w,f,n,f,w,b,h,t,e,f,s,w,w,p,w,o,e,k,s,g
p,x,s,w,t,p,f,c,n,k,e,e,s,s,w,w,p,w,o,p,n,v,g
e,x,y,n,t,l,f,c,b,w,e,r,s,y,w,w,p,w,o,p,n,s,p
e,b,s,w,t,a,f,c,b,n,e,c,s,s,w,w,p,w,o,p,k,n,m
e,x,y,y,t,a,f,c,b,w,e,c,s,s,w,w,p,w,o,p,n,n,g
p,x,s,n,t,p,f,c,n,n,e,e,s,s,w,w,p,w,o,p,n,v,u
e,b,y,y,t,l,f,c,b,w,e,c,s,s,w,w,p,w,o,p,k,n,g
e,b,y,w,t,a,f,c,b,k,e,c,s,s,w,w,p,w,o,p,n,n,g
e,f,y,y,t,l,f,c,b,w,e,r,s,y,w,w,p,w,o,p,k,s,g
e,b,y,w,t,a,f,c,b,k,e,c,s,s,w,w,p,w,o,p,k,s,g
e,x,y,y,t,a,f,c,b,p,e,r,s,y,w,w,p,w,o,p,k,y,g
e,b,s,y,t,l,f,c,b,n,e,c,s,s,w,w,p,w,o,p,n,s,m
e,x,s,y,t,l,f,w,n,p,t,b,s,s,w,w,p,w,o,p,n,v,d
e,b,s,y,t,a,f,c,b,g,e,c,s,s,w,w,p,w,o,p,k,n,m
e,b,s,y,t,a,f,c,b,n,e,c,s,s,w,w,p,w,o,p,k,n,m
p,x,y,w,t,p,f,c,n,p,e,e,s,s,w,w,p,w,o,p,k,v,u
p,x,y,w,t,p,f,c,n,w,e,e,s,s,w,w,p,w,o,p,n,v,g
p,x,s,n,t,p,f,c,n,k,e,e,s,s,w,w,p,w,o,p,k,v,u
e,x,s,w,t,a,f,c,b,n,e,c,s,s,w,w,p,w,o,p,k,s,m
e,x,y,n,t,a,f,c,b,p,e,r,s,y,w,w,p,w,o,p,k,y,g
e,x,y,y,t,a,f,c,b,n,e,r,s,y,w,w,p,w,o,p,k,y,g
e,x,s,w,t,a,f,w,n,w,t,b,s,s,w,w,p,w,o,p,n,v,d
e,b,y,w,t,l,f,c,b,k,e,c,s,s,w,w,p,w,o,p,n,n,g
e,b,s,y,t,l,f,c,b,w,e,c,s,s,w,w,p,w,o,p,n,n,m
e,x,f,g,f,n,f,c,n,k,e,e,s,s,w,w,p,w,o,p,k,v,u
e,b,s,y,t,a,f,c,b,n,e,c,s,s,w,w,p,w,o,p,k,s,m
e,x,s,w,t,l,f,c,b,g,e,c,s,s,w,w,p,w,o,p,n,s,g
e,x,y,n,t,a,f,c,b,w,e,r,s,y,w,w,p,w,o,p,k,s,p
e,x,y,y,t,l,f,c,b,w,e,c,s,s,w,w,p,w,o,p,k,s,m
e,f,f,w,t,l,f,w,n,n,t,b,s,s,w,w,p,w,o,p,n,v,d
e,f,f,w,t,a,f,w,n,w,t,b,s,s,w,w,p,w,o,p,u,v,d
e,x,s,w,t,l,f,c,b,g,e,c,s,s,w,w,p,w,o,p,n,s,m
e,f,s,y,t,l,f,w,n,p,t,b,s,s,w,w,p,w,o,p,u,v,d
e,s,f,g,f,n,f,c,n,p,e,e,s,s,w,w,p,w,o,p,k,v,u
e,f,f,y,t,a,f,w,n,w,t,b,s,s,w,w,p,w,o,p,n,v,d
e,x,y,n,t,l,f,c,b,p,e,r,s,y,w,w,p,w,o,p,k,y,g
e,x,y,y,t,l,f,c,b,w,e,r,s,y,w,w,p,w,o,p,n,s,g
e,x,y,y,t,l,f,c,b,p,e,r,s,y,w,w,p,w,o,p,n,y,p
p,x,s,n,t,p,f,c,n,k,e,e,s,s,w,w,p,w,o,p,n,v,g
e,x,s,y,t,l,f,c,b,n,e,c,s,s,w,w,p,w,o,p,n,s,m
p,x,y,w,t,p,f,c,n,p,e,e,s,s,w,w,p,w,o,p,n,s,u
e,x,y,y,t,a,f,c,b,w,e,c,s,s,w,w,p,w,o,p,k,s,g
e,x,y,w,t,a,f,c,b,w,e,c,s,s,w,w,p,w,o,p,k,s,g
e,f,s,y,t,a,f,w,n,w,t,b,s,s,w,w,p,w,o,p,u,v,d
p,x,y,n,t,p,f,c,n,w,e,e,s,s,w,w,p,w,o,p,n,v,g
e,b,s,w,t,a,f,c,b,n,e,c,s,s,w,w,p,w,o,p,n,s,g
e,s,f,g,f,n,f,c,n,n,e,e,s,s,w,w,p,w,o,p,k,y,u
e,x,s,y,t,a,f,c,b,g,e,c,s,s,w,w,p,w,o,p,k,n,g
e,x,f,g,f,n,f,w,b,k,t,e,s,f,w,w,p,w,o,e,n,s,g
e,x,y,y,t,a,f,c,b,n,e,c,s,s,w,w,p,w,o,p,n,s,m
e,b,y,w,t,l,f,c,b,g,e,c,s,s,w,w,p,w,o,p,n,s,g
e,b,s,y,t,l,f,c,b,k,e,c,s,s,w,w,p,w,o,p,n,n,m
e,x,s,w,t,l,f,w,n,w,t,b,s,s,w,w,p,w,o,p,u,v,d
e,b,s,w,t,l,f,c,b,k,e,c,s,s,w,w,p,w,o,p,n,s,g
e,f,y,n,t,a,f,c,b,p,e,r,s,y,w,w,p,w,o,p,k,s,g
e,s,f,g,f,n,f,c,n,g,e,e,s,s,w,w,p,w,o,p,n,y,u
e,x,f,w,f,n,f,w,b,p,t,e,f,s,w,w,p,w,o,e,n,a,g
e,s,f,n,f,n,f,c,n,n,e,e,s,s,w,w,p,w,o,p,k,v,u
e,f,y,n,t,l,f,c,b,p,e,r,s,y,w,w,p,w,o,p,k,s,p
e,f,s,y,t,l,f,w,n,n,t,b,s,s,w,w,p,w,o,p,u,v,d
e,b,s,y,t,a,f,c,b,n,e,c,s,s,w,w,p,w,o,p,n,s,g
e,b,s,y,t,a,f,c,b,k,e,c,s,s,w,w,p,w,o,p,k,n,m
p,x,s,n,t,p,f,c,n,p,e,e,s,s,w,w,p,w,o,p,k,v,g
e,f,y,n,t,l,f,c,b,w,e,r,s,y,w,w,p,w,o,p,n,y,p
e,x,s,y,t,a,f,c,b,w,e,c,s,s,w,w,p,w,o,p,n,s,g
e,f,y,y,t,a,f,c,b,p,e,r,s,y,w,w,p,w,o,p,n,s,g
e,x,y,w,t,a,f,c,b,g,e,c,s,s,w,w,p,w,o,p,n,n,g
e,x,y,y,t,a,f,c,b,w,e,c,s,s,w,w,p,w,o,p,n,s,m
e,x,y,y,t,l,f,c,b,k,e,c,s,s,w,w,p,w,o,p,k,s,g
e,f,f,n,f,n,f,c,n,n,e,e,s,s,w,w,p,w,o,p,n,v,u
e,f,y,y,t,l,f,c,b,p,e,r,s,y,w,w,p,w,o,p,n,y,p
e,x,f,g,f,n,f,c,n,p,e,e,s,s,w,w,p,w,o,p,n,y,u
e,x,s,y,t,l,f,c,b,k,e,c,s,s,w,w,p,w,o,p,n,n,g
e,f,y,n,t,a,f,c,b,p,e,r,s,y,w,w,p,w,o,p,k,y,p
e,x,s,y,t,l,f,c,b,w,e,c,s,s,w,w,p,w,o,p,n,n,g
e,x,y,y,t,a,f,c,b,k,e,c,s,s,w,w,p,w,o,p,n,s,m
e,x,f,n,t,n,f,c,b,n,t,b,s,s,g,w,p,w,o,p,k,v,d
e,x,s,w,t,a,f,c,b,n,e,c,s,s,w,w,p,w,o,p,n,s,m
e,x,y,y,t,l,f,c,b,p,e,r,s,y,w,w,p,w,o,p,n,s,p
e,x,y,w,t,a,f,c,b,k,e,c,s,s,w,w,p,w,o,p,n,n,m
e,x,s,w,t,l,f,c,b,k,e,c,s,s,w,w,p,w,o,p,k,n,g
e,f,y,y,t,l,f,c,b,w,e,r,s,y,w,w,p,w,o,p,n,y,g
e,b,s,y,t,l,f,c,b,n,e,c,s,s,w,w,p,w,o,p,n,n,g
e,f,f,w,t,a,f,w,n,w,t,b,s,s,w,w,p,w,o,p,n,v,d
e,f,s,g,f,n,f,w,b,n,t,e,s,f,w,w,p,w,o,e,n,s,g
e,x,y,w,t,a,f,c,b,w,e,c,s,s,w,w,p,w,o,p,k,n,g
e,x,y,w,t,l,f,c,b,n,e,c,s,s,w,w,p,w,o,p,k,n,g
e,f,y,y,t,l,f,c,b,n,e,r,s,y,w,w,p,w,o,p,k,s,g
e,x,s,w,t,a,f,w,n,p,t,b,s,s,w,w,p,w,o,p,u,v,d
e,x,s,y,t,a,f,c,b,n,e,c,s,s,w,w,p,w,o,p,n,s,g
e,f,y,y,t,a,f,c,b,n,e,r,s,y,w,w,p,w,o,p,n,y,g
e,x,y,y,t,a,f,c,b,w,e,r,s,y,w,w,p,w,o,p,k,y,p
e,x,s,y,t,l,f,c,b,g,e,c,s,s,w,w,p,w,o,p,n,n,g
e,x,f,n,t,n,f,c,b,u,t,b,s,s,g,p,p,w,o,p,n,y,d
e,f,y,y,t,l,f,c,b,p,e,r,s,y,w,w,p,w,o,p,k,y,g
e,x,s,w,t,a,f,c,b,n,e,c,s,s,w,w,p,w,o,p,k,n,g
e,b,s,y,t,a,f,c,b,g,e,c,s,s,w,w,p,w,o,p,n,s,m
e,x,s,y,t,l,f,c,b,k,e,c,s,s,w,w,p,w,o,p,n,s,m
e,x,y,n,t,l,f,c,b,p,e,r,s,y,w,w,p,w,o,p,n,s,g
e,b,y,y,t,a,f,c,b,k,e,c,s,s,w,w,p,w,o,p,k,n,g
e,x,s,w,t,l,f,c,b,k,e,c,s,s,w,w,p,w,o,p,k,n,m
e,x,y,w,t,l,f,c,b,k,e,c,s,s,w,w,p,w,o,p,k,s,m
e,x,s,y,t,l,f,c,b,n,e,c,s,s,w,w,p,w,o,p,k,s,g
e,f,y,y,t,l,f,c,b,n,e,r,s,y,w,w,p,w,o,p,k,y,p
e,x,f,w,f,n,f,w,b,n,t,e,f,f,w,w,p,w,o,e,n,a,g
e,x,s,n,f,n,f,w,b,p,t,e,f,f,w,w,p,w,o,e,k,s,g
e,x,s,w,f,n,f,w,b,h,t,e,f,s,w,w,p,w,o,e,n,s,g
e,x,s,y,t,l,f,c,b,w,e,c,s,s,w,w,p,w,o,p,n,n,m
e,f,f,w,f,n,f,w,b,p,t,e,f,s,w,w,p,w,o,e,k,s,g
p,f,s,n,t,p,f,c,n,n,e,e,s,s,w,w,p,w,o,p,k,s,g
e,x,f,g,f,n,f,w,b,p,t,e,f,f,w,w,p,w,o,e,n,s,g
p,f,y,n,t,p,f,c,n,p,e,e,s,s,w,w,p,w,o,p,n,v,u
p,x,s,n,t,p,f,c,n,w,e,e,s,s,w,w,p,w,o,p,n,v,g
e,b,s,w,t,l,f,c,b,k,e,c,s,s,w,w,p,w,o,p,k,n,g
e,x,f,g,f,n,f,w,b,p,t,e,f,f,w,w,p,w,o,e,k,a,g
e,x,s,w,t,l,f,c,b,g,e,c,s,s,w,w,p,w,o,p,k,n,g
e,f,f,g,f,n,f,w,b,n,t,e,s,s,w,w,p,w,o,e,k,a,g
e,x,s,g,f,n,f,w,b,k,t,e,s,s,w,w,p,w,o,e,k,s,g
e,x,s,w,t,a,f,c,b,k,e,c,s,s,w,w,p,w,o,p,n,n,g
e,x,s,w,t,l,f,c,b,n,e,c,s,s,w,w,p,w,o,p,n,s,m
e,x,y,g,t,n,f,c,b,n,t,b,s,s,g,w,p,w,o,p,n,y,d
e,f,f,n,f,n,f,w,b,k,t,e,f,f,w,w,p,w,o,e,n,a,g
e,x,s,w,f,n,f,w,b,h,t,e,s,f,w,w,p,w,o,e,k,s,g
e,f,f,n,f,n,f,w,b,p,t,e,f,s,w,w,p,w,o,e,k,a,g
e,x,s,n,f,n,f,w,b,p,t,e,f,f,w,w,p,w,o,e,n,a,g
e,x,y,y,t,l,f,c,b,n,e,c,s,s,w,w,p,w,o,p,k,n,g
e,x,s,y,t,l,f,w,n,w,t,b,s,s,w,w,p,w,o,p,u,v,d
e,f,f,w,f,n,f,w,b,k,t,e,f,s,w,w,p,w,o,e,n,s,g
e,x,s,n,f,n,f,w,b,h,t,e,f,s,w,w,p,w,o,e,n,a,g
e,x,s,g,f,n,f,w,b,k,t,e,f,s,w,w,p,w,o,e,k,a,g
p,x,y,n,t,p,f,c,n,w,e,e,s,s,w,w,p,w,o,p,k,s,u
e,x,f,g,f,n,f,c,n,k,e,e,s,s,w,w,p,w,o,p,n,y,u
e,b,s,w,t,a,f,c,b,n,e,c,s,s,w,w,p,w,o,p,n,n,m
e,x,s,g,f,n,f,w,b,h,t,e,s,s,w,w,p,w,o,e,k,a,g
e,f,f,g,f,n,f,w,b,n,t,e,s,f,w,w,p,w,o,e,n,s,g
p,f,s,n,t,p,f,c,n,n,e,e,s,s,w,w,p,w,o,p,n,v,g
e,x,s,y,t,l,f,c,b,k,e,c,s,s,w,w,p,w,o,p,n,s,g
e,x,f,n,f,n,f,c,n,n,e,e,s,s,w,w,p,w,o,p,k,y,u
e,f,s,w,f,n,f,w,b,p,t,e,s,f,w,w,p,w,o,e,k,s,g
e,x,y,y,t,a,f,c,b,w,e,c,s,s,w,w,p,w,o,p,k,n,m
e,x,f,n,f,n,f,w,b,p,t,e,s,s,w,w,p,w,o,e,k,s,g
e,f,s,g,f,n,f,w,b,n,t,e,f,s,w,w,p,w,o,e,k,a,g
e,x,y,e,t,n,f,c,b,u,t,b,s,s,g,p,p,w,o,p,n,y,d
e,b,y,y,t,a,f,c,b,n,e,c,s,s,w,w,p,w,o,p,n,n,g
e,x,f,w,f,n,f,w,b,n,t,e,f,f,w,w,p,w,o,e,k,s,g
p,x,s,w,t,p,f,c,n,w,e,e,s,s,w,w,p,w,o,p,n,s,g
e,x,f,g,f,n,f,w,b,p,t,e,s,s,w,w,p,w,o,e,n,s,g
e,f,f,g,t,n,f,c,b,n,t,b,s,s,w,g,p,w,o,p,n,v,d
e,f,f,n,f,n,f,w,b,h,t,e,f,f,w,w,p,w,o,e,n,a,g
e,f,f,w,f,n,f,w,b,n,t,e,f,f,w,w,p,w,o,e,k,s,g
e,b,y,w,t,l,f,c,b,w,e,c,s,s,w,w,p,w,o,p,k,s,g
e,f,f,n,f,n,f,w,b,n,t,e,f,s,w,w,p,w,o,e,k,a,g
p,f,y,n,t,p,f,c,n,w,e,e,s,s,w,w,p,w,o,p,n,v,u
p,x,y,w,t,p,f,c,n,w,e,e,s,s,w,w,p,w,o,p,n,s,u
e,b,s,y,t,l,f,c,b,n,e,c,s,s,w,w,p,w,o,p,k,s,g
e,f,s,g,f,n,f,w,b,h,t,e,s,f,w,w,p,w,o,e,n,a,g
e,x,f,g,f,n,f,w,b,n,t,e,s,f,w,w,p,w,o,e,n,a,g
e,f,f,n,f,n,f,w,b,h,t,e,f,s,w,w,p,w,o,e,n,s,g
e,b,s,w,t,l,f,c,b,k,e,c,s,s,w,w,p,w,o,p,k,s,m
p,x,s,w,t,p,f,c,n,w,e,e,s,s,w,w,p,w,o,p,k,v,u
e,x,y,n,t,n,f,c,b,n,t,b,s,s,p,p,p,w,o,p,k,v,d
e,f,f,w,t,l,f,w,n,n,t,b,s,s,w,w,p,w,o,p,u,v,d
e,x,y,y,t,l,f,c,b,k,e,c,s,s,w,w,p,w,o,p,n,n,m
e,x,f,n,f,n,f,w,b,n,t,e,f,f,w,w,p,w,o,e,k,a,g
e,f,f,w,f,n,f,w,b,h,t,e,f,s,w,w,p,w,o,e,k,a,g
e,x,f,n,t,n,f,c,b,n,t,b,s,s,g,p,p,w,o,p,k,v,d
e,x,f,n,t,n,f,c,b,n,t,b,s,s,p,g,p,w,o,p,n,y,d
e,f,s,g,f,n,f,w,b,k,t,e,f,f,w,w,p,w,o,e,k,s,g
e,f,s,g,f,n,f,w,b,n,t,e,s,s,w,w,p,w,o,e,k,s,g
p,f,s,n,t,p,f,c,n,w,e,e,s,s,w,w,p,w,o,p,k,s,g
e,x,f,n,t,n,f,c,b,n,t,b,s,s,w,p,p,w,o,p,k,y,d
e,x,s,n,f,n,f,w,b,k,t,e,f,f,w,w,p,w,o,e,k,s,g
e,x,f,w,f,n,f,w,b,k,t,e,s,f,w,w,p,w,o,e,k,s,g
e,f,f,n,f,n,f,w,b,n,t,e,f,s,w,w,p,w,o,e,n,s,g
e,x,f,n,t,n,f,c,b,n,t,b,s,s,p,w,p,w,o,p,k,v,d
e,f,f,n,t,n,f,c,b,n,t,b,s,s,p,w,p,w,o,p,k,v,d
e,x,f,g,f,n,f,w,b,n,t,e,s,f,w,w,p,w,o,e,k,s,g
e,f,f,n,t,n,f,c,b,u,t,b,s,s,p,w,p,w,o,p,k,y,d
e,x,s,g,f,n,f,w,b,p,t,e,f,f,w,w,p,w,o,e,k,s,g
e,b,y,w,t,l,f,c,b,n,e,c,s,s,w,w,p,w,o,p,k,n,g
e,x,f,n,t,n,f,c,b,n,t,b,s,s,p,p,p,w,o,p,k,y,d
e,x,y,y,t,l,f,c,b,k,e,c,s,s,w,w,p,w,o,p,n,s,g
e,f,f,g,f,n,f,w,b,p,t,e,f,f,w,w,p,w,o,e,k,a,g
e,f,f,n,t,n,f,c,b,u,t,b,s,s,p,p,p,w,o,p,n,y,d
e,x,s,y,t,l,f,c,b,g,e,c,s,s,w,w,p,w,o,p,k,s,m
e,f,f,g,f,n,f,w,b,h,t,e,s,s,w,w,p,w,o,e,k,s,g
e,x,f,n,f,n,f,w,b,k,t,e,s,s,w,w,p,w,o,e,n,s,g
p,x,s,w,t,p,f,c,n,n,e,e,s,s,w,w,p,w,o,p,k,s,u
e,x,f,w,f,n,f,w,b,n,t,e,f,f,w,w,p,w,o,e,n,s,g
e,f,f,w,f,n,f,w,b,n,t,e,f,s,w,w,p,w,o,e,k,a,g
e,x,s,w,f,n,f,w,b,n,t,e,s,f,w,w,p,w,o,e,n,a,g
e,x,s,g,f,n,f,w,b,k,t,e,s,f,w,w,p,w,o,e,k,a,g
e,x,y,y,t,l,f,c,b,n,e,c,s,s,w,w,p,w,o,p,n,n,g
e,x,s,y,t,l,f,c,b,n,e,c,s,s,w,w,p,w,o,p,k,n,m
e,x,s,g,f,n,f,w,b,p,t,e,s,f,w,w,p,w,o,e,k,a,g
e,x,s,n,f,n,f,w,b,p,t,e,f,s,w,w,p,w,o,e,n,s,g
e,f,f,n,f,n,f,c,n,n,e,e,s,s,w,w,p,w,o,p,k,v,u
e,f,s,w,f,n,f,w,b,k,t,e,s,f,w,w,p,w,o,e,k,s,g
e,f,s,w,f,n,f,w,b,n,t,e,f,f,w,w,p,w,o,e,k,a,g
e,x,y,y,t,l,f,c,b,n,e,c,s,s,w,w,p,w,o,p,n,s,m
e,f,s,w,t,a,f,w,n,w,t,b,s,s,w,w,p,w,o,p,u,v,d
e,b,s,w,t,l,f,c,b,w,e,c,s,s,w,w,p,w,o,p,n,n,m
p,f,y,w,t,p,f,c,n,p,e,e,s,s,w,w,p,w,o,p,k,v,u
e,x,f,g,t,n,f,c,b,n,t,b,s,s,p,p,p,w,o,p,k,y,d
e,f,y,n,t,l,f,c,b,p,e,r,s,y,w,w,p,w,o,p,n,y,g
e,f,s,n,f,n,f,w,b,k,t,e,s,s,w,w,p,w,o,e,n,s,g
p,x,s,w,t,p,f,c,n,w,e,e,s,s,w,w,p,w,o,p,k,v,g
e,x,y,n,t,l,f,c,b,p,e,r,s,y,w,w,p,w,o,p,n,y,g
e,x,s,g,f,n,f,w,b,p,t,e,s,f,w,w,p,w,o,e,n,a,g
e,x,s,w,f,n,f,w,b,k,t,e,f,s,w,w,p,w,o,e,n,a,g
e,f,f,w,f,n,f,w,b,p,t,e,f,s,w,w,p,w,o,e,n,s,g
e,x,f,n,f,n,f,w,b,k,t,e,s,s,w,w,p,w,o,e,n,a,g
e,x,s,w,t,l,f,c,b,k,e,c,s,s,w,w,p,w,o,p,n,s,g
e,x,y,w,t,a,f,c,b,g,e,c,s,s,w,w,p,w,o,p,n,s,m
e,x,s,w,f,n,f,w,b,k,t,e,s,s,w,w,p,w,o,e,k,s,g
e,f,y,y,t,a,f,c,b,p,e,r,s,y,w,w,p,w,o,p,n,s,p
e,f,s,n,f,n,f,w,b,n,t,e,s,f,w,w,p,w,o,e,k,s,g
e,f,f,g,f,n,f,w,b,h,t,e,f,f,w,w,p,w,o,e,k,s,g
e,f,f,y,t,a,f,w,n,p,t,b,s,s,w,w,p,w,o,p,u,v,d
e,f,y,n,t,l,f,c,b,n,e,r,s,y,w,w,p,w,o,p,n,s,g
e,x,f,n,t,n,f,c,b,p,t,b,s,s,p,w,p,w,o,p,n,y,d
p,f,s,n,t,p,f,c,n,w,e,e,s,s,w,w,p,w,o,p,n,s,g
e,x,f,n,t,n,f,c,b,n,t,b,s,s,w,p,p,w,o,p,k,v,d
e,f,f,n,f,n,f,w,b,n,t,e,f,f,w,w,p,w,o,e,n,a,g
e,b,s,y,t,a,f,c,b,w,e,c,s,s,w,w,p,w,o,p,k,n,m
e,b,y,w,t,a,f,c,b,k,e,c,s,s,w,w,p,w,o,p,k,n,g
e,x,y,w,t,a,f,c,b,w,e,c,s,s,w,w,p,w,o,p,n,s,m
p,f,y,w,t,p,f,c,n,n,e,e,s,s,w,w,p,w,o,p,k,v,u
p,f,y,w,t,p,f,c,n,p,e,e,s,s,w,w,p,w,o,p,n,s,g
e,x,f,n,f,n,f,c,n,n,e,e,s,s,w,w,p,w,o,p,n,v,u
e,f,s,y,t,l,f,w,n,w,t,b,s,s,w,w,p,w,o,p,u,v,d
e,x,y,y,t,l,f,c,b,k,e,c,s,s,w,w,p,w,o,p,k,n,m
e,x,s,w,f,n,f,w,b,k,t,e,s,s,w,w,p,w,o,e,k,a,g
e,x,f,g,t,n,f,c,b,u,t,b,s,s,g,g,p,w,o,p,n,y,d
p,x,y,n,t,p,f,c,n,n,e,e,s,s,w,w,p,w,o,p,k,v,g
e,x,f,g,f,n,f,w,b,p,t,e,s,f,w,w,p,w,o,e,n,s,g
e,f,f,n,f,n,f,w,b,p,t,e,s,f,w,w,p,w,o,e,n,s,g
e,x,s,w,f,n,f,w,b,p,t,e,s,s,w,w,p,w,o,e,n,s,g
e,f,f,w,f,n,f,w,b,p,t,e,f,f,w,w,p,w,o,e,k,a,g
e,x,y,y,t,a,f,c,b,k,e,c,s,s,w,w,p,w,o,p,k,s,m
e,f,f,y,t,a,f,w,n,n,t,b,s,s,w,w,p,w,o,p,n,v,d
e,x,f,g,f,n,f,c,n,k,e,e,s,s,w,w,p,w,o,p,k,y,u
p,x,s,n,t,p,f,c,n,p,e,e,s,s,w,w,p,w,o,p,k,s,u
e,x,y,y,t,a,f,c,b,w,e,r,s,y,w,w,p,w,o,p,n,y,p
e,f,y,n,t,a,f,c,b,n,e,r,s,y,w,w,p,w,o,p,k,s,p
e,x,f,w,f,n,f,w,b,h,t,e,s,s,w,w,p,w,o,e,k,a,g
e,x,y,n,t,n,f,c,b,u,t,b,s,s,g,g,p,w,o,p,n,v,d
e,x,s,g,f,n,f,w,b,h,t,e,f,f,w,w,p,w,o,e,n,a,g
e,x,s,w,t,a,f,c,b,w,e,c,s,s,w,w,p,w,o,p,n,s,g
e,x,f,g,f,n,f,w,b,h,t,e,s,f,w,w,p,w,o,e,n,s,g
p,f,y,n,t,p,f,c,n,n,e,e,s,s,w,w,p,w,o,p,n,s,u
e,x,f,n,t,n,f,c,b,p,t,b,s,s,g,w,p,w,o,p,k,v,d
e,x,f,g,f,n,f,w,b,k,t,e,f,f,w,w,p,w,o,e,k,a,g
e,x,f,e,t,n,f,c,b,w,t,b,s,s,w,w,p,w,o,p,k,v,d
e,x,f,n,t,n,f,c,b,u,t,b,s,s,g,g,p,w,o,p,k,y,d
e,x,f,g,f,n,f,w,b,p,t,e,s,f,w,w,p,w,o,e,n,a,g
e,x,y,y,t,l,f,c,b,w,e,r,s,y,w,w,p,w,o,p,n,s,p
e,x,f,n,f,n,f,w,b,k,t,e,f,s,w,w,p,w,o,e,k,s,g
e,b,s,y,t,l,f,c,b,k,e,c,s,s,w,w,p,w,o,p,k,s,g
e,x,f,w,t,l,f,w,n,p,t,b,s,s,w,w,p,w,o,p,n,v,d
e,f,s,g,f,n,f,w,b,k,t,e,s,f,w,w,p,w,o,e,n,s,g
e,x,y,y,t,l,f,c,b,w,e,c,s,s,w,w,p,w,o,p,k,n,g
e,x,f,n,f,n,f,w,b,h,t,e,s,s,w,w,p,w,o,e,n,s,g
e,f,s,w,f,n,f,w,b,h,t,e,s,f,w,w,p,w,o,e,n,a,g
e,x,s,y,t,l,f,w,n,n,t,b,s,s,w,w,p,w,o,p,n,v,d
e,x,s,g,f,n,f,w,b,k,t,e,f,s,w,w,p,w,o,e,n,s,g
e,x,f,g,f,n,f,w,b,n,t,e,f,f,w,w,p,w,o,e,n,s,g
p,f,y,w,t,p,f,c,n,k,e,e,s,s,w,w,p,w,o,p,k,s,u
e,f,f,y,t,l,f,w,n,p,t,b,s,s,w,w,p,w,o,p,u,v,d
e,x,y,w,t,a,f,c,b,k,e,c,s,s,w,w,p,w,o,p,k,s,g
e,f,f,w,f,n,f,w,b,p,t,e,f,s,w,w,p,w,o,e,n,a,g
e,x,f,n,t,n,f,c,b,u,t,b,s,s,g,g,p,w,o,p,k,v,d
e,x,y,n,t,l,f,c,b,n,e,r,s,y,w,w,p,w,o,p,n,s,g
e,x,s,w,f,n,f,w,b,h,t,e,s,f,w,w,p,w,o,e,n,a,g
p,f,y,w,t,p,f,c,n,k,e,e,s,s,w,w,p,w,o,p,n,v,g
e,x,s,y,t,a,f,c,b,k,e,c,s,s,w,w,p,w,o,p,n,s,g
e,x,f,g,t,n,f,c,b,p,t,b,s,s,p,w,p,w,o,p,k,y,d
e,f,y,y,t,l,f,c,b,p,e,r,s,y,w,w,p,w,o,p,k,s,p
e,f,s,g,f,n,f,w,b,k,t,e,f,s,w,w,p,w,o,e,k,a,g
e,f,f,n,f,n,f,c,n,p,e,e,s,s,w,w,p,w,o,p,n,y,u
p,f,y,w,t,p,f,c,n,n,e,e,s,s,w,w,p,w,o,p,n,v,g
e,f,f,g,f,n,f,w,b,k,t,e,f,s,w,w,p,w,o,e,n,s,g
e,x,y,n,t,l,f,c,b,p,e,r,s,y,w,w,p,w,o,p,k,s,p
e,f,f,w,f,n,f,w,b,h,t,e,s,s,w,w,p,w,o,e,k,a,g
p,f,y,n,t,p,f,c,n,k,e,e,s,s,w,w,p,w,o,p,n,v,u
e,b,s,y,t,l,f,c,b,k,e,c,s,s,w,w,p,w,o,p,k,n,m
e,f,f,g,f,n,f,w,b,n,t,e,f,f,w,w,p,w,o,e,k,s,g
e,b,s,w,t,l,f,c,b,w,e,c,s,s,w,w,p,w,o,p,k,n,g
e,f,f,g,f,n,f,w,b,p,t,e,s,f,w,w,p,w,o,e,n,s,g
e,b,y,w,t,l,f,c,b,n,e,c,s,s,w,w,p,w,o,p,n,n,m
e,x,y,w,t,l,f,c,b,w,e,c,s,s,w,w,p,w,o,p,k,n,m
p,f,y,n,t,p,f,c,n,n,e,e,s,s,w,w,p,w,o,p,k,v,g
e,x,y,y,t,l,f,c,b,w,e,c,s,s,w,w,p,w,o,p,k,s,g
e,s,f,n,f,n,f,c,n,n,e,e,s,s,w,w,p,w,o,p,k,y,u
e,x,y,n,t,a,f,c,b,n,e,r,s,y,w,w,p,w,o,p,k,y,g
e,f,f,g,f,n,f,w,b,n,t,e,s,f,w,w,p,w,o,e,n,a,g
e,f,f,y,t,l,f,w,n,n,t,b,s,s,w,w,p,w,o,p,u,v,d
e,x,s,g,f,n,f,w,b,p,t,e,f,f,w,w,p,w,o,e,n,a,g
p,f,y,n,t,p,f,c,n,n,e,e,s,s,w,w,p,w,o,p,k,v,u
e,x,f,g,f,n,f,w,b,p,t,e,s,s,w,w,p,w,o,e,k,a,g
e,x,s,g,f,n,f,w,b,h,t,e,f,s,w,w,p,w,o,e,k,a,g
e,x,f,g,f,n,f,w,b,h,t,e,f,s,w,w,p,w,o,e,k,s,g
p,x,y,n,t,p,f,c,n,n,e,e,s,s,w,w,p,w,o,p,n,s,g
e,x,f,n,f,n,f,w,b,k,t,e,f,f,w,w,p,w,o,e,n,a,g
e,f,s,w,f,n,f,w,b,k,t,e,f,s,w,w,p,w,o,e,n,s,g
e,x,f,g,f,n,f,w,b,h,t,e,s,s,w,w,p,w,o,e,n,s,g
p,x,y,n,t,p,f,c,n,w,e,e,s,s,w,w,p,w,o,p,n,s,g
e,f,f,n,f,n,f,w,b,n,t,e,s,f,w,w,p,w,o,e,n,a,g
e,f,s,w,f,n,f,w,b,n,t,e,f,s,w,w,p,w,o,e,k,a,g
p,x,y,w,t,p,f,c,n,n,e,e,s,s,w,w,p,w,o,p,k,v,u
e,f,f,g,f,n,f,w,b,k,t,e,s,f,w,w,p,w,o,e,n,a,g
e,b,y,y,t,l,f,c,b,k,e,c,s,s,w,w,p,w,o,p,n,n,g
e,x,s,n,f,n,f,w,b,h,t,e,f,f,w,w,p,w,o,e,n,a,g
e,f,f,n,f,n,f,w,b,k,t,e,f,s,w,w,p,w,o,e,k,a,g
p,f,s,w,t,p,f,c,n,n,e,e,s,s,w,w,p,w,o,p,k,s,g
e,x,y,n,t,a,f,c,b,w,e,r,s,y,w,w,p,w,o,p,n,s,g
e,f,f,w,f,n,f,w,b,k,t,e,f,s,w,w,p,w,o,e,k,a,g
e,f,y,n,t,l,f,c,b,p,e,r,s,y,w,w,p,w,o,p,k,s,g
e,f,f,g,f,n,f,w,b,p,t,e,s,s,w,w,p,w,o,e,k,s,g
e,f,f,g,f,n,f,w,b,n,t,e,f,f,w,w,p,w,o,e,n,s,g
e,f,s,g,f,n,f,w,b,h,t,e,f,f,w,w,p,w,o,e,n,s,g
e,f,f,n,f,n,f,w,b,k,t,e,f,s,w,w,p,w,o,e,k,s,g
e,x,s,g,f,n,f,w,b,h,t,e,s,s,w,w,p,w,o,e,n,s,g
e,x,f,w,f,n,f,w,b,p,t,e,f,s,w,w,p,w,o,e,k,s,g
e,f,f,w,f,n,f,w,b,k,t,e,s,f,w,w,p,w,o,e,k,a,g
e,x,s,n,f,n,f,w,b,p,t,e,f,f,w,w,p,w,o,e,n,s,g
e,x,f,n,t,n,f,c,b,p,t,b,s,s,p,p,p,w,o,p,k,v,d
e,f,s,y,t,a,f,w,n,p,t,b,s,s,w,w,p,w,o,p,u,v,d
e,x,f,w,f,n,f,w,b,p,t,e,s,s,w,w,p,w,o,e,k,s,g
e,f,s,w,f,n,f,w,b,p,t,e,s,s,w,w,p,w,o,e,k,a,g
e,b,s,y,t,a,f,c,b,k,e,c,s,s,w,w,p,w,o,p,n,n,g
e,x,f,w,f,n,f,w,b,h,t,e,s,f,w,w,p,w,o,e,n,a,g
e,x,f,g,f,n,f,w,b,k,t,e,s,f,w,w,p,w,o,e,k,a,g
p,f,s,n,t,p,f,c,n,p,e,e,s,s,w,w,p,w,o,p,n,v,u
e,x,f,g,f,n,f,w,b,n,t,e,f,s,w,w,p,w,o,e,k,a,g
p,x,s,n,t,p,f,c,n,p,e,e,s,s,w,w,p,w,o,p,k,s,g
e,f,s,w,f,n,f,w,b,k,t,e,f,f,w,w,p,w,o,e,n,s,g
e,x,y,w,t,a,f,c,b,g,e,c,s,s,w,w,p,w,o,p,k,n,g
e,x,f,n,f,n,f,w,b,h,t,e,s,s,w,w,p,w,o,e,k,s,g
e,x,f,n,t,n,f,c,b,n,t,b,s,s,w,p,p,w,o,p,n,y,d
e,b,y,y,t,l,f,c,b,w,e,c,s,s,w,w,p,w,o,p,n,s,g
e,f,f,w,f,n,f,w,b,h,t,e,s,s,w,w,p,w,o,e,n,a,g
e,x,s,n,f,n,f,w,b,n,t,e,f,s,w,w,p,w,o,e,n,a,g
e,f,f,w,f,n,f,w,b,n,t,e,s,s,w,w,p,w,o,e,n,a,g
e,x,f,n,t,n,f,c,b,p,t,b,s,s,w,p,p,w,o,p,n,v,d
e,f,f,w,f,n,f,w,b,h,t,e,s,f,w,w,p,w,o,e,n,s,g
e,x,s,w,f,n,f,w,b,k,t,e,s,f,w,w,p,w,o,e,k,a,g
e,x,s,n,f,n,f,w,b,n,t,e,f,f,w,w,p,w,o,e,n,a,g
e,x,f,w,f,n,f,w,b,n,t,e,f,s,w,w,p,w,o,e,n,s,g
e,f,s,g,f,n,f,w,b,k,t,e,f,s,w,w,p,w,o,e,k,s,g
e,x,f,g,f,n,f,w,b,n,t,e,s,s,w,w,p,w,o,e,n,a,g
e,x,f,g,f,n,f,w,b,h,t,e,f,f,w,w,p,w,o,e,k,a,g
e,f,s,n,f,n,f,w,b,h,t,e,f,s,w,w,p,w,o,e,k,a,g
e,f,s,w,f,n,f,w,b,p,t,e,f,f,w,w,p,w,o,e,k,a,g
e,f,y,n,t,a,f,c,b,n,e,r,s,y,w,w,p,w,o,p,k,y,p
p,x,y,w,t,p,f,c,n,k,e,e,s,s,w,w,p,w,o,p,n,v,g
e,f,s,g,f,n,f,w,b,h,t,e,f,s,w,w,p,w,o,e,k,a,g
p,x,y,w,t,p,f,c,n,n,e,e,s,s,w,w,p,w,o,p,k,v,g
e,b,y,w,t,a,f,c,b,k,e,c,s,s,w,w,p,w,o,p,n,s,m
e,x,s,g,f,n,f,w,b,n,t,e,s,s,w,w,p,w,o,e,k,s,g
e,f,f,g,f,n,f,w,b,h,t,e,s,f,w,w,p,w,o,e,k,a,g
e,f,f,w,f,n,f,w,b,n,t,e,s,f,w,w,p,w,o,e,n,s,g
e,f,s,g,f,n,f,w,b,h,t,e,f,f,w,w,p,w,o,e,k,s,g
e,b,y,w,t,a,f,c,b,g,e,c,s,s,w,w,p,w,o,p,n,n,g
e,x,f,g,f,n,f,w,b,n,t,e,f,s,w,w,p,w,o,e,k,s,g
e,x,f,e,t,n,f,c,b,p,t,b,s,s,w,w,p,w,o,p,n,v,d
e,x,y,y,t,a,f,c,b,p,e,r,s,y,w,w,p,w,o,p,k,s,p
e,x,s,w,f,n,f,w,b,k,t,e,f,f,w,w,p,w,o,e,k,s,g
e,b,s,w,t,a,f,c,b,w,e,c,s,s,w,w,p,w,o,p,n,n,m
p,x,s,n,t,p,f,c,n,k,e,e,s,s,w,w,p,w,o,p,k,v,g
e,x,f,n,t,n,f,c,b,p,t,b,s,s,p,p,p,w,o,p,k,y,d
e,f,s,n,f,n,f,w,b,n,t,e,s,s,w,w,p,w,o,e,k,s,g
e,b,s,w,t,a,f,c,b,g,e,c,s,s,w,w,p,w,o,p,n,n,m
e,x,s,g,f,n,f,w,b,n,t,e,f,s,w,w,p,w,o,e,k,s,g
e,x,f,n,t,n,f,c,b,u,t,b,s,s,p,g,p,w,o,p,k,v,d
e,f,f,w,f,n,f,w,b,p,t,e,f,f,w,w,p,w,o,e,n,a,g
e,x,f,n,f,n,f,c,n,g,e,e,s,s,w,w,p,w,o,p,k,v,u
e,x,f,g,f,n,f,c,n,g,e,e,s,s,w,w,p,w,o,p,k,v,u
e,x,f,g,f,n,f,c,n,p,e,e,s,s,w,w,p,w,o,p,k,y,u
e,b,y,y,t,l,f,c,b,g,e,c,s,s,w,w,p,w,o,p,k,s,m
e,f,f,n,f,n,f,c,n,g,e,e,s,s,w,w,p,w,o,p,n,v,u
e,x,f,w,f,n,f,w,b,k,t,e,s,f,w,w,p,w,o,e,n,a,g
e,f,y,n,t,a,f,c,b,w,e,r,s,y,w,w,p,w,o,p,k,s,p
e,x,y,n,t,l,f,c,b,p,e,r,s,y,w,w,p,w,o,p,k,y,p
e,x,y,y,t,l,f,c,b,p,e,r,s,y,w,w,p,w,o,p,k,y,g
e,f,f,g,f,n,f,w,b,h,t,e,f,s,w,w,p,w,o,e,n,a,g
e,x,y,w,t,a,f,c,b,n,e,c,s,s,w,w,p,w,o,p,k,n,g
e,x,y,w,t,a,f,c,b,n,e,c,s,s,w,w,p,w,o,p,k,s,g
e,f,s,w,f,n,f,w,b,n,t,e,f,f,w,w,p,w,o,e,n,a,g
e,f,s,g,f,n,f,w,b,h,t,e,s,s,w,w,p,w,o,e,k,a,g
p,f,s,n,t,p,f,c,n,p,e,e,s,s,w,w,p,w,o,p,k,v,u
e,x,y,y,t,l,f,c,b,n,e,c,s,s,w,w,p,w,o,p,n,s,g
e,x,f,n,f,n,f,w,b,p,t,e,s,s,w,w,p,w,o,e,n,s,g
e,x,f,w,f,n,f,w,b,p,t,e,f,f,w,w,p,w,o,e,k,s,g
e,x,s,y,t,l,f,c,b,w,e,c,s,s,w,w,p,w,o,p,n,s,m
e,x,f,e,t,n,f,c,b,p,t,b,s,s,g,p,p,w,o,p,n,v,d
e,f,y,n,t,l,f,c,b,p,e,r,s,y,w,w,p,w,o,p,n,s,p
e,b,s,w,t,a,f,c,b,g,e,c,s,s,w,w,p,w,o,p,k,n,g
p,x,s,n,t,p,f,c,n,k,e,e,s,s,w,w,p,w,o,p,k,s,g
e,x,f,g,f,n,f,w,b,k,t,e,f,s,w,w,p,w,o,e,k,s,g
e,b,y,w,t,a,f,c,b,n,e,c,s,s,w,w,p,w,o,p,n,n,m
e,x,s,w,t,l,f,c,b,k,e,c,s,s,w,w,p,w,o,p,n,n,g
e,b,y,y,t,l,f,c,b,k,e,c,s,s,w,w,p,w,o,p,k,s,m
e,x,y,w,t,l,f,c,b,w,e,c,s,s,w,w,p,w,o,p,n,n,g
e,x,s,y,t,a,f,c,b,g,e,c,s,s,w,w,p,w,o,p,n,n,g
e,b,s,w,t,a,f,c,b,w,e,c,s,s,w,w,p,w,o,p,k,n,g
e,f,s,n,f,n,f,w,b,k,t,e,s,s,w,w,p,w,o,e,k,s,g
p,f,s,w,t,p,f,c,n,n,e,e,s,s,w,w,p,w,o,p,n,s,g
e,f,s,n,f,n,f,w,b,h,t,e,s,s,w,w,p,w,o,e,n,a,g
e,f,f,n,f,n,f,w,b,h,t,e,s,s,w,w,p,w,o,e,k,a,g
p,f,y,w,t,p,f,c,n,p,e,e,s,s,w,w,p,w,o,p,k,s,u
e,f,s,w,f,n,f,w,b,h,t,e,f,s,w,w,p,w,o,e,k,a,g
e,x,f,w,f,n,f,w,b,p,t,e,s,s,w,w,p,w,o,e,n,s,g
e,x,s,n,f,n,f,w,b,p,t,e,s,f,w,w,p,w,o,e,k,a,g
e,f,s,n,f,n,f,w,b,p,t,e,s,s,w,w,p,w,o,e,k,a,g
e,f,y,y,t,a,f,c,b,n,e,r,s,y,w,w,p,w,o,p,k,y,g
e,x,f,g,f,n,f,w,b,n,t,e,f,f,w,w,p,w,o,e,k,a,g
e,x,f,n,f,n,f,w,b,n,t,e,s,s,w,w,p,w,o,e,k,a,g
p,f,s,n,t,p,f,c,n,k,e,e,s,s,w,w,p,w,o,p,n,v,g
e,x,s,w,f,n,f,w,b,p,t,e,f,f,w,w,p,w,o,e,n,a,g
e,f,f,n,f,n,f,w,b,p,t,e,f,s,w,w,p,w,o,e,k,s,g
e,f,f,w,f,n,f,w,b,h,t,e,f,f,w,w,p,w,o,e,n,a,g
e,f,f,w,f,n,f,w,b,k,t,e,f,f,w,w,p,w,o,e,n,s,g
e,x,y,y,t,a,f,c,b,n,e,r,s,y,w,w,p,w,o,p,k,s,g
e,x,s,g,f,n,f,w,b,k,t,e,f,f,w,w,p,w,o,e,n,s,g
e,x,f,g,f,n,f,w,b,k,t,e,f,f,w,w,p,w,o,e,n,a,g
e,f,f,n,f,n,f,w,b,h,t,e,f,f,w,w,p,w,o,e,k,s,g
e,f,s,n,f,n,f,w,b,p,t,e,f,s,w,w,p,w,o,e,k,a,g
e,x,f,w,f,n,f,w,b,k,t,e,s,s,w,w,p,w,o,e,k,s,g
e,x,y,e,t,n,f,c,b,w,t,b,s,s,g,p,p,w,o,p,n,v,d
e,x,f,n,f,n,f,w,b,p,t,e,s,s,w,w,p,w,o,e,k,a,g
p,x,s,w,t,p,f,c,n,p,e,e,s,s,w,w,p,w,o,p,n,v,g
e,x,y,n,t,n,f,c,b,w,t,b,s,s,p,g,p,w,o,p,k,y,d
e,x,f,n,f,n,f,w,b,n,t,e,s,f,w,w,p,w,o,e,n,s,g
p,f,y,w,t,p,f,c,n,w,e,e,s,s,w,w,p,w,o,p,n,s,g
e,f,f,g,f,n,f,w,b,k,t,e,f,s,w,w,p,w,o,e,k,a,g
e,x,f,w,f,n,f,w,b,p,t,e,f,f,w,w,p,w,o,e,n,a,g
e,f,s,n,f,n,f,w,b,h,t,e,s,f,w,w,p,w,o,e,k,a,g
e,f,f,g,f,n,f,w,b,p,t,e,s,f,w,w,p,w,o,e,k,a,g
e,f,s,g,f,n,f,w,b,p,t,e,f,s,w,w,p,w,o,e,k,a,g
e,f,f,g,f,n,f,w,b,h,t,e,s,f,w,w,p,w,o,e,n,s,g
e,x,s,g,f,n,f,w,b,h,t,e,s,f,w,w,p,w,o,e,n,s,g
e,x,s,n,f,n,f,w,b,h,t,e,s,f,w,w,p,w,o,e,k,s,g
p,f,s,w,t,p,f,c,n,p,e,e,s,s,w,w,p,w,o,p,k,v,u
e,x,s,g,f,n,f,w,b,k,t,e,f,f,w,w,p,w,o,e,n,a,g
p,x,s,w,t,p,f,c,n,p,e,e,s,s,w,w,p,w,o,p,k,s,g
p,f,s,w,t,p,f,c,n,w,e,e,s,s,w,w,p,w,o,p,n,s,u
e,f,s,n,f,n,f,w,b,k,t,e,s,f,w,w,p,w,o,e,n,s,g
e,x,f,g,f,n,f,w,b,k,t,e,s,s,w,w,p,w,o,e,k,a,g
e,f,s,g,f,n,f,w,b,h,t,e,s,s,w,w,p,w,o,e,n,a,g
e,x,s,g,f,n,f,w,b,k,t,e,s,s,w,w,p,w,o,e,k,a,g
e,f,f,g,f,n,f,w,b,n,t,e,f,s,w,w,p,w,o,e,k,a,g
e,f,f,g,f,n,f,w,b,k,t,e,f,s,w,w,p,w,o,e,n,a,g
e,x,y,g,t,n,f,c,b,n,t,b,s,s,g,p,p,w,o,p,n,y,d
e,x,f,n,t,n,f,c,b,n,t,b,s,s,w,w,p,w,o,p,n,v,d
e,f,s,w,f,n,f,w,b,k,t,e,s,f,w,w,p,w,o,e,n,a,g
p,f,y,w,t,p,f,c,n,p,e,e,s,s,w,w,p,w,o,p,n,v,g
p,f,y,n,t,p,f,c,n,k,e,e,s,s,w,w,p,w,o,p,n,s,g
e,x,s,w,f,n,f,w,b,p,t,e,f,s,w,w,p,w,o,e,n,a,g
p,f,s,n,t,p,f,c,n,k,e,e,s,s,w,w,p,w,o,p,n,s,g
e,f,f,n,f,n,f,w,b,h,t,e,s,f,w,w,p,w,o,e,k,s,g
e,f,s,w,f,n,f,w,b,h,t,e,f,s,w,w,p,w,o,e,n,a,g
p,f,s,n,t,p,f,c,n,w,e,e,s,s,w,w,p,w,o,p,k,v,g
p,f,y,w,t,p,f,c,n,p,e,e,s,s,w,w,p,w,o,p,k,v,g
p,f,y,n,t,p,f,c,n,w,e,e,s,s,w,w,p,w,o,p,k,v,g
p,f,s,w,t,p,f,c,n,k,e,e,s,s,w,w,p,w,o,p,k,s,g
e,x,s,w,f,n,f,w,b,k,t,e,f,f,w,w,p,w,o,e,k,a,g
e,x,f,n,t,n,f,c,b,p,t,b,s,s,g,p,p,w,o,p,n,v,d
e,f,s,w,f,n,f,w,b,k,t,e,f,f,w,w,p,w,o,e,n,a,g
e,f,f,g,f,n,f,w,b,p,t,e,f,s,w,w,p,w,o,e,k,a,g
p,f,y,n,t,p,f,c,n,k,e,e,s,s,w,w,p,w,o,p,k,v,u
e,x,s,w,f,n,f,w,b,k,t,e,f,f,w,w,p,w,o,e,n,s,g
e,x,y,e,t,n,f,c,b,n,t,b,s,s,p,w,p,w,o,p,n,y,d
e,f,s,g,f,n,f,w,b,n,t,e,f,s,w,w,p,w,o,e,k,s,g
e,x,s,w,f,n,f,w,b,n,t,e,f,f,w,w,p,w,o,e,n,s,g
p,f,s,w,t,p,f,c,n,p,e,e,s,s,w,w,p,w,o,p,n,s,g
e,f,f,n,f,n,f,w,b,k,t,e,f,s,w,w,p,w,o,e,n,a,g
e,x,f,w,f,n,f,w,b,h,t,e,s,s,w,w,p,w,o,e,k,s,g
p,f,s,w,t,p,f,c,n,k,e,e,s,s,w,w,p,w,o,p,k,s,u
e,x,f,n,f,n,f,w,b,p,t,e,s,f,w,w,p,w,o,e,n,a,g
e,f,f,w,f,n,f,w,b,n,t,e,s,s,w,w,p,w,o,e,n,s,g
e,x,s,w,f,n,f,w,b,h,t,e,s,s,w,w,p,w,o,e,k,s,g
e,f,s,w,f,n,f,w,b,h,t,e,f,s,w,w,p,w,o,e,n,s,g
e,b,y,y,t,a,f,c,b,w,e,c,s,s,w,w,p,w,o,p,k,n,m
e,x,s,g,f,n,f,w,b,n,t,e,s,s,w,w,p,w,o,e,n,a,g
e,x,f,w,f,n,f,w,b,n,t,e,s,f,w,w,p,w,o,e,k,s,g
e,x,s,n,f,n,f,w,b,n,t,e,f,s,w,w,p,w,o,e,n,s,g
e,x,f,n,f,n,f,w,b,n,t,e,f,s,w,w,p,w,o,e,k,a,g
e,f,f,g,f,n,f,w,b,h,t,e,f,f,w,w,p,w,o,e,k,a,g
p,x,y,n,t,p,f,c,n,n,e,e,s,s,w,w,p,w,o,p,k,s,u
e,f,s,g,f,n,f,w,b,h,t,e,f,s,w,w,p,w,o,e,k,s,g
e,x,f,n,t,n,f,c,b,p,t,b,s,s,w,g,p,w,o,p,k,y,d
e,f,s,w,f,n,f,w,b,n,t,e,s,f,w,w,p,w,o,e,k,a,g
e,x,f,n,t,n,f,c,b,n,t,b,s,s,g,g,p,w,o,p,k,v,d
e,x,f,g,f,n,f,w,b,p,t,e,f,s,w,w,p,w,o,e,n,a,g
e,x,f,w,f,n,f,w,b,n,t,e,s,f,w,w,p,w,o,e,k,a,g
p,f,s,w,t,p,f,c,n,k,e,e,s,s,w,w,p,w,o,p,n,v,g
p,f,s,w,t,p,f,c,n,p,e,e,s,s,w,w,p,w,o,p,k,v,g
e,x,s,g,f,n,f,w,b,k,t,e,f,s,w,w,p,w,o,e,n,a,g
e,x,f,n,t,n,f,c,b,u,t,b,s,s,g,p,p,w,o,p,n,v,d
e,x,s,g,f,n,f,w,b,k,t,e,s,f,w,w,p,w,o,e,k,s,g
e,x,y,y,t,a,f,c,b,w,e,r,s,y,w,w,p,w,o,p,k,s,p
e,f,s,w,f,n,f,w,b,n,t,e,s,s,w,w,p,w,o,e,n,a,g
e,x,s,w,f,n,f,w,b,p,t,e,s,s,w,w,p,w,o,e,n,a,g
e,x,f,g,f,n,f,w,b,k,t,e,f,s,w,w,p,w,o,e,k,a,g
e,f,s,w,f,n,f,w,b,h,t,e,s,f,w,w,p,w,o,e,n,s,g
e,x,f,n,t,n,f,c,b,n,t,b,s,s,w,w,p,w,o,p,n,y,d
e,f,s,g,f,n,f,w,b,k,t,e,s,f,w,w,p,w,o,e,n,a,g
e,f,s,g,f,n,f,w,b,h,t,e,s,s,w,w,p,w,o,e,n,s,g
e,f,f,n,f,n,f,w,b,p,t,e,f,s,w,w,p,w,o,e,n,s,g
e,f,s,w,f,n,f,w,b,k,t,e,s,f,w,w,p,w,o,e,n,s,g
e,f,s,w,f,n,f,w,b,h,t,e,s,s,w,w,p,w,o,e,n,a,g
e,f,s,g,f,n,f,w,b,p,t,e,s,s,w,w,p,w,o,e,n,s,g
e,f,f,w,f,n,f,w,b,n,t,e,f,f,w,w,p,w,o,e,n,s,g
e,f,s,n,f,n,f,w,b,p,t,e,s,f,w,w,p,w,o,e,n,a,g
p,f,s,w,t,p,f,c,n,k,e,e,s,s,w,w,p,w,o,p,n,s,g
e,x,f,g,f,n,f,w,b,n,t,e,f,s,w,w,p,w,o,e,n,a,g
e,b,y,y,t,l,f,c,b,k,e,c,s,s,w,w,p,w,o,p,k,n,g
e,f,f,n,f,n,f,w,b,k,t,e,f,f,w,w,p,w,o,e,n,s,g
e,f,s,g,f,n,f,w,b,k,t,e,s,s,w,w,p,w,o,e,n,s,g
e,x,f,n,t,n,f,c,b,n,t,b,s,s,w,g,p,w,o,p,k,y,d
e,b,s,y,t,l,f,c,b,n,e,c,s,s,w,w,p,w,o,p,k,s,m
e,x,s,w,f,n,f,w,b,p,t,e,s,s,w,w,p,w,o,e,k,s,g
e,f,f,n,t,n,f,c,b,n,t,b,s,s,w,p,p,w,o,p,n,y,d
p,x,s,w,t,p,f,c,n,n,e,e,s,s,w,w,p,w,o,p,n,s,g
e,f,f,w,f,n,f,w,b,n,t,e,f,s,w,w,p,w,o,e,k,s,g
p,f,y,w,t,p,f,c,n,k,e,e,s,s,w,w,p,w,o,p,n,s,u
e,x,s,n,f,n,f,w,b,k,t,e,f,s,w,w,p,w,o,e,n,a,g
e,f,s,n,f,n,f,w,b,n,t,e,s,f,w,w,p,w,o,e,k,a,g
e,b,s,y,t,l,f,c,b,g,e,c,s,s,w,w,p,w,o,p,k,n,g
e,f,s,g,f,n,f,w,b,k,t,e,f,f,w,w,p,w,o,e,n,a,g
e,x,s,g,f,n,f,w,b,k,t,e,s,f,w,w,p,w,o,e,n,a,g
e,f,f,g,f,n,f,w,b,k,t,e,f,f,w,w,p,w,o,e,k,s,g
e,x,f,g,f,n,f,w,b,k,t,e,s,s,w,w,p,w,o,e,k,s,g
e,f,s,w,f,n,f,w,b,n,t,e,s,s,w,w,p,w,o,e,k,a,g
p,f,s,n,t,p,f,c,n,k,e,e,s,s,w,w,p,w,o,p,k,v,g
e,f,f,g,f,n,f,w,b,p,t,e,s,f,w,w,p,w,o,e,n,a,g
e,f,s,w,f,n,f,w,b,h,t,e,s,s,w,w,p,w,o,e,k,a,g
e,x,f,n,t,n,f,c,b,n,t,b,s,s,p,g,p,w,o,p,k,y,d
e,x,s,n,f,n,f,w,b,p,t,e,s,f,w,w,p,w,o,e,n,a,g
e,x,f,e,t,n,f,c,b,u,t,b,s,s,w,p,p,w,o,p,n,y,d
e,x,y,y,t,a,f,c,b,n,e,c,s,s,w,w,p,w,o,p,n,n,g
e,f,f,w,f,n,f,w,b,k,t,e,f,s,w,w,p,w,o,e,k,s,g
e,x,s,w,f,n,f,w,b,n,t,e,s,f,w,w,p,w,o,e,k,a,g
e,f,f,n,f,n,f,w,b,h,t,e,f,s,w,w,p,w,o,e,n,a,g
p,f,s,w,t,p,f,c,n,w,e,e,s,s,w,w,p,w,o,p,k,s,u
e,f,f,g,t,n,f,c,b,n,t,b,s,s,w,g,p,w,o,p,n,y,d
e,f,s,w,f,n,f,w,b,n,t,e,s,s,w,w,p,w,o,e,n,s,g
e,f,f,w,f,n,f,w,b,h,t,e,s,f,w,w,p,w,o,e,k,a,g
p,f,y,n,t,p,f,c,n,k,e,e,s,s,w,w,p,w,o,p,n,v,g
e,x,s,w,f,n,f,w,b,p,t,e,f,f,w,w,p,w,o,e,k,s,g
e,x,f,n,t,n,f,c,b,p,t,b,s,s,g,w,p,w,o,p,n,y,d
e,x,y,g,t,n,f,c,b,u,t,b,s,s,w,p,p,w,o,p,n,v,d
e,x,y,g,t,n,f,c,b,p,t,b,s,s,w,g,p,w,o,p,n,v,d
e,f,s,n,f,n,f,w,b,k,t,e,f,f,w,w,p,w,o,e,n,s,g
e,f,s,w,f,n,f,w,b,h,t,e,f,f,w,w,p,w,o,e,n,s,g
e,f,s,n,f,n,f,w,b,k,t,e,s,f,w,w,p,w,o,e,n,a,g
e,x,s,n,f,n,f,w,b,p,t,e,f,f,w,w,p,w,o,e,k,a,g
e,f,f,w,f,n,f,w,b,h,t,e,f,f,w,w,p,w,o,e,k,a,g
e,x,f,n,f,n,f,w,b,n,t,e,f,f,w,w,p,w,o,e,k,s,g
e,f,f,w,f,n,f,w,b,p,t,e,s,s,w,w,p,w,o,e,k,a,g
e,f,f,n,f,n,f,w,b,n,t,e,f,s,w,w,p,w,o,e,n,a,g
e,f,s,w,f,n,f,w,b,n,t,e,f,s,w,w,p,w,o,e,k,s,g
e,f,f,n,f,n,f,w,b,p,t,e,f,s,w,w,p,w,o,e,n,a,g
p,f,y,n,t,p,f,c,n,w,e,e,s,s,w,w,p,w,o,p,k,v,u
e,f,f,w,f,n,f,w,b,k,t,e,s,s,w,w,p,w,o,e,k,a,g
e,f,s,w,f,n,f,w,b,p,t,e,s,f,w,w,p,w,o,e,n,s,g
e,x,f,n,f,n,f,w,b,k,t,e,s,f,w,w,p,w,o,e,n,a,g
e,f,f,w,f,n,f,w,b,p,t,e,f,f,w,w,p,w,o,e,n,s,g
e,x,f,g,f,n,f,w,b,n,t,e,s,f,w,w,p,w,o,e,k,a,g
e,f,s,n,f,n,f,w,b,p,t,e,s,s,w,w,p,w,o,e,n,a,g
e,x,f,g,t,n,f,c,b,n,t,b,s,s,g,g,p,w,o,p,k,v,d
e,f,f,w,f,n,f,w,b,n,t,e,f,s,w,w,p,w,o,e,n,a,g
e,f,f,n,f,n,f,w,b,p,t,e,f,f,w,w,p,w,o,e,k,s,g
e,x,s,n,f,n,f,w,b,p,t,e,s,s,w,w,p,w,o,e,k,s,g
e,x,f,w,f,n,f,w,b,h,t,e,s,f,w,w,p,w,o,e,k,s,g
e,b,s,y,t,l,f,c,b,g,e,c,s,s,w,w,p,w,o,p,k,s,g
p,x,y,n,t,p,f,c,n,p,e,e,s,s,w,w,p,w,o,p,k,s,g
p,f,s,n,t,p,f,c,n,p,e,e,s,s,w,w,p,w,o,p,k,v,g
e,f,f,w,f,n,f,w,b,k,t,e,s,f,w,w,p,w,o,e,k,s,g
e,f,f,n,f,n,f,w,b,k,t,e,s,s,w,w,p,w,o,e,k,s,g
p,f,y,n,t,p,f,c,n,k,e,e,s,s,w,w,p,w,o,p,k,s,g
e,f,f,n,f,n,f,w,b,p,t,e,s,f,w,w,p,w,o,e,k,s,g
p,x,s,w,t,p,f,c,n,n,e,e,s,s,w,w,p,w,o,p,n,v,u
e,f,s,n,f,n,f,w,b,k,t,e,s,s,w,w,p,w,o,e,n,a,g
p,f,y,w,t,p,f,c,n,n,e,e,s,s,w,w,p,w,o,p,n,v,u
e,f,s,n,f,n,f,w,b,n,t,e,f,s,w,w,p,w,o,e,k,a,g
e,f,s,g,f,n,f,w,b,h,t,e,f,f,w,w,p,w,o,e,k,a,g
e,x,f,g,f,n,f,w,b,h,t,e,s,f,w,w,p,w,o,e,k,a,g
e,f,f,n,f,n,f,w,b,k,t,e,s,s,w,w,p,w,o,e,n,s,g
e,x,f,g,t,n,f,c,b,w,t,b,s,s,w,p,p,w,o,p,n,v,d
e,x,f,n,t,n,f,c,b,p,t,b,s,s,g,p,p,w,o,p,k,v,d
e,x,f,n,f,n,f,w,b,k,t,e,s,f,w,w,p,w,o,e,n,s,g
e,x,f,g,t,n,f,c,b,w,t,b,s,s,g,w,p,w,o,p,k,y,d
e,x,s,w,f,n,f,w,b,h,t,e,s,s,w,w,p,w,o,e,n,s,g
e,f,s,w,f,n,f,w,b,h,t,e,f,f,w,w,p,w,o,e,k,a,g
e,x,s,w,f,n,f,w,b,p,t,e,f,s,w,w,p,w,o,e,k,s,g
e,f,f,g,f,n,f,w,b,k,t,e,s,f,w,w,p,w,o,e,k,s,g
e,x,f,n,t,n,f,c,b,p,t,b,s,s,w,p,p,w,o,p,n,y,d
e,x,s,w,f,n,f,w,b,k,t,e,s,f,w,w,p,w,o,e,n,s,g
e,x,s,n,f,n,f,w,b,h,t,e,f,s,w,w,p,w,o,e,k,s,g
e,f,s,g,f,n,f,w,b,p,t,e,s,f,w,w,p,w,o,e,n,s,g
p,f,y,w,t,p,f,c,n,k,e,e,s,s,w,w,p,w,o,p,n,s,g
e,f,s,n,f,n,f,w,b,k,t,e,s,f,w,w,p,w,o,e,k,s,g
e,f,y,y,t,a,f,c,b,p,e,r,s,y,w,w,p,w,o,p,n,y,g
e,x,f,g,t,n,f,c,b,n,t,b,s,s,g,p,p,w,o,p,k,y,d
e,f,s,g,f,n,f,w,b,n,t,e,s,s,w,w,p,w,o,e,n,a,g
e,x,s,g,f,n,f,w,b,h,t,e,f,s,w,w,p,w,o,e,n,a,g
p,f,y,w,t,p,f,c,n,p,e,e,s,s,w,w,p,w,o,p,n,s,u
e,x,s,w,f,n,f,w,b,h,t,e,f,f,w,w,p,w,o,e,k,a,g
e,x,s,w,f,n,f,w,b,p,t,e,s,s,w,w,p,w,o,e,k,a,g
e,f,s,g,f,n,f,w,b,n,t,e,s,s,w,w,p,w,o,e,k,a,g
e,f,s,n,f,n,f,w,b,n,t,e,s,s,w,w,p,w,o,e,n,s,g
e,x,f,n,f,n,f,w,b,k,t,e,f,f,w,w,p,w,o,e,k,s,g
e,f,s,n,f,n,f,w,b,p,t,e,s,f,w,w,p,w,o,e,k,s,g
e,f,s,n,f,n,f,w,b,n,t,e,f,f,w,w,p,w,o,e,n,a,g
e,x,f,w,f,n,f,w,b,n,t,e,s,f,w,w,p,w,o,e,n,a,g
e,f,f,w,f,n,f,w,b,k,t,e,f,s,w,w,p,w,o,e,n,a,g
e,f,f,n,f,n,f,w,b,h,t,e,s,f,w,w,p,w,o,e,k,a,g
e,x,y,w,t,l,f,c,b,g,e,c,s,s,w,w,p,w,o,p,n,s,m
e,x,s,n,f,n,f,w,b,n,t,e,f,s,w,w,p,w,o,e,k,a,g
e,x,s,g,f,n,f,w,b,h,t,e,f,f,w,w,p,w,o,e,n,s,g
e,f,s,w,f,n,f,w,b,k,t,e,f,s,w,w,p,w,o,e,k,a,g
p,x,s,w,t,p,f,c,n,w,e,e,s,s,w,w,p,w,o,p,n,s,u
e,x,s,w,f,n,f,w,b,p,t,e,s,f,w,w,p,w,o,e,k,s,g
e,x,f,n,t,n,f,c,b,n,t,b,s,s,g,p,p,w,o,p,n,v,d
e,f,f,g,f,n,f,w,b,n,t,e,s,s,w,w,p,w,o,e,n,s,g
e,x,s,g,f,n,f,w,b,n,t,e,s,f,w,w,p,w,o,e,k,a,g
e,f,f,n,f,n,f,w,b,n,t,e,s,s,w,w,p,w,o,e,n,a,g
e,f,s,n,f,n,f,w,b,p,t,e,s,s,w,w,p,w,o,e,n,s,g
e,x,s,g,f,n,f,w,b,h,t,e,f,f,w,w,p,w,o,e,k,s,g
e,f,y,n,t,l,f,c,b,n,e,r,s,y,w,w,p,w,o,p,k,s,p
p,f,y,n,t,p,f,c,n,p,e,e,s,s,w,w,p,w,o,p,k,v,u
e,x,s,n,f,n,f,w,b,p,t,e,s,f,w,w,p,w,o,e,n,s,g
e,x,f,n,t,n,f,c,b,p,t,b,s,s,w,w,p,w,o,p,k,v,d
p,f,y,w,t,p,f,c,n,w,e,e,s,s,w,w,p,w,o,p,k,s,g
p,x,s,w,t,p,f,c,n,p,e,e,s,s,w,w,p,w,o,p,k,s,u
p,f,s,n,t,p,f,c,n,p,e,e,s,s,w,w,p,w,o,p,n,s,u
e,x,f,n,t,n,f,c,b,u,t,b,s,s,g,p,p,w,o,p,k,y,d
e,b,y,w,t,l,f,c,b,g,e,c,s,s,w,w,p,w,o,p,k,n,m
p,f,y,w,t,p,f,c,n,k,e,e,s,s,w,w,p,w,o,p,k,s,g
e,f,f,w,f,n,f,w,b,p,t,e,s,f,w,w,p,w,o,e,k,a,g
e,x,s,w,f,n,f,w,b,n,t,e,f,s,w,w,p,w,o,e,n,s,g
e,x,f,n,t,n,f,c,b,n,t,b,s,s,g,p,p,w,o,p,k,y,d
e,x,s,n,f,n,f,w,b,h,t,e,f,s,w,w,p,w,o,e,k,a,g
e,f,f,n,f,n,f,w,b,p,t,e,s,s,w,w,p,w,o,e,k,s,g
e,f,f,n,f,n,f,w,b,n,t,e,f,f,w,w,p,w,o,e,n,s,g
p,f,y,n,t,p,f,c,n,p,e,e,s,s,w,w,p,w,o,p,n,s,u
p,f,y,w,t,p,f,c,n,w,e,e,s,s,w,w,p,w,o,p,k,v,g
e,x,s,n,f,n,f,w,b,p,t,e,s,f,w,w,p,w,o,e,k,s,g
e,f,f,g,f,n,f,w,b,p,t,e,f,f,w,w,p,w,o,e,n,s,g
e,x,f,n,t,n,f,c,b,n,t,b,s,s,p,g,p,w,o,p,k,v,d
e,f,s,g,f,n,f,w,b,k,t,e,f,s,w,w,p,w,o,e,n,s,g
e,f,f,n,f,n,f,w,b,h,t,e,f,s,w,w,p,w,o,e,k,a,g
p,f,s,n,t,p,f,c,n,k,e,e,s,s,w,w,p,w,o,p,n,v,u
e,x,f,n,f,n,f,w,b,n,t,e,f,f,w,w,p,w,o,e,n,a,g
p,f,y,n,t,p,f,c,n,p,e,e,s,s,w,w,p,w,o,p,n,v,g
e,x,s,g,f,n,f,w,b,n,t,e,f,f,w,w,p,w,o,e,k,a,g
e,f,f,w,f,n,f,w,b,p,t,e,f,f,w,w,p,w,o,e,k,s,g
e,x,s,w,f,n,f,w,b,n,t,e,s,s,w,w,p,w,o,e,n,a,g
e,x,f,n,t,n,f,c,b,n,t,b,s,s,p,p,p,w,o,p,n,y,d
e,x,s,n,f,n,f,w,b,h,t,e,f,s,w,w,p,w,o,e,n,s,g
p,f,s,w,t,p,f,c,n,k,e,e,s,s,w,w,p,w,o,p,n,s,u
e,x,f,n,t,n,f,c,b,p,t,b,s,s,w,g,p,w,o,p,n,v,d
e,x,s,w,f,n,f,w,b,n,t,e,f,f,w,w,p,w,o,e,k,s,g
e,f,s,w,f,n,f,w,b,k,t,e,f,s,w,w,p,w,o,e,k,s,g
e,x,s,w,t,a,f,w,n,n,t,b,s,s,w,w,p,w,o,p,u,v,d
e,x,f,n,f,n,f,w,b,p,t,e,f,f,w,w,p,w,o,e,n,s,g
e,x,y,g,t,n,f,c,b,p,t,b,s,s,g,w,p,w,o,p,k,v,d
e,x,f,n,t,n,f,c,b,n,t,b,s,s,g,g,p,w,o,p,n,y,d
e,x,s,y,t,a,f,w,n,p,t,b,s,s,w,w,p,w,o,p,u,v,d
e,f,f,g,f,n,f,w,b,h,t,e,s,s,w,w,p,w,o,e,k,a,g
e,x,s,n,f,n,f,w,b,n,t,e,s,s,w,w,p,w,o,e,k,s,g
e,x,y,e,t,n,f,c,b,u,t,b,s,s,g,w,p,w,o,p,n,y,d
e,f,s,g,f,n,f,w,b,p,t,e,f,f,w,w,p,w,o,e,k,a,g
p,f,s,w,t,p,f,c,n,n,e,e,s,s,w,w,p,w,o,p,k,v,u
e,f,f,w,f,n,f,w,b,p,t,e,s,f,w,w,p,w,o,e,n,s,g
e,x,f,g,f,n,f,w,b,h,t,e,s,s,w,w,p,w,o,e,n,a,g
e,f,f,n,f,n,f,w,b,k,t,e,s,f,w,w,p,w,o,e,n,s,g
e,f,s,n,f,n,f,w,b,p,t,e,f,f,w,w,p,w,o,e,k,a,g
e,x,f,w,f,n,f,w,b,k,t,e,f,f,w,w,p,w,o,e,n,a,g
p,f,y,w,t,p,f,c,n,p,e,e,s,s,w,w,p,w,o,p,k,s,g
e,x,f,w,f,n,f,w,b,k,t,e,f,s,w,w,p,w,o,e,n,s,g
e,f,s,n,f,n,f,w,b,k,t,e,f,f,w,w,p,w,o,e,n,a,g
e,x,s,n,f,n,f,w,b,n,t,e,f,s,w,w,p,w,o,e,k,s,g
e,x,f,g,f,n,f,w,b,p,t,e,s,s,w,w,p,w,o,e,k,s,g
e,x,s,n,f,n,f,w,b,k,t,e,s,s,w,w,p,w,o,e,k,a,g
e,f,y,y,t,l,f,c,b,n,e,r,s,y,w,w,p,w,o,p,k,y,g
p,x,y,n,t,p,f,c,n,n,e,e,s,s,w,w,p,w,o,p,k,v,u
e,x,f,w,f,n,f,w,b,p,t,e,s,f,w,w,p,w,o,e,k,a,g
e,f,s,w,f,n,f,w,b,k,t,e,f,f,w,w,p,w,o,e,k,s,g
e,x,s,n,f,n,f,w,b,h,t,e,s,f,w,w,p,w,o,e,n,s,g
p,f,y,n,t,p,f,c,n,p,e,e,s,s,w,w,p,w,o,p,n,s,g
e,f,f,g,f,n,f,w,b,p,t,e,f,s,w,w,p,w,o,e,k,s,g
p,f,s,w,t,p,f,c,n,p,e,e,s,s,w,w,p,w,o,p,n,s,u
e,f,s,n,f,n,f,w,b,n,t,e,f,s,w,w,p,w,o,e,k,s,g
e,x,s,g,f,n,f,w,b,p,t,e,f,s,w,w,p,w,o,e,k,s,g
e,x,f,g,f,n,f,w,b,n,t,e,s,s,w,w,p,w,o,e,k,a,g
e,f,f,n,f,n,f,w,b,n,t,e,s,s,w,w,p,w,o,e,k,s,g
e,f,s,g,f,n,f,w,b,h,t,e,s,f,w,w,p,w,o,e,n,s,g
e,x,s,w,f,n,f,w,b,p,t,e,s,f,w,w,p,w,o,e,n,s,g
e,x,f,n,f,n,f,w,b,k,t,e,s,f,w,w,p,w,o,e,k,a,g
e,x,f,g,f,n,f,w,b,p,t,e,s,f,w,w,p,w,o,e,k,s,g
e,f,f,n,f,n,f,w,b,p,t,e,s,s,w,w,p,w,o,e,n,a,g
e,b,y,y,t,a,f,c,b,n,e,c,s,s,w,w,p,w,o,p,k,n,m
e,f,f,g,f,n,f,w,b,k,t,e,s,f,w,w,p,w,o,e,n,s,g
e,x,f,g,f,n,f,w,b,h,t,e,s,s,w,w,p,w,o,e,k,a,g
e,f,f,w,f,n,f,w,b,n,t,e,f,f,w,w,p,w,o,e,n,a,g
e,x,f,n,t,n,f,c,b,p,t,b,s,s,p,p,p,w,o,p,n,y,d
p,f,s,n,t,p,f,c,n,w,e,e,s,s,w,w,p,w,o,p,k,s,u
e,x,f,n,t,n,f,c,b,p,t,b,s,s,p,g,p,w,o,p,n,y,d
e,x,f,n,f,n,f,w,b,h,t,e,f,f,w,w,p,w,o,e,n,a,g
e,x,f,n,t,n,f,c,b,p,t,b,s,s,w,p,p,w,o,p,k,y,d
e,x,f,w,f,n,f,w,b,n,t,e,f,s,w,w,p,w,o,e,n,a,g
e,f,s,g,f,n,f,w,b,k,t,e,s,s,w,w,p,w,o,e,k,s,g
e,f,s,n,f,n,f,w,b,h,t,e,s,s,w,w,p,w,o,e,k,a,g
e,x,y,y,t,a,f,c,b,g,e,c,s,s,w,w,p,w,o,p,k,s,m
e,x,f,w,t,a,f,w,n,p,t,b,s,s,w,w,p,w,o,p,u,v,d
e,f,f,g,f,n,f,w,b,n,t,e,f,f,w,w,p,w,o,e,n,a,g
e,f,f,n,f,n,f,w,b,h,t,e,s,f,w,w,p,w,o,e,n,a,g
e,f,f,n,f,n,f,w,b,n,t,e,s,f,w,w,p,w,o,e,n,s,g
e,b,y,y,t,a,f,c,b,g,e,c,s,s,w,w,p,w,o,p,k,s,g
e,x,f,n,f,n,f,w,b,h,t,e,f,f,w,w,p,w,o,e,k,s,g
e,x,y,w,t,l,f,c,b,n,e,c,s,s,w,w,p,w,o,p,n,s,g
e,f,s,w,f,n,f,w,b,n,t,e,s,f,w,w,p,w,o,e,k,s,g
e,x,s,w,f,n,f,w,b,k,t,e,s,s,w,w,p,w,o,e,n,a,g
e,x,f,n,f,n,f,w,b,n,t,e,f,f,w,w,p,w,o,e,n,s,g
e,x,s,n,f,n,f,w,b,n,t,e,s,f,w,w,p,w,o,e,n,a,g
e,x,s,n,f,n,f,w,b,n,t,e,f,f,w,w,p,w,o,e,n,s,g
e,x,y,n,t,n,f,c,b,w,t,b,s,s,w,w,p,w,o,p,n,y,d
e,f,s,g,f,n,f,w,b,n,t,e,f,f,w,w,p,w,o,e,k,s,g
e,x,y,y,t,a,f,c,b,g,e,c,s,s,w,w,p,w,o,p,k,n,m
e,x,s,w,f,n,f,w,b,n,t,e,f,f,w,w,p,w,o,e,k,a,g
p,f,y,w,t,p,f,c,n,n,e,e,s,s,w,w,p,w,o,p,k,s,u
e,f,s,w,f,n,f,w,b,h,t,e,s,s,w,w,p,w,o,e,n,s,g
p,f,s,w,t,p,f,c,n,n,e,e,s,s,w,w,p,w,o,p,n,s,u
e,f,s,g,f,n,f,w,b,h,t,e,s,s,w,w,p,w,o,e,k,s,g
e,f,f,g,f,n,f,w,b,k,t,e,f,f,w,w,p,w,o,e,n,s,g
p,x,s,w,t,p,f,c,n,p,e,e,s,s,w,w,p,w,o,p,n,s,g
e,x,s,g,f,n,f,w,b,p,t,e,f,f,w,w,p,w,o,e,k,a,g
p,x,s,w,t,p,f,c,n,p,e,e,s,s,w,w,p,w,o,p,n,s,u
e,x,s,g,f,n,f,w,b,p,t,e,f,f,w,w,p,w,o,e,n,s,g
e,f,s,w,f,n,f,w,b,p,t,e,s,s,w,w,p,w,o,e,k,s,g
p,f,y,w,t,p,f,c,n,w,e,e,s,s,w,w,p,w,o,p,n,v,g
e,x,f,w,f,n,f,w,b,n,t,e,s,s,w,w,p,w,o,e,k,a,g
e,x,s,n,f,n,f,w,b,h,t,e,s,s,w,w,p,w,o,e,k,a,g
e,x,f,w,f,n,f,w,b,p,t,e,f,f,w,w,p,w,o,e,n,s,g
e,x,f,w,f,n,f,w,b,p,t,e,f,s,w,w,p,w,o,e,k,a,g
e,x,y,e,t,n,f,c,b,u,t,b,s,s,g,g,p,w,o,p,k,y,d
p,f,s,n,t,p,f,c,n,k,e,e,s,s,w,w,p,w,o,p,k,s,u
e,f,f,g,f,n,f,w,b,k,t,e,f,s,w,w,p,w,o,e,k,s,g
e,x,y,y,t,a,f,c,b,w,e,r,s,y,w,w,p,w,o,p,k,y,g
e,x,f,n,f,n,f,w,b,h,t,e,s,s,w,w,p,w,o,e,n,a,g
e,f,f,n,f,n,f,w,b,k,t,e,f,f,w,w,p,w,o,e,k,a,g
e,b,s,w,t,l,f,c,b,g,e,c,s,s,w,w,p,w,o,p,k,n,m
e,f,s,g,f,n,f,w,b,k,t,e,s,f,w,w,p,w,o,e,k,a,g
e,f,f,w,f,n,f,w,b,n,t,e,f,f,w,w,p,w,o,e,k,a,g
e,f,f,n,f,n,f,w,b,h,t,e,s,s,w,w,p,w,o,e,n,a,g
p,f,s,n,t,p,f,c,n,w,e,e,s,s,w,w,p,w,o,p,n,s,u
e,x,s,n,f,n,f,w,b,h,t,e,s,f,w,w,p,w,o,e,n,a,g
e,b,y,y,t,a,f,c,b,w,e,c,s,s,w,w,p,w,o,p,k,n,g
e,f,s,g,f,n,f,w,b,p,t,e,s,f,w,w,p,w,o,e,n,a,g
e,f,s,n,f,n,f,w,b,h,t,e,s,f,w,w,p,w,o,e,k,s,g
e,x,f,g,f,n,f,w,b,h,t,e,f,s,w,w,p,w,o,e,n,a,g
e,f,s,g,f,n,f,w,b,p,t,e,s,f,w,w,p,w,o,e,k,s,g
e,x,f,n,f,n,f,w,b,p,t,e,f,s,w,w,p,w,o,e,k,a,g
e,x,f,n,t,n,f,c,b,p,t,b,s,s,p,g,p,w,o,p,n,v,d
e,b,y,w,t,l,f,c,b,g,e,c,s,s,w,w,p,w,o,p,n,n,m
e,x,f,g,t,n,f,c,b,n,t,b,s,s,g,w,p,w,o,p,n,v,d
p,f,y,n,t,p,f,c,n,p,e,e,s,s,w,w,p,w,o,p,k,s,g
e,x,s,w,f,n,f,w,b,h,t,e,s,s,w,w,p,w,o,e,n,a,g
p,f,s,n,t,p,f,c,n,k,e,e,s,s,w,w,p,w,o,p,k,v,u
e,f,s,n,f,n,f,w,b,n,t,e,s,f,w,w,p,w,o,e,n,a,g
e,f,f,n,f,n,f,w,b,k,t,e,s,f,w,w,p,w,o,e,k,a,g
e,x,f,w,f,n,f,w,b,k,t,e,s,f,w,w,p,w,o,e,k,a,g
e,x,f,n,f,n,f,w,b,n,t,e,f,s,w,w,p,w,o,e,n,a,g
e,f,s,n,f,n,f,w,b,n,t,e,f,f,w,w,p,w,o,e,n,s,g
e,x,s,y,t,l,f,c,b,g,e,c,s,s,w,w,p,w,o,p,k,s,g
e,f,s,w,f,n,f,w,b,k,t,e,s,f,w,w,p,w,o,e,k,a,g
e,x,s,w,f,n,f,w,b,k,t,e,f,s,w,w,p,w,o,e,k,s,g
p,x,y,n,t,p,f,c,n,p,e,e,s,s,w,w,p,w,o,p,k,v,g
e,f,f,g,f,n,f,w,b,n,t,e,s,f,w,w,p,w,o,e,k,a,g
p,f,y,n,t,p,f,c,n,n,e,e,s,s,w,w,p,w,o,p,k,s,g
e,f,f,w,f,n,f,w,b,n,t,e,s,s,w,w,p,w,o,e,k,a,g
e,x,f,n,t,n,f,c,b,p,t,b,s,s,p,w,p,w,o,p,k,v,d
e,x,f,g,f,n,f,w,b,k,t,e,s,f,w,w,p,w,o,e,k,s,g
p,f,s,n,t,p,f,c,n,w,e,e,s,s,w,w,p,w,o,p,n,v,u
e,f,s,g,f,n,f,w,b,h,t,e,s,f,w,w,p,w,o,e,k,s,g
p,x,s,w,t,p,f,c,n,w,e,e,s,s,w,w,p,w,o,p,n,v,u
e,x,f,n,t,n,f,c,b,p,t,b,s,s,g,g,p,w,o,p,n,v,d
e,x,f,n,f,n,f,w,b,p,t,e,f,s,w,w,p,w,o,e,n,s,g
e,x,y,y,t,a,f,c,b,n,e,r,s,y,w,w,p,w,o,p,n,s,p
e,f,f,w,f,n,f,w,b,h,t,e,f,f,w,w,p,w,o,e,k,s,g
e,f,s,w,f,n,f,w,b,p,t,e,s,f,w,w,p,w,o,e,n,a,g
e,x,f,g,f,n,f,w,b,n,t,e,f,s,w,w,p,w,o,e,n,s,g
e,f,f,g,f,n,f,w,b,p,t,e,f,f,w,w,p,w,o,e,k,s,g
e,f,f,w,f,n,f,w,b,n,t,e,s,f,w,w,p,w,o,e,n,a,g
e,x,f,g,f,n,f,w,b,n,t,e,f,f,w,w,p,w,o,e,k,s,g
e,f,f,g,f,n,f,w,b,k,t,e,f,f,w,w,p,w,o,e,n,a,g
e,x,f,g,t,n,f,c,b,w,t,b,s,s,w,w,p,w,o,p,n,v,d
e,x,s,g,f,n,f,w,b,p,t,e,f,s,w,w,p,w,o,e,k,a,g
e,f,s,g,f,n,f,w,b,p,t,e,f,s,w,w,p,w,o,e,k,s,g
e,x,y,n,t,l,f,c,b,w,e,r,s,y,w,w,p,w,o,p,n,s,g
e,x,y,g,t,n,f,c,b,n,t,b,s,s,p,g,p,w,o,p,k,y,d
e,f,s,g,f,n,f,w,b,k,t,e,f,f,w,w,p,w,o,e,k,a,g
e,f,f,w,f,n,f,w,b,k,t,e,s,f,w,w,p,w,o,e,n,s,g
e,f,s,n,f,n,f,w,b,h,t,e,f,f,w,w,p,w,o,e,n,a,g
e,f,f,w,f,n,f,w,b,p,t,e,s,s,w,w,p,w,o,e,k,s,g
e,f,f,n,f,n,f,w,b,n,t,e,s,f,w,w,p,w,o,e,k,a,g
e,f,s,g,f,n,f,w,b,k,t,e,s,s,w,w,p,w,o,e,k,a,g
e,x,s,n,f,n,f,w,b,n,t,e,s,s,w,w,p,w,o,e,n,s,g
e,x,f,n,t,n,f,c,b,p,t,b,s,s,w,w,p,w,o,p,n,y,d
e,x,s,n,f,n,f,w,b,k,t,e,f,f,w,w,p,w,o,e,n,s,g
e,x,f,n,f,n,f,w,b,k,t,e,f,s,w,w,p,w,o,e,k,a,g
e,f,s,w,f,n,f,w,b,p,t,e,f,f,w,w,p,w,o,e,n,a,g
e,x,f,n,f,n,f,c,n,p,e,e,s,s,w,w,p,w,o,p,k,y,u
p,f,s,w,t,p,f,c,n,p,e,e,s,s,w,w,p,w,o,p,k,s,u
p,f,s,n,t,p,f,c,n,p,e,e,s,s,w,w,p,w,o,p,n,v,g
e,x,f,n,t,n,f,c,b,u,t,b,s,s,w,g,p,w,o,p,k,v,d
e,x,s,w,f,n,f,w,b,n,t,e,f,s,w,w,p,w,o,e,n,a,g
e,f,f,g,f,n,f,w,b,k,t,e,s,s,w,w,p,w,o,e,n,a,g
e,x,s,n,f,n,f,w,b,h,t,e,s,s,w,w,p,w,o,e,n,s,g
e,x,f,n,f,n,f,w,b,h,t,e,f,f,w,w,p,w,o,e,n,s,g
e,x,s,g,f,n,f,w,b,h,t,e,s,s,w,w,p,w,o,e,k,s,g
e,f,f,g,f,n,f,w,b,n,t,e,f,f,w,w,p,w,o,e,k,a,g
e,f,s,n,f,n,f,w,b,p,t,e,s,f,w,w,p,w,o,e,n,s,g
e,f,s,g,f,n,f,w,b,n,t,e,s,f,w,w,p,w,o,e,k,a,g
e,x,f,e,t,n,f,c,b,n,t,b,s,s,p,p,p,w,o,p,k,v,d
p,f,y,w,t,p,f,c,n,k,e,e,s,s,w,w,p,w,o,p,n,v,u
e,x,f,n,f,n,f,w,b,h,t,e,f,s,w,w,p,w,o,e,n,s,g
e,x,f,n,t,n,f,c,b,n,t,b,s,s,w,g,p,w,o,p,n,v,d
p,f,s,n,t,p,f,c,n,k,e,e,s,s,w,w,p,w,o,p,n,s,u
p,f,s,w,t,p,f,c,n,k,e,e,s,s,w,w,p,w,o,p,k,v,g
p,f,s,w,t,p,f,c,n,n,e,e,s,s,w,w,p,w,o,p,k,s,u
e,f,f,w,f,n,f,w,b,h,t,e,s,f,w,w,p,w,o,e,n,a,g
e,f,s,n,f,n,f,w,b,h,t,e,f,s,w,w,p,w,o,e,n,s,g
e,f,f,n,f,n,f,w,b,h,t,e,f,f,w,w,p,w,o,e,k,a,g
e,x,s,n,f,n,f,w,b,h,t,e,s,f,w,w,p,w,o,e,k,a,g
e,f,s,n,f,n,f,w,b,k,t,e,s,f,w,w,p,w,o,e,k,a,g
p,f,s,w,t,p,f,c,n,p,e,e,s,s,w,w,p,w,o,p,n,v,g
p,f,s,w,t,p,f,c,n,n,e,e,s,s,w,w,p,w,o,p,k,v,g
e,f,s,g,f,n,f,w,b,p,t,e,f,f,w,w,p,w,o,e,n,a,g
e,x,s,n,f,n,f,w,b,k,t,e,f,s,w,w,p,w,o,e,k,a,g
e,x,s,n,f,n,f,w,b,h,t,e,f,f,w,w,p,w,o,e,n,s,g
e,x,f,n,t,n,f,c,b,w,t,b,s,s,w,g,p,w,o,p,k,v,d
e,x,f,n,t,n,f,c,b,n,t,b,s,s,g,w,p,w,o,p,n,v,d
e,f,f,w,f,n,f,w,b,p,t,e,f,s,w,w,p,w,o,e,k,a,g
e,f,f,w,f,n,f,w,b,n,t,e,f,s,w,w,p,w,o,e,n,s,g
e,x,f,w,f,n,f,w,b,k,t,e,f,f,w,w,p,w,o,e,k,a,g
e,x,s,y,t,l,f,c,b,n,e,c,s,s,w,w,p,w,o,p,n,n,m
e,f,s,g,f,n,f,w,b,n,t,e,f,f,w,w,p,w,o,e,n,a,g
e,x,s,w,f,n,f,w,b,h,t,e,s,f,w,w,p,w,o,e,n,s,g
e,x,f,n,f,n,f,w,b,n,t,e,s,s,w,w,p,w,o,e,n,s,g
e,x,f,n,f,n,f,w,b,p,t,e,f,s,w,w,p,w,o,e,n,a,g
e,x,s,w,f,n,f,w,b,n,t,e,s,s,w,w,p,w,o,e,n,s,g
e,x,s,n,f,n,f,w,b,h,t,e,f,f,w,w,p,w,o,e,k,s,g
e,x,s,g,f,n,f,w,b,h,t,e,f,s,w,w,p,w,o,e,n,s,g
e,x,s,g,f,n,f,w,b,p,t,e,s,f,w,w,p,w,o,e,k,s,g
e,f,s,w,f,n,f,w,b,p,t,e,s,s,w,w,p,w,o,e,n,s,g
e,x,s,n,f,n,f,w,b,n,t,e,f,f,w,w,p,w,o,e,k,a,g
e,f,f,g,f,n,f,w,b,p,t,e,s,s,w,w,p,w,o,e,n,s,g
e,f,f,w,f,n,f,w,b,h,t,e,s,s,w,w,p,w,o,e,k,s,g
e,x,f,w,f,n,f,w,b,n,t,e,s,s,w,w,p,w,o,e,n,a,g
e,f,f,g,f,n,f,w,b,h,t,e,f,s,w,w,p,w,o,e,k,s,g
e,x,f,g,f,n,f,w,b,p,t,e,s,f,w,w,p,w,o,e,k,a,g
e,x,y,y,t,a,f,c,b,g,e,c,s,s,w,w,p,w,o,p,k,n,g
e,x,s,y,t,l,f,c,b,n,e,c,s,s,w,w,p,w,o,p,k,n,g
e,x,s,w,f,n,f,w,b,p,t,e,s,f,w,w,p,w,o,e,k,a,g
p,x,y,n,t,p,f,c,n,k,e,e,s,s,w,w,p,w,o,p,k,s,g
e,x,f,w,f,n,f,w,b,k,t,e,s,f,w,w,p,w,o,e,n,s,g
p,x,s,w,t,p,f,c,n,w,e,e,s,s,w,w,p,w,o,p,k,s,u
e,x,y,g,t,n,f,c,b,n,t,b,s,s,p,g,p,w,o,p,n,v,d
p,f,s,w,t,p,f,c,n,w,e,e,s,s,w,w,p,w,o,p,k,v,u
e,x,y,y,t,l,f,c,b,g,e,c,s,s,w,w,p,w,o,p,n,s,g
e,x,y,w,t,l,f,c,b,n,e,c,s,s,w,w,p,w,o,p,n,n,m
e,f,y,n,t,l,f,c,b,n,e,r,s,y,w,w,p,w,o,p,n,y,p
e,x,s,w,f,n,f,w,b,n,t,e,s,f,w,w,p,w,o,e,n,s,g
e,f,s,n,f,n,f,w,b,p,t,e,f,s,w,w,p,w,o,e,k,s,g
e,x,s,g,f,n,f,w,b,p,t,e,s,s,w,w,p,w,o,e,k,a,g
e,x,s,w,f,n,f,w,b,n,t,e,f,s,w,w,p,w,o,e,k,a,g
e,f,s,n,f,n,f,w,b,h,t,e,f,f,w,w,p,w,o,e,n,s,g
e,f,s,n,f,n,f,w,b,n,t,e,s,s,w,w,p,w,o,e,k,a,g
e,x,s,g,f,n,f,w,b,n,t,e,f,f,w,w,p,w,o,e,k,s,g
e,b,s,w,t,l,f,c,b,n,e,c,s,s,w,w,p,w,o,p,n,n,g
e,x,s,g,f,n,f,w,b,p,t,e,s,s,w,w,p,w,o,e,k,s,g
e,x,s,y,t,l,f,c,b,w,e,c,s,s,w,w,p,w,o,p,k,s,m
p,f,y,w,t,p,f,c,n,n,e,e,s,s,w,w,p,w,o,p,k,v,g
e,f,s,w,f,n,f,w,b,p,t,e,f,f,w,w,p,w,o,e,k,s,g
e,f,s,n,f,n,f,w,b,h,t,e,f,f,w,w,p,w,o,e,k,s,g
e,f,s,g,f,n,f,w,b,n,t,e,s,s,w,w,p,w,o,e,n,s,g
e,f,f,g,f,n,f,w,b,h,t,e,f,s,w,w,p,w,o,e,n,s,g
e,x,y,n,t,n,f,c,b,p,t,b,s,s,g,w,p,w,o,p,n,y,d
e,x,f,n,t,n,f,c,b,n,t,b,s,s,g,g,p,w,o,p,k,y,d
e,x,y,y,t,a,f,c,b,n,e,r,s,y,w,w,p,w,o,p,n,y,p
e,x,f,g,t,n,f,c,b,w,t,b,s,s,p,p,p,w,o,p,k,y,d
e,f,f,g,f,n,f,w,b,p,t,e,f,f,w,w,p,w,o,e,n,a,g
e,f,s,n,f,n,f,w,b,h,t,e,f,s,w,w,p,w,o,e,k,s,g
e,f,s,w,f,n,f,w,b,n,t,e,s,f,w,w,p,w,o,e,n,a,g
e,x,f,g,f,n,f,w,b,k,t,e,f,s,w,w,p,w,o,e,n,a,g
e,f,s,w,f,n,f,w,b,n,t,e,f,f,w,w,p,w,o,e,k,s,g
e,f,f,g,f,n,f,w,b,n,t,e,f,s,w,w,p,w,o,e,n,a,g
e,x,f,g,f,n,f,w,b,k,t,e,s,s,w,w,p,w,o,e,n,a,g
e,x,s,n,f,n,f,w,b,k,t,e,s,f,w,w,p,w,o,e,n,a,g
e,x,f,n,t,n,f,c,b,w,t,b,s,s,w,g,p,w,o,p,k,y,d
e,f,s,w,f,n,f,w,b,k,t,e,s,s,w,w,p,w,o,e,n,s,g
e,f,f,n,f,n,f,w,b,n,t,e,f,s,w,w,p,w,o,e,k,s,g
p,f,y,n,t,p,f,c,n,w,e,e,s,s,w,w,p,w,o,p,k,s,g
e,x,f,n,t,n,f,c,b,n,t,b,s,s,p,w,p,w,o,p,k,y,d
e,x,f,n,f,n,f,w,b,p,t,e,f,f,w,w,p,w,o,e,k,s,g
e,f,f,w,f,n,f,w,b,n,t,e,s,f,w,w,p,w,o,e,k,s,g
p,f,y,n,t,p,f,c,n,n,e,e,s,s,w,w,p,w,o,p,n,v,u
e,f,f,g,f,n,f,w,b,k,t,e,s,s,w,w,p,w,o,e,k,s,g
e,x,f,g,t,n,f,c,b,n,t,b,s,s,w,w,p,w,o,p,k,v,d
e,x,f,w,f,n,f,w,b,p,t,e,f,f,w,w,p,w,o,e,k,a,g
e,x,f,g,f,n,f,w,b,h,t,e,f,f,w,w,p,w,o,e,k,s,g
e,x,f,n,t,n,f,c,b,w,t,b,s,s,g,p,p,w,o,p,n,v,d
e,x,s,g,f,n,f,w,b,h,t,e,s,f,w,w,p,w,o,e,n,a,g
e,f,f,w,f,n,f,w,b,p,t,e,s,f,w,w,p,w,o,e,n,a,g
e,x,f,g,t,n,f,c,b,u,t,b,s,s,p,p,p,w,o,p,k,y,d
e,x,y,w,t,l,f,c,b,w,e,c,s,s,w,w,p,w,o,p,k,n,g
e,x,y,w,t,l,f,c,b,k,e,c,s,s,w,w,p,w,o,p,n,n,m
e,f,s,g,f,n,f,w,b,p,t,e,f,s,w,w,p,w,o,e,n,s,g
e,f,s,w,f,n,f,w,b,k,t,e,s,s,w,w,p,w,o,e,k,a,g
e,f,s,n,f,n,f,w,b,n,t,e,f,f,w,w,p,w,o,e,k,s,g
e,f,s,w,f,n,f,w,b,p,t,e,f,s,w,w,p,w,o,e,k,a,g
e,x,f,n,f,n,f,w,b,h,t,e,s,f,w,w,p,w,o,e,n,a,g
e,x,s,n,f,n,f,w,b,n,t,e,s,f,w,w,p,w,o,e,n,s,g
e,b,y,y,t,a,f,c,b,g,e,c,s,s,w,w,p,w,o,p,n,n,m
p,f,y,w,t,p,f,c,n,k,e,e,s,s,w,w,p,w,o,p,k,v,g
e,x,s,n,f,n,f,w,b,k,t,e,s,f,w,w,p,w,o,e,k,a,g
e,f,s,n,f,n,f,w,b,k,t,e,f,s,w,w,p,w,o,e,k,s,g
e,x,y,n,t,a,f,c,b,n,e,r,s,y,w,w,p,w,o,p,k,s,g
e,x,s,g,f,n,f,w,b,n,t,e,f,f,w,w,p,w,o,e,n,a,g
e,f,s,w,f,n,f,w,b,k,t,e,f,s,w,w,p,w,o,e,n,a,g
p,x,s,n,t,p,f,c,n,n,e,e,s,s,w,w,p,w,o,p,k,v,u
e,f,s,g,f,n,f,w,b,n,t,e,f,f,w,w,p,w,o,e,k,a,g
e,x,f,w,f,n,f,w,b,p,t,e,f,s,w,w,p,w,o,e,n,s,g
p,f,s,n,t,p,f,c,n,n,e,e,s,s,w,w,p,w,o,p,k,v,g
e,x,f,n,f,n,f,w,b,p,t,e,s,s,w,w,p,w,o,e,n,a,g
e,x,s,n,f,n,f,w,b,p,t,e,f,s,w,w,p,w,o,e,k,a,g
e,x,f,n,t,n,f,c,b,u,t,b,s,s,g,p,p,w,o,p,k,v,d
e,f,s,w,f,n,f,w,b,p,t,e,f,s,w,w,p,w,o,e,k,s,g
p,f,s,w,t,p,f,c,n,p,e,e,s,s,w,w,p,w,o,p,n,v,u
e,x,f,w,f,n,f,w,b,h,t,e,s,f,w,w,p,w,o,e,k,a,g
e,f,f,n,f,n,f,w,b,h,t,e,s,s,w,w,p,w,o,e,n,s,g
e,f,s,g,f,n,f,w,b,p,t,e,f,f,w,w,p,w,o,e,n,s,g
e,x,f,w,f,n,f,w,b,n,t,e,f,f,w,w,p,w,o,e,k,a,g
e,f,y,n,t,l,f,c,b,w,e,r,s,y,w,w,p,w,o,p,n,y,g
p,f,s,w,t,p,f,c,n,w,e,e,s,s,w,w,p,w,o,p,n,s,g
e,x,f,w,f,n,f,w,b,p,t,e,s,s,w,w,p,w,o,e,n,a,g
e,f,f,n,f,n,f,c,n,p,e,e,s,s,w,w,p,w,o,p,k,y,u
p,f,y,n,t,p,f,c,n,w,e,e,s,s,w,w,p,w,o,p,n,s,u
e,f,s,w,f,n,f,w,b,n,t,e,s,f,w,w,p,w,o,e,n,s,g
e,x,f,g,f,n,f,w,b,k,t,e,f,f,w,w,p,w,o,e,n,s,g
e,f,y,y,t,a,f,c,b,n,e,r,s,y,w,w,p,w,o,p,n,y,p
e,x,f,w,f,n,f,w,b,h,t,e,f,f,w,w,p,w,o,e,n,s,g
e,x,f,w,f,n,f,w,b,h,t,e,f,f,w,w,p,w,o,e,k,a,g
p,f,y,n,t,p,f,c,n,n,e,e,s,s,w,w,p,w,o,p,n,s,g
e,f,f,n,f,n,f,w,b,h,t,e,f,s,w,w,p,w,o,e,k,s,g
e,f,f,g,f,n,f,w,b,k,t,e,s,s,w,w,p,w,o,e,n,s,g
e,x,f,n,f,n,f,w,b,n,t,e,s,s,w,w,p,w,o,e,k,s,g
e,x,f,n,t,n,f,c,b,p,t,b,s,s,p,p,p,w,o,p,n,v,d
e,x,s,g,f,n,f,w,b,k,t,e,f,f,w,w,p,w,o,e,k,s,g
e,x,s,g,f,n,f,w,b,n,t,e,f,s,w,w,p,w,o,e,k,a,g
e,x,f,w,f,n,f,w,b,k,t,e,f,f,w,w,p,w,o,e,k,s,g
e,f,f,g,f,n,f,w,b,h,t,e,s,s,w,w,p,w,o,e,n,s,g
e,x,f,n,t,n,f,c,b,n,t,b,s,s,w,w,p,w,o,p,k,y,d
e,x,s,w,f,n,f,w,b,p,t,e,f,f,w,w,p,w,o,e,n,s,g
p,x,s,w,t,p,f,c,n,n,e,e,s,s,w,w,p,w,o,p,n,s,u
e,f,s,g,f,n,f,w,b,n,t,e,s,f,w,w,p,w,o,e,n,a,g
e,x,s,n,f,n,f,w,b,k,t,e,s,s,w,w,p,w,o,e,n,s,g
e,x,f,n,t,n,f,c,b,p,t,b,s,s,w,g,p,w,o,p,k,v,d
e,x,y,y,t,a,f,c,b,p,e,r,s,y,w,w,p,w,o,p,n,y,g
e,x,s,g,f,n,f,w,b,k,t,e,f,f,w,w,p,w,o,e,k,a,g
e,x,f,n,f,n,f,w,b,h,t,e,f,s,w,w,p,w,o,e,k,a,g
e,x,f,w,f,n,f,w,b,k,t,e,s,s,w,w,p,w,o,e,k,a,g
e,x,y,y,t,a,f,c,b,k,e,c,s,s,w,w,p,w,o,p,n,s,g
e,x,f,n,t,n,f,c,b,p,t,b,s,s,g,w,p,w,o,p,k,y,d
e,x,f,w,f,n,f,w,b,p,t,e,s,s,w,w,p,w,o,e,k,a,g
e,x,f,w,f,n,f,w,b,n,t,e,f,s,w,w,p,w,o,e,k,a,g
p,f,s,n,t,p,f,c,n,n,e,e,s,s,w,w,p,w,o,p,n,s,u
p,f,s,w,t,p,f,c,n,k,e,e,s,s,w,w,p,w,o,p,k,v,u
e,x,s,n,f,n,f,w,b,p,t,e,s,s,w,w,p,w,o,e,k,a,g
e,x,f,g,f,n,f,c,n,n,e,e,s,s,w,w,p,w,o,p,n,v,u
e,f,s,n,f,n,f,w,b,p,t,e,f,f,w,w,p,w,o,e,k,s,g
e,x,s,w,f,n,f,w,b,k,t,e,f,s,w,w,p,w,o,e,k,a,g
p,f,s,w,t,p,f,c,n,w,e,e,s,s,w,w,p,w,o,p,k,s,g
e,b,s,y,t,a,f,c,b,k,e,c,s,s,w,w,p,w,o,p,n,s,g
e,x,f,n,f,n,f,w,b,h,t,e,f,f,w,w,p,w,o,e,k,a,g
p,f,y,n,t,p,f,c,n,n,e,e,s,s,w,w,p,w,o,p,k,s,u
e,x,s,g,f,n,f,w,b,h,t,e,f,f,w,w,p,w,o,e,k,a,g
e,x,s,g,f,n,f,w,b,k,t,e,s,f,w,w,p,w,o,e,n,s,g
e,x,s,w,f,n,f,w,b,n,t,e,f,s,w,w,p,w,o,e,k,s,g
p,f,s,w,t,p,f,c,n,n,e,e,s,s,w,w,p,w,o,p,n,v,u
e,f,s,w,f,n,f,w,b,k,t,e,f,f,w,w,p,w,o,e,k,a,g
e,x,f,n,f,n,f,w,b,h,t,e,f,s,w,w,p,w,o,e,n,a,g
e,f,f,n,f,n,f,w,b,p,t,e,s,s,w,w,p,w,o,e,n,s,g
e,x,f,n,f,n,f,w,b,p,t,e,f,f,w,w,p,w,o,e,n,a,g
p,f,y,n,t,p,f,c,n,k,e,e,s,s,w,w,p,w,o,p,k,v,g
e,x,f,w,f,n,f,w,b,p,t,e,s,f,w,w,p,w,o,e,n,s,g
e,f,s,w,f,n,f,w,b,p,t,e,f,s,w,w,p,w,o,e,n,a,g
p,f,y,w,t,p,f,c,n,k,e,e,s,s,w,w,p,w,o,p,k,v,u
e,f,s,g,f,n,f,w,b,p,t,e,s,f,w,w,p,w,o,e,k,a,g
e,f,y,n,t,n,f,c,b,w,t,b,s,s,w,g,p,w,o,p,n,v,d
e,x,f,g,f,n,f,w,b,h,t,e,s,f,w,w,p,w,o,e,n,a,g
e,x,f,g,t,n,f,c,b,u,t,b,s,s,w,p,p,w,o,p,k,v,d
e,x,y,n,t,n,f,c,b,p,t,b,s,s,p,w,p,w,o,p,n,v,d
e,f,f,n,t,n,f,c,b,n,t,b,s,s,p,g,p,w,o,p,n,y,d
e,f,y,e,t,n,f,c,b,p,t,b,s,s,p,p,p,w,o,p,k,v,d
e,f,s,g,f,n,f,w,b,h,t,e,f,s,w,w,p,w,o,e,n,s,g
e,x,f,g,t,n,f,c,b,u,t,b,s,s,p,p,p,w,o,p,n,y,d
e,x,y,g,t,n,f,c,b,p,t,b,s,s,g,p,p,w,o,p,k,y,d
e,x,f,g,f,n,f,w,b,p,t,e,f,s,w,w,p,w,o,e,n,s,g
p,f,s,n,t,p,f,c,n,n,e,e,s,s,w,w,p,w,o,p,n,s,g
e,f,f,n,t,n,f,c,b,n,t,b,s,s,g,w,p,w,o,p,k,v,d
p,x,s,n,t,p,f,c,n,n,e,e,s,s,w,w,p,w,o,p,k,v,g
e,x,s,w,t,a,f,c,b,n,e,c,s,s,w,w,p,w,o,p,n,s,g
e,x,s,w,f,n,f,w,b,h,t,e,s,s,w,w,p,w,o,e,k,a,g
e,x,y,y,t,a,f,c,b,g,e,c,s,s,w,w,p,w,o,p,n,s,g
p,x,f,g,f,f,f,c,b,h,e,b,k,k,n,b,p,w,o,l,h,y,g
e,f,s,n,f,n,f,w,b,k,t,e,f,s,w,w,p,w,o,e,n,a,g
e,f,s,w,f,n,f,w,b,p,t,e,f,f,w,w,p,w,o,e,n,s,g
e,x,f,n,t,n,f,c,b,p,t,b,s,s,g,g,p,w,o,p,k,v,d
e,f,s,n,f,n,f,w,b,h,t,e,s,s,w,w,p,w,o,e,k,s,g
e,x,f,n,f,n,f,w,b,h,t,e,s,f,w,w,p,w,o,e,k,s,g
p,x,s,w,t,p,f,c,n,p,e,e,s,s,w,w,p,w,o,p,k,v,u
e,f,f,n,t,n,f,c,b,p,t,b,s,s,p,g,p,w,o,p,n,y,d
e,x,y,w,t,l,f,c,b,k,e,c,s,s,w,w,p,w,o,p,n,n,g
e,f,f,g,f,n,f,w,b,n,t,e,f,s,w,w,p,w,o,e,k,s,g
e,x,y,e,t,n,f,c,b,n,t,b,s,s,w,g,p,w,o,p,n,v,d
e,f,f,w,f,n,f,w,b,n,t,e,s,s,w,w,p,w,o,e,k,s,g
e,x,s,g,f,n,f,w,b,p,t,e,f,s,w,w,p,w,o,e,n,a,g
e,x,y,n,t,n,f,c,b,n,t,b,s,s,w,p,p,w,o,p,k,v,d
e,x,y,g,t,n,f,c,b,w,t,b,s,s,w,g,p,w,o,p,n,y,d
e,x,f,g,t,n,f,c,b,u,t,b,s,s,g,w,p,w,o,p,k,v,d
e,f,s,w,f,n,f,w,b,n,t,e,f,s,w,w,p,w,o,e,n,a,g
e,x,f,g,t,n,f,c,b,u,t,b,s,s,p,w,p,w,o,p,k,v,d
e,x,f,n,t,n,f,c,b,u,t,b,s,s,g,g,p,w,o,p,n,v,d
e,x,f,e,t,n,f,c,b,w,t,b,s,s,g,w,p,w,o,p,n,v,d
e,x,y,n,t,n,f,c,b,w,t,b,s,s,p,g,p,w,o,p,n,y,d
e,f,f,w,f,n,f,w,b,h,t,e,f,f,w,w,p,w,o,e,n,s,g
e,x,y,n,t,n,f,c,b,p,t,b,s,s,p,w,p,w,o,p,k,y,d
e,x,s,g,f,n,f,w,b,n,t,e,s,f,w,w,p,w,o,e,k,s,g
e,x,f,g,f,n,f,w,b,h,t,e,f,s,w,w,p,w,o,e,k,a,g
e,f,f,w,f,n,f,w,b,p,t,e,s,s,w,w,p,w,o,e,n,a,g
e,x,y,g,t,n,f,c,b,p,t,b,s,s,w,p,p,w,o,p,k,v,d
p,f,y,n,t,p,f,c,n,k,e,e,s,s,w,w,p,w,o,p,n,s,u
e,x,y,e,t,n,f,c,b,p,t,b,s,s,p,g,p,w,o,p,k,v,d
e,f,f,w,f,n,f,w,b,p,t,e,s,f,w,w,p,w,o,e,k,s,g
e,f,s,g,f,n,f,w,b,h,t,e,f,s,w,w,p,w,o,e,n,a,g
e,x,y,g,t,n,f,c,b,w,t,b,s,s,g,p,p,w,o,p,n,v,d
e,f,f,g,t,n,f,c,b,p,t,b,s,s,p,w,p,w,o,p,k,v,d
e,x,f,n,t,n,f,c,b,w,t,b,s,s,g,w,p,w,o,p,k,v,d
e,f,f,e,t,n,f,c,b,n,t,b,s,s,w,p,p,w,o,p,k,v,d
e,x,s,w,f,n,f,w,b,h,t,e,f,s,w,w,p,w,o,e,n,a,g
e,x,f,e,t,n,f,c,b,w,t,b,s,s,w,g,p,w,o,p,n,v,d
e,x,f,n,t,n,f,c,b,p,t,b,s,s,w,p,p,w,o,p,k,v,d
e,x,f,g,t,n,f,c,b,u,t,b,s,s,w,w,p,w,o,p,k,y,d
e,x,f,n,t,n,f,c,b,n,t,b,s,s,p,w,p,w,o,p,n,y,d
e,x,f,y,t,a,f,w,n,w,t,b,s,s,w,w,p,w,o,p,n,v,d
e,x,f,e,t,n,f,c,b,w,t,b,s,s,g,g,p,w,o,p,n,v,d
p,f,s,w,t,p,f,c,n,w,e,e,s,s,w,w,p,w,o,p,n,v,g
e,x,s,w,f,n,f,w,b,h,t,e,f,f,w,w,p,w,o,e,k,s,g
e,x,f,e,t,n,f,c,b,u,t,b,s,s,g,g,p,w,o,p,n,y,d
e,x,y,n,t,n,f,c,b,w,t,b,s,s,p,p,p,w,o,p,k,v,d
e,x,f,w,f,n,f,w,b,h,t,e,f,s,w,w,p,w,o,e,k,a,g
e,x,f,g,t,n,f,c,b,w,t,b,s,s,p,w,p,w,o,p,n,y,d
e,x,s,g,f,n,f,w,b,n,t,e,s,s,w,w,p,w,o,e,n,s,g
e,x,y,e,t,n,f,c,b,w,t,b,s,s,p,g,p,w,o,p,n,y,d
e,x,y,n,t,n,f,c,b,u,t,b,s,s,p,w,p,w,o,p,n,v,d
e,x,s,w,f,n,f,w,b,p,t,e,f,s,w,w,p,w,o,e,k,a,g
e,x,s,n,f,n,f,w,b,n,t,e,s,f,w,w,p,w,o,e,k,a,g
e,x,s,w,f,n,f,w,b,n,t,e,s,s,w,w,p,w,o,e,k,s,g
e,x,s,n,f,n,f,w,b,n,t,e,s,f,w,w,p,w,o,e,k,s,g
e,f,f,e,t,n,f,c,b,n,t,b,s,s,p,g,p,w,o,p,n,y,d
e,f,f,w,f,n,f,w,b,n,t,e,s,f,w,w,p,w,o,e,k,a,g
e,f,f,g,f,n,f,w,b,k,t,e,s,s,w,w,p,w,o,e,k,a,g
e,x,y,e,t,n,f,c,b,w,t,b,s,s,g,g,p,w,o,p,n,v,d
e,x,f,e,t,n,f,c,b,p,t,b,s,s,p,w,p,w,o,p,n,y,d
e,x,y,g,t,n,f,c,b,u,t,b,s,s,w,w,p,w,o,p,n,v,d
e,x,f,e,t,n,f,c,b,p,t,b,s,s,w,g,p,w,o,p,k,y,d
e,f,s,n,f,n,f,w,b,h,t,e,s,s,w,w,p,w,o,e,n,s,g
e,x,s,w,f,n,f,w,b,n,t,e,s,s,w,w,p,w,o,e,k,a,g
e,x,s,w,f,n,f,w,b,h,t,e,s,f,w,w,p,w,o,e,k,a,g
e,x,f,w,f,n,f,w,b,k,t,e,s,s,w,w,p,w,o,e,n,a,g
e,x,f,e,t,n,f,c,b,u,t,b,s,s,g,p,p,w,o,p,n,v,d
e,x,f,n,t,n,f,c,b,u,t,b,s,s,g,g,p,w,o,p,n,y,d
e,f,f,n,t,n,f,c,b,w,t,b,s,s,g,p,p,w,o,p,k,v,d
e,f,f,w,t,l,f,w,n,p,t,b,s,s,w,w,p,w,o,p,n,v,d
e,f,f,w,f,n,f,w,b,k,t,e,f,f,w,w,p,w,o,e,k,a,g
p,f,y,w,t,p,f,c,n,n,e,e,s,s,w,w,p,w,o,p,k,s,g
e,f,f,g,t,n,f,c,b,n,t,b,s,s,g,g,p,w,o,p,k,v,d
e,x,f,n,t,n,f,c,b,w,t,b,s,s,w,g,p,w,o,p,n,v,d
e,x,s,w,f,n,f,w,b,k,t,e,f,f,w,w,p,w,o,e,n,a,g
e,x,f,w,f,n,f,w,b,h,t,e,f,f,w,w,p,w,o,e,n,a,g
e,x,s,n,f,n,f,w,b,h,t,e,s,s,w,w,p,w,o,e,n,a,g
e,x,f,n,f,n,f,w,b,n,t,e,s,s,w,w,p,w,o,e,n,a,g
e,x,s,g,f,n,f,w,b,h,t,e,s,s,w,w,p,w,o,e,n,a,g
e,x,y,n,t,n,f,c,b,w,t,b,s,s,g,g,p,w,o,p,n,v,d
e,x,f,n,t,n,f,c,b,u,t,b,s,s,p,p,p,w,o,p,n,y,d
e,f,s,g,f,n,f,w,b,k,t,e,f,f,w,w,p,w,o,e,n,s,g
e,f,s,n,f,n,f,w,b,n,t,e,f,f,w,w,p,w,o,e,k,a,g
e,x,s,g,f,n,f,w,b,p,t,e,f,s,w,w,p,w,o,e,n,s,g
e,f,f,g,t,n,f,c,b,n,t,b,s,s,p,w,p,w,o,p,k,y,d
e,x,s,w,f,n,f,w,b,h,t,e,f,f,w,w,p,w,o,e,n,a,g
e,f,f,n,f,n,f,w,b,k,t,e,s,f,w,w,p,w,o,e,n,a,g
e,f,s,w,f,n,f,w,b,h,t,e,f,s,w,w,p,w,o,e,k,s,g
e,x,f,g,f,n,f,w,b,k,t,e,s,s,w,w,p,w,o,e,n,s,g
e,f,f,n,f,n,f,w,b,k,t,e,s,s,w,w,p,w,o,e,n,a,g
e,f,f,n,f,n,f,w,b,p,t,e,f,f,w,w,p,w,o,e,k,a,g
e,x,f,n,t,n,f,c,b,w,t,b,s,s,w,p,p,w,o,p,n,v,d
e,f,s,g,f,n,f,w,b,h,t,e,s,f,w,w,p,w,o,e,k,a,g
e,f,s,w,f,n,f,w,b,n,t,e,f,f,w,w,p,w,o,e,n,s,g
e,x,y,e,t,n,f,c,b,p,t,b,s,s,g,w,p,w,o,p,k,v,d
e,x,y,g,t,n,f,c,b,u,t,b,s,s,g,g,p,w,o,p,k,v,d
e,x,y,e,t,n,f,c,b,n,t,b,s,s,g,p,p,w,o,p,k,v,d
e,x,f,g,f,n,f,w,b,h,t,e,s,s,w,w,p,w,o,e,k,s,g
e,f,f,g,f,n,f,w,b,p,t,e,f,s,w,w,p,w,o,e,n,a,g
e,f,y,y,t,l,f,c,b,p,e,r,s,y,w,w,p,w,o,p,n,y,g
p,f,y,w,t,p,f,c,n,w,e,e,s,s,w,w,p,w,o,p,k,v,u
e,f,s,n,f,n,f,w,b,h,t,e,f,f,w,w,p,w,o,e,k,a,g
e,f,f,n,f,n,f,w,b,k,t,e,s,f,w,w,p,w,o,e,k,s,g
e,f,f,n,t,n,f,c,b,p,t,b,s,s,g,w,p,w,o,p,k,v,d
e,x,f,e,t,n,f,c,b,u,t,b,s,s,g,w,p,w,o,p,k,y,d
e,f,f,g,f,n,f,w,b,p,t,e,s,s,w,w,p,w,o,e,n,a,g
e,x,f,n,f,n,f,w,b,n,t,e,f,s,w,w,p,w,o,e,k,s,g
e,x,f,g,f,n,f,w,b,h,t,e,f,f,w,w,p,w,o,e,n,s,g
e,x,y,e,t,n,f,c,b,w,t,b,s,s,g,w,p,w,o,p,n,v,d
e,f,f,n,t,n,f,c,b,w,t,b,s,s,g,w,p,w,o,p,k,v,d
e,x,f,n,f,n,f,w,b,p,t,e,s,f,w,w,p,w,o,e,k,s,g
e,x,f,n,f,n,f,w,b,p,t,e,s,f,w,w,p,w,o,e,k,a,g
e,f,s,w,f,n,f,w,b,h,t,e,s,f,w,w,p,w,o,e,k,s,g
e,f,s,g,f,n,f,w,b,p,t,e,s,s,w,w,p,w,o,e,k,s,g
p,f,y,w,t,p,f,c,n,w,e,e,s,s,w,w,p,w,o,p,k,s,u
e,b,s,w,t,a,f,c,b,k,e,c,s,s,w,w,p,w,o,p,n,s,g
e,x,f,n,t,n,f,c,b,w,t,b,s,s,g,w,p,w,o,p,n,v,d
e,f,f,g,f,n,f,w,b,k,t,e,f,f,w,w,p,w,o,e,k,a,g
e,x,f,n,f,n,f,w,b,k,t,e,f,s,w,w,p,w,o,e,n,s,g
e,x,s,n,f,n,f,w,b,k,t,e,s,f,w,w,p,w,o,e,n,s,g
e,f,s,w,t,l,f,w,n,n,t,b,s,s,w,w,p,w,o,p,u,v,d
e,x,f,w,f,n,f,w,b,h,t,e,s,s,w,w,p,w,o,e,n,a,g
e,x,s,w,f,n,f,w,b,h,t,e,f,s,w,w,p,w,o,e,k,a,g
e,x,s,g,f,n,f,w,b,k,t,e,f,s,w,w,p,w,o,e,k,s,g
e,x,y,e,t,n,f,c,b,p,t,b,s,s,w,p,p,w,o,p,k,v,d
e,f,f,n,t,n,f,c,b,n,t,b,s,s,g,p,p,w,o,p,k,v,d
e,x,f,n,t,n,f,c,b,n,t,b,s,s,w,w,p,w,o,p,k,v,d
e,f,f,w,f,n,f,w,b,k,t,e,s,s,w,w,p,w,o,e,k,s,g
e,f,s,n,f,n,f,w,b,n,t,e,f,s,w,w,p,w,o,e,n,s,g
p,f,s,w,t,p,f,c,n,k,e,e,s,s,w,w,p,w,o,p,n,v,u
e,f,f,n,f,n,f,w,b,p,t,e,f,f,w,w,p,w,o,e,n,s,g
e,x,y,g,t,n,f,c,b,w,t,b,s,s,g,g,p,w,o,p,n,y,d
e,x,y,g,t,n,f,c,b,n,t,b,s,s,g,g,p,w,o,p,n,v,d
e,x,f,g,f,n,f,w,b,p,t,e,s,s,w,w,p,w,o,e,n,a,g
e,x,f,g,t,n,f,c,b,w,t,b,s,s,p,p,p,w,o,p,n,v,d
e,x,y,e,t,n,f,c,b,u,t,b,s,s,p,p,p,w,o,p,n,v,d
e,x,f,g,t,n,f,c,b,p,t,b,s,s,g,p,p,w,o,p,k,y,d
e,x,f,g,t,n,f,c,b,u,t,b,s,s,p,w,p,w,o,p,n,v,d
e,x,f,n,t,n,f,c,b,p,t,b,s,s,p,g,p,w,o,p,k,v,d
p,x,s,w,t,p,f,c,n,p,e,e,s,s,w,w,p,w,o,p,k,v,g
e,x,f,n,f,n,f,w,b,k,t,e,s,s,w,w,p,w,o,e,k,s,g
e,x,y,n,t,n,f,c,b,w,t,b,s,s,p,p,p,w,o,p,n,v,d
e,x,f,g,t,n,f,c,b,p,t,b,s,s,w,g,p,w,o,p,n,y,d
p,f,y,n,t,p,f,c,n,w,e,e,s,s,w,w,p,w,o,p,n,s,g
e,x,f,g,t,n,f,c,b,u,t,b,s,s,w,g,p,w,o,p,k,y,d
e,x,f,g,f,n,f,w,b,h,t,e,s,f,w,w,p,w,o,e,k,s,g
e,x,f,e,t,n,f,c,b,u,t,b,s,s,g,g,p,w,o,p,k,v,d
e,f,f,n,f,n,f,w,b,k,t,e,f,s,w,w,p,w,o,e,n,s,g
e,f,s,w,f,n,f,w,b,h,t,e,f,f,w,w,p,w,o,e,n,a,g
e,f,s,n,f,n,f,w,b,p,t,e,s,s,w,w,p,w,o,e,k,s,g
e,x,y,e,t,n,f,c,b,w,t,b,s,s,w,g,p,w,o,p,n,v,d
e,f,s,n,f,n,f,w,b,k,t,e,f,f,w,w,p,w,o,e,k,s,g
e,f,f,n,t,n,f,c,b,n,t,b,s,s,p,p,p,w,o,p,n,v,d
e,f,s,w,f,n,f,w,b,h,t,e,s,s,w,w,p,w,o,e,k,s,g
e,x,f,n,f,n,f,w,b,k,t,e,f,f,w,w,p,w,o,e,k,a,g
e,f,f,n,f,n,f,w,b,h,t,e,s,f,w,w,p,w,o,e,n,s,g
p,x,s,n,t,p,f,c,n,w,e,e,s,s,w,w,p,w,o,p,k,v,u
e,x,f,n,t,n,f,c,b,p,t,b,s,s,w,w,p,w,o,p,k,y,d
e,f,s,n,f,n,f,w,b,k,t,e,f,s,w,w,p,w,o,e,n,s,g
p,f,y,w,t,p,f,c,n,n,e,e,s,s,w,w,p,w,o,p,n,s,g
e,x,f,n,t,n,f,c,b,n,t,b,s,s,p,g,p,w,o,p,n,v,d
e,x,f,g,t,n,f,c,b,u,t,b,s,s,w,p,p,w,o,p,n,y,d
e,f,f,n,f,n,f,w,b,p,t,e,f,f,w,w,p,w,o,e,n,a,g
e,x,f,e,t,n,f,c,b,p,t,b,s,s,g,g,p,w,o,p,k,v,d
e,f,f,w,f,n,f,w,b,p,t,e,s,s,w,w,p,w,o,e,n,s,g
e,x,f,w,f,n,f,w,b,h,t,e,f,f,w,w,p,w,o,e,k,s,g
e,x,y,w,t,l,f,c,b,k,e,c,s,s,w,w,p,w,o,p,k,n,m
e,x,s,w,f,n,f,w,b,p,t,e,f,s,w,w,p,w,o,e,n,s,g
e,x,y,g,t,n,f,c,b,u,t,b,s,s,p,g,p,w,o,p,n,v,d
e,x,f,g,t,n,f,c,b,n,t,b,s,s,g,w,p,w,o,p,k,y,d
e,x,s,g,f,n,f,w,b,n,t,e,f,s,w,w,p,w,o,e,n,a,g
p,f,y,w,t,p,f,c,n,n,e,e,s,s,w,w,p,w,o,p,n,s,u
e,x,f,e,t,n,f,c,b,w,t,b,s,s,w,p,p,w,o,p,n,v,d
p,f,s,n,t,p,f,c,n,n,e,e,s,s,w,w,p,w,o,p,k,s,u
p,f,y,n,t,p,f,c,n,w,e,e,s,s,w,w,p,w,o,p,n,v,g
e,x,f,g,t,n,f,c,b,p,t,b,s,s,p,p,p,w,o,p,n,v,d
e,f,s,n,f,n,f,w,b,h,t,e,s,f,w,w,p,w,o,e,n,a,g
e,x,f,g,t,n,f,c,b,p,t,b,s,s,g,w,p,w,o,p,n,y,d
e,x,f,n,f,n,f,w,b,h,t,e,s,f,w,w,p,w,o,e,k,a,g
e,x,f,n,t,n,f,c,b,w,t,b,s,s,p,g,p,w,o,p,n,y,d
e,f,s,n,f,n,f,w,b,p,t,e,f,s,w,w,p,w,o,e,n,s,g
e,f,f,n,f,n,f,w,b,p,t,e,s,f,w,w,p,w,o,e,k,a,g
e,x,s,n,f,n,f,w,b,k,t,e,f,f,w,w,p,w,o,e,k,a,g
e,x,s,n,f,n,f,w,b,k,t,e,s,f,w,w,p,w,o,e,k,s,g
e,x,f,n,t,n,f,c,b,w,t,b,s,s,g,g,p,w,o,p,n,v,d
e,x,y,e,t,n,f,c,b,u,t,b,s,s,g,w,p,w,o,p,n,v,d
e,f,s,n,f,n,f,w,b,k,t,e,f,f,w,w,p,w,o,e,k,a,g
e,x,f,n,t,n,f,c,b,w,t,b,s,s,g,g,p,w,o,p,k,y,d
p,f,y,w,t,p,f,c,n,w,e,e,s,s,w,w,p,w,o,p,n,v,u
e,x,y,y,t,l,f,c,b,n,e,r,s,y,w,w,p,w,o,p,n,s,g
p,f,s,n,t,p,f,c,n,p,e,e,s,s,w,w,p,w,o,p,k,s,g
e,f,f,w,f,n,f,w,b,h,t,e,f,s,w,w,p,w,o,e,n,s,g
e,f,f,n,f,n,f,w,b,n,t,e,f,f,w,w,p,w,o,e,k,a,g
p,f,s,n,t,p,f,c,n,w,e,e,s,s,w,w,p,w,o,p,n,v,g
e,x,s,n,f,n,f,w,b,k,t,e,f,f,w,w,p,w,o,e,n,a,g
e,x,f,n,f,n,f,w,b,n,t,e,s,f,w,w,p,w,o,e,k,s,g
e,x,f,e,t,n,f,c,b,u,t,b,s,s,g,w,p,w,o,p,k,v,d
e,f,f,n,f,n,f,w,b,k,t,e,s,s,w,w,p,w,o,e,k,a,g
e,x,f,w,f,n,f,w,b,k,t,e,s,s,w,w,p,w,o,e,n,s,g
e,f,s,g,f,n,f,w,b,p,t,e,f,s,w,w,p,w,o,e,n,a,g
e,f,f,w,f,n,f,w,b,h,t,e,f,s,w,w,p,w,o,e,k,s,g
e,f,s,y,t,a,f,w,n,n,t,b,s,s,w,w,p,w,o,p,n,v,d
e,f,f,w,t,a,f,w,n,n,t,b,s,s,w,w,p,w,o,p,n,v,d
e,f,f,n,f,n,f,w,b,p,t,e,s,f,w,w,p,w,o,e,n,a,g
e,x,f,n,t,n,f,c,b,u,t,b,s,s,w,w,p,w,o,p,n,y,d
e,x,y,g,t,n,f,c,b,n,t,b,s,s,g,p,p,w,o,p,k,y,d
e,x,f,n,t,n,f,c,b,u,t,b,s,s,w,g,p,w,o,p,n,y,d
e,x,f,n,f,n,f,w,b,k,t,e,s,f,w,w,p,w,o,e,k,s,g
e,x,f,g,t,n,f,c,b,u,t,b,s,s,w,w,p,w,o,p,n,y,d
e,x,f,n,t,n,f,c,b,n,t,b,s,s,p,p,p,w,o,p,k,v,d
e,x,f,g,f,n,f,w,b,p,t,e,f,s,w,w,p,w,o,e,k,a,g
e,x,f,n,t,n,f,c,b,n,t,b,s,s,w,p,p,w,o,p,n,v,d
e,x,s,n,f,n,f,w,b,h,t,e,f,f,w,w,p,w,o,e,k,a,g
e,b,y,w,t,l,f,c,b,k,e,c,s,s,w,w,p,w,o,p,k,s,m
e,x,y,e,t,n,f,c,b,u,t,b,s,s,w,p,p,w,o,p,k,v,d
e,f,s,n,f,n,f,w,b,h,t,e,s,f,w,w,p,w,o,e,n,s,g
e,x,f,e,t,n,f,c,b,w,t,b,s,s,p,p,p,w,o,p,k,y,d
e,f,y,n,t,n,f,c,b,p,t,b,s,s,g,g,p,w,o,p,k,y,d
e,x,y,g,t,n,f,c,b,u,t,b,s,s,p,g,p,w,o,p,k,v,d
e,x,s,g,f,n,f,w,b,p,t,e,s,s,w,w,p,w,o,e,n,a,g
e,x,s,n,f,n,f,w,b,k,t,e,f,s,w,w,p,w,o,e,k,s,g
e,x,f,g,f,n,f,w,b,p,t,e,f,f,w,w,p,w,o,e,n,a,g
e,x,s,g,f,n,f,w,b,n,t,e,s,s,w,w,p,w,o,e,k,a,g
e,x,y,e,t,n,f,c,b,w,t,b,s,s,w,p,p,w,o,p,k,y,d
e,f,f,g,t,n,f,c,b,w,t,b,s,s,p,w,p,w,o,p,n,y,d
e,f,f,n,t,n,f,c,b,n,t,b,s,s,p,w,p,w,o,p,k,y,d
e,x,f,n,f,n,f,w,b,k,t,e,f,f,w,w,p,w,o,e,n,s,g
e,f,s,n,f,n,f,w,b,n,t,e,s,f,w,w,p,w,o,e,n,s,g
e,x,f,w,f,n,f,w,b,n,t,e,s,s,w,w,p,w,o,e,k,s,g
e,x,y,y,t,a,f,c,b,p,e,r,s,y,w,w,p,w,o,p,n,s,p
e,x,f,e,t,n,f,c,b,u,t,b,s,s,w,p,p,w,o,p,n,v,d
e,x,f,n,f,n,f,w,b,h,t,e,f,s,w,w,p,w,o,e,k,s,g
e,x,y,n,t,n,f,c,b,p,t,b,s,s,w,g,p,w,o,p,k,v,d
e,f,f,g,t,n,f,c,b,n,t,b,s,s,w,p,p,w,o,p,n,y,d
e,x,f,w,f,n,f,w,b,k,t,e,f,s,w,w,p,w,o,e,n,a,g
e,x,y,w,t,a,f,c,b,k,e,c,s,s,w,w,p,w,o,p,k,s,m
e,x,s,n,f,n,f,w,b,p,t,e,s,s,w,w,p,w,o,e,n,s,g
e,f,s,w,f,n,f,w,b,p,t,e,s,s,w,w,p,w,o,e,n,a,g
e,f,f,n,t,n,f,c,b,u,t,b,s,s,g,w,p,w,o,p,n,v,d
e,f,f,w,f,n,f,w,b,k,t,e,f,f,w,w,p,w,o,e,k,s,g
e,x,f,g,t,n,f,c,b,u,t,b,s,s,g,p,p,w,o,p,n,v,d
e,x,f,n,t,n,f,c,b,p,t,b,s,s,w,g,p,w,o,p,n,y,d
e,x,f,w,f,n,f,w,b,p,t,e,s,f,w,w,p,w,o,e,n,a,g
e,x,s,w,t,a,f,c,b,n,e,c,s,s,w,w,p,w,o,p,k,n,m
e,f,s,g,f,n,f,w,b,n,t,e,f,s,w,w,p,w,o,e,n,s,g
p,f,y,n,t,p,f,c,n,n,e,e,s,s,w,w,p,w,o,p,n,v,g
e,f,f,g,f,n,f,w,b,p,t,e,f,s,w,w,p,w,o,e,n,s,g
e,x,f,n,t,n,f,c,b,n,t,b,s,s,p,w,p,w,o,p,n,v,d
e,x,f,w,f,n,f,w,b,n,t,e,s,f,w,w,p,w,o,e,n,s,g
e,x,y,n,t,n,f,c,b,u,t,b,s,s,p,w,p,w,o,p,k,v,d
e,x,y,e,t,n,f,c,b,p,t,b,s,s,p,p,p,w,o,p,n,v,d
p,f,s,n,t,p,f,c,n,n,e,e,s,s,w,w,p,w,o,p,k,v,u
e,f,s,g,f,n,f,w,b,p,t,e,s,s,w,w,p,w,o,e,n,a,g
e,x,f,g,t,n,f,c,b,n,t,b,s,s,w,g,p,w,o,p,k,y,d
e,f,f,g,t,n,f,c,b,n,t,b,s,s,g,p,p,w,o,p,k,y,d
e,x,f,g,t,n,f,c,b,n,t,b,s,s,w,g,p,w,o,p,k,v,d
e,x,f,g,t,n,f,c,b,w,t,b,s,s,p,p,p,w,o,p,n,y,d
e,x,f,n,t,n,f,c,b,u,t,b,s,s,p,g,p,w,o,p,k,y,d
p,x,s,w,t,p,f,c,n,p,e,e,s,s,w,w,p,w,o,p,n,v,u
e,x,s,y,t,l,f,c,b,k,e,c,s,s,w,w,p,w,o,p,k,n,m
e,x,f,n,t,n,f,c,b,n,t,b,s,s,p,p,p,w,o,p,n,v,d
e,f,y,n,t,n,f,c,b,w,t,b,s,s,w,w,p,w,o,p,n,y,d
e,x,s,g,f,n,f,w,b,n,t,e,f,f,w,w,p,w,o,e,n,s,g
e,x,y,e,t,n,f,c,b,u,t,b,s,s,w,p,p,w,o,p,n,y,d
e,x,f,g,f,n,f,w,b,k,t,e,f,s,w,w,p,w,o,e,n,s,g
e,f,s,w,f,n,f,w,b,p,t,e,f,s,w,w,p,w,o,e,n,s,g
e,x,f,n,t,n,f,c,b,n,t,b,s,s,g,g,p,w,o,p,n,v,d
e,f,f,n,t,n,f,c,b,u,t,b,s,s,w,p,p,w,o,p,n,v,d
e,f,f,g,f,n,f,w,b,n,t,e,s,f,w,w,p,w,o,e,k,s,g
e,f,f,g,f,n,f,w,b,n,t,e,s,s,w,w,p,w,o,e,k,s,g
e,f,f,n,f,n,f,w,b,h,t,e,f,f,w,w,p,w,o,e,n,s,g
e,x,f,g,t,n,f,c,b,p,t,b,s,s,g,w,p,w,o,p,k,y,d
e,x,f,e,t,n,f,c,b,n,t,b,s,s,p,g,p,w,o,p,n,y,d
p,f,y,n,t,p,f,c,n,p,e,e,s,s,w,w,p,w,o,p,k,s,u
e,x,y,g,t,n,f,c,b,p,t,b,s,s,g,g,p,w,o,p,k,v,d
e,x,s,w,f,n,f,w,b,k,t,e,s,f,w,w,p,w,o,e,n,a,g
e,b,s,w,t,a,f,c,b,g,e,c,s,s,w,w,p,w,o,p,n,s,m
e,x,s,w,f,n,f,w,b,h,t,e,f,f,w,w,p,w,o,e,n,s,g
e,f,f,n,f,n,f,w,b,k,t,e,f,f,w,w,p,w,o,e,k,s,g
e,x,y,g,t,n,f,c,b,p,t,b,s,s,g,w,p,w,o,p,k,y,d
e,f,f,g,t,n,f,c,b,n,t,b,s,s,w,w,p,w,o,p,n,v,d
e,x,f,g,f,n,f,w,b,p,t,e,f,s,w,w,p,w,o,e,k,s,g
p,x,s,w,t,p,f,c,n,n,e,e,s,s,w,w,p,w,o,p,k,s,g
e,x,s,n,f,n,f,w,b,k,t,e,s,s,w,w,p,w,o,e,n,a,g
e,x,y,g,t,n,f,c,b,p,t,b,s,s,w,g,p,w,o,p,k,y,d
e,f,f,g,t,n,f,c,b,p,t,b,s,s,w,w,p,w,o,p,n,v,d
e,x,y,n,t,n,f,c,b,w,t,b,s,s,p,w,p,w,o,p,n,v,d
e,x,f,e,t,n,f,c,b,p,t,b,s,s,p,g,p,w,o,p,n,y,d
e,f,f,n,t,n,f,c,b,w,t,b,s,s,g,p,p,w,o,p,n,y,d
e,x,f,e,t,n,f,c,b,u,t,b,s,s,g,g,p,w,o,p,k,y,d
e,f,f,n,t,n,f,c,b,p,t,b,s,s,w,w,p,w,o,p,n,v,d
e,x,y,e,t,n,f,c,b,u,t,b,s,s,p,p,p,w,o,p,k,y,d
e,x,f,g,t,n,f,c,b,w,t,b,s,s,p,w,p,w,o,p,k,v,d
e,f,f,g,t,n,f,c,b,p,t,b,s,s,w,w,p,w,o,p,k,v,d
e,x,f,e,t,n,f,c,b,w,t,b,s,s,g,w,p,w,o,p,k,v,d
e,x,y,e,t,n,f,c,b,u,t,b,s,s,g,p,p,w,o,p,n,v,d
p,x,s,w,t,p,f,c,n,w,e,e,s,s,w,w,p,w,o,p,n,v,g
e,x,f,e,t,n,f,c,b,n,t,b,s,s,p,g,p,w,o,p,n,v,d
e,x,y,g,t,n,f,c,b,p,t,b,s,s,w,w,p,w,o,p,k,v,d
e,x,f,n,t,n,f,c,b,p,t,b,s,s,g,g,p,w,o,p,n,y,d
e,x,y,e,t,n,f,c,b,w,t,b,s,s,w,g,p,w,o,p,k,y,d
e,x,y,g,t,n,f,c,b,n,t,b,s,s,g,p,p,w,o,p,k,v,d
e,x,f,g,t,n,f,c,b,n,t,b,s,s,p,p,p,w,o,p,k,v,d
e,x,y,g,t,n,f,c,b,u,t,b,s,s,g,w,p,w,o,p,k,v,d
e,x,f,e,t,n,f,c,b,p,t,b,s,s,w,w,p,w,o,p,n,y,d
e,f,y,e,t,n,f,c,b,n,t,b,s,s,w,w,p,w,o,p,n,y,d
e,f,f,n,t,n,f,c,b,p,t,b,s,s,g,p,p,w,o,p,k,v,d
e,x,f,n,t,n,f,c,b,u,t,b,s,s,w,p,p,w,o,p,k,v,d
e,f,y,g,t,n,f,c,b,w,t,b,s,s,p,p,p,w,o,p,k,v,d
e,x,y,e,t,n,f,c,b,u,t,b,s,s,p,g,p,w,o,p,n,v,d
e,x,f,g,t,n,f,c,b,p,t,b,s,s,g,g,p,w,o,p,n,y,d
e,x,y,g,t,n,f,c,b,n,t,b,s,s,w,p,p,w,o,p,k,v,d
p,x,f,g,f,f,f,c,b,p,e,b,k,k,b,b,p,w,o,l,h,y,g
p,f,s,w,t,p,f,c,n,p,e,e,s,s,w,w,p,w,o,p,k,s,g
e,x,f,e,t,n,f,c,b,n,t,b,s,s,p,w,p,w,o,p,k,v,d
e,x,f,w,f,n,f,w,b,h,t,e,s,s,w,w,p,w,o,e,n,s,g
e,x,y,n,t,n,f,c,b,u,t,b,s,s,g,w,p,w,o,p,n,v,d
e,f,f,n,t,n,f,c,b,n,t,b,s,s,g,w,p,w,o,p,n,y,d
e,x,f,n,t,n,f,c,b,w,t,b,s,s,p,g,p,w,o,p,n,v,d
e,x,y,g,t,n,f,c,b,u,t,b,s,s,p,w,p,w,o,p,n,y,d
e,x,y,g,t,n,f,c,b,w,t,b,s,s,g,w,p,w,o,p,n,v,d
e,x,f,e,t,n,f,c,b,u,t,b,s,s,w,p,p,w,o,p,k,v,d
e,x,y,n,t,n,f,c,b,n,t,b,s,s,w,g,p,w,o,p,n,y,d
e,x,f,g,t,n,f,c,b,w,t,b,s,s,p,g,p,w,o,p,k,y,d
e,x,f,e,t,n,f,c,b,w,t,b,s,s,p,w,p,w,o,p,k,v,d
e,x,y,e,t,n,f,c,b,u,t,b,s,s,w,g,p,w,o,p,k,v,d
e,x,y,n,t,n,f,c,b,p,t,b,s,s,p,w,p,w,o,p,n,y,d
e,x,y,e,t,n,f,c,b,n,t,b,s,s,w,w,p,w,o,p,k,y,d
e,f,y,n,t,n,f,c,b,p,t,b,s,s,w,g,p,w,o,p,n,v,d
e,f,y,n,t,n,f,c,b,n,t,b,s,s,p,w,p,w,o,p,k,v,d
e,x,y,n,t,n,f,c,b,n,t,b,s,s,g,g,p,w,o,p,n,v,d
p,f,s,n,t,p,f,c,n,n,e,e,s,s,w,w,p,w,o,p,n,v,u
e,f,f,e,t,n,f,c,b,u,t,b,s,s,w,w,p,w,o,p,n,y,d
p,x,s,w,t,p,f,c,n,w,e,e,s,s,w,w,p,w,o,p,k,s,g
e,x,f,e,t,n,f,c,b,u,t,b,s,s,g,p,p,w,o,p,k,y,d
e,f,f,n,t,n,f,c,b,p,t,b,s,s,g,g,p,w,o,p,k,y,d
e,x,y,n,t,n,f,c,b,u,t,b,s,s,p,g,p,w,o,p,n,v,d
e,f,f,e,t,n,f,c,b,p,t,b,s,s,w,g,p,w,o,p,n,v,d
e,x,f,e,t,n,f,c,b,n,t,b,s,s,w,g,p,w,o,p,n,y,d
e,x,f,g,t,n,f,c,b,p,t,b,s,s,g,p,p,w,o,p,n,v,d
e,x,y,n,t,n,f,c,b,n,t,b,s,s,p,g,p,w,o,p,n,y,d
e,f,f,n,t,n,f,c,b,u,t,b,s,s,w,g,p,w,o,p,n,v,d
e,f,f,n,t,n,f,c,b,w,t,b,s,s,p,p,p,w,o,p,n,y,d
e,x,f,e,t,n,f,c,b,u,t,b,s,s,w,g,p,w,o,p,k,v,d
e,x,f,n,t,n,f,c,b,u,t,b,s,s,w,g,p,w,o,p,k,y,d
e,x,f,e,t,n,f,c,b,p,t,b,s,s,g,w,p,w,o,p,n,y,d
e,f,f,g,t,n,f,c,b,p,t,b,s,s,g,p,p,w,o,p,k,v,d
e,x,y,n,t,n,f,c,b,u,t,b,s,s,w,p,p,w,o,p,k,y,d
e,f,f,n,t,n,f,c,b,u,t,b,s,s,w,p,p,w,o,p,n,y,d
e,x,f,e,t,n,f,c,b,n,t,b,s,s,w,p,p,w,o,p,n,y,d
e,x,y,e,t,n,f,c,b,w,t,b,s,s,p,w,p,w,o,p,n,y,d
e,x,f,g,t,n,f,c,b,p,t,b,s,s,p,g,p,w,o,p,k,y,d
e,x,y,g,t,n,f,c,b,n,t,b,s,s,g,g,p,w,o,p,k,y,d
e,x,y,e,t,n,f,c,b,p,t,b,s,s,p,g,p,w,o,p,n,v,d
e,x,y,g,t,n,f,c,b,p,t,b,s,s,g,p,p,w,o,p,k,v,d
e,x,f,g,t,n,f,c,b,n,t,b,s,s,g,g,p,w,o,p,n,v,d
e,f,f,g,t,n,f,c,b,n,t,b,s,s,g,g,p,w,o,p,n,v,d
e,x,y,g,t,n,f,c,b,n,t,b,s,s,g,w,p,w,o,p,k,v,d
e,x,y,e,t,n,f,c,b,n,t,b,s,s,w,g,p,w,o,p,n,y,d
e,f,f,n,t,n,f,c,b,p,t,b,s,s,w,p,p,w,o,p,k,v,d
e,f,f,n,t,n,f,c,b,w,t,b,s,s,g,w,p,w,o,p,k,y,d
e,x,y,e,t,n,f,c,b,p,t,b,s,s,w,w,p,w,o,p,n,v,d
p,x,f,g,f,f,f,c,b,p,e,b,k,k,n,p,p,w,o,l,h,y,d
e,x,y,g,t,n,f,c,b,u,t,b,s,s,p,w,p,w,o,p,k,y,d
e,x,f,e,t,n,f,c,b,w,t,b,s,s,p,g,p,w,o,p,n,y,d
e,x,y,n,t,n,f,c,b,u,t,b,s,s,g,p,p,w,o,p,n,v,d
e,f,f,n,t,n,f,c,b,p,t,b,s,s,g,w,p,w,o,p,n,y,d
e,x,y,e,t,n,f,c,b,w,t,b,s,s,g,p,p,w,o,p,k,v,d
e,f,f,n,t,n,f,c,b,p,t,b,s,s,g,g,p,w,o,p,k,v,d
e,f,y,n,t,n,f,c,b,p,t,b,s,s,w,g,p,w,o,p,k,y,d
e,f,f,g,t,n,f,c,b,p,t,b,s,s,w,p,p,w,o,p,k,y,d
e,x,f,e,t,n,f,c,b,n,t,b,s,s,p,w,p,w,o,p,k,y,d
e,x,f,g,t,n,f,c,b,w,t,b,s,s,g,p,p,w,o,p,k,v,d
e,x,f,g,t,n,f,c,b,u,t,b,s,s,g,w,p,w,o,p,n,v,d
e,x,f,n,t,n,f,c,b,u,t,b,s,s,p,w,p,w,o,p,k,v,d
e,x,f,g,t,n,f,c,b,w,t,b,s,s,w,g,p,w,o,p,k,y,d
e,x,s,g,f,n,f,w,b,k,t,e,s,s,w,w,p,w,o,e,n,s,g
e,x,y,e,t,n,f,c,b,u,t,b,s,s,p,g,p,w,o,p,k,y,d
e,f,f,g,t,n,f,c,b,p,t,b,s,s,p,g,p,w,o,p,k,y,d
e,x,y,e,t,n,f,c,b,n,t,b,s,s,g,w,p,w,o,p,n,v,d
e,f,f,g,t,n,f,c,b,n,t,b,s,s,g,p,p,w,o,p,k,v,d
e,x,f,g,t,n,f,c,b,u,t,b,s,s,w,p,p,w,o,p,k,y,d
e,x,f,g,t,n,f,c,b,n,t,b,s,s,p,p,p,w,o,p,n,v,d
e,f,f,g,t,n,f,c,b,p,t,b,s,s,w,p,p,w,o,p,n,y,d
e,x,s,w,f,n,f,w,b,p,t,e,s,f,w,w,p,w,o,e,n,a,g
e,x,f,n,t,n,f,c,b,w,t,b,s,s,g,w,p,w,o,p,n,y,d
e,f,f,n,t,n,f,c,b,w,t,b,s,s,p,p,p,w,o,p,k,v,d
e,f,f,g,t,n,f,c,b,p,t,b,s,s,g,g,p,w,o,p,k,y,d
e,x,y,g,t,n,f,c,b,w,t,b,s,s,w,w,p,w,o,p,k,y,d
e,x,f,e,t,n,f,c,b,u,t,b,s,s,w,w,p,w,o,p,n,v,d
e,x,y,e,t,n,f,c,b,u,t,b,s,s,g,p,p,w,o,p,k,v,d
e,x,f,n,t,n,f,c,b,w,t,b,s,s,g,p,p,w,o,p,k,y,d
e,f,y,g,t,n,f,c,b,w,t,b,s,s,w,w,p,w,o,p,k,y,d
e,x,y,g,t,n,f,c,b,w,t,b,s,s,p,p,p,w,o,p,n,v,d
p,x,s,p,f,c,f,w,n,g,e,b,s,s,w,w,p,w,o,p,n,s,d
e,x,y,n,t,n,f,c,b,p,t,b,s,s,g,p,p,w,o,p,n,y,d
e,f,f,g,t,n,f,c,b,n,t,b,s,s,p,w,p,w,o,p,k,v,d
e,x,y,e,t,n,f,c,b,p,t,b,s,s,w,p,p,w,o,p,k,y,d
e,f,f,n,t,n,f,c,b,p,t,b,s,s,p,w,p,w,o,p,n,v,d
e,x,y,n,t,n,f,c,b,w,t,b,s,s,w,g,p,w,o,p,n,v,d
e,x,f,g,t,n,f,c,b,w,t,b,s,s,g,w,p,w,o,p,n,y,d
e,f,f,n,t,n,f,c,b,p,t,b,s,s,g,w,p,w,o,p,n,v,d
e,x,y,n,t,n,f,c,b,n,t,b,s,s,p,w,p,w,o,p,k,v,d
e,x,y,n,t,n,f,c,b,w,t,b,s,s,p,w,p,w,o,p,k,v,d
e,x,f,e,t,n,f,c,b,w,t,b,s,s,p,w,p,w,o,p,n,v,d
e,f,f,g,t,n,f,c,b,p,t,b,s,s,w,p,p,w,o,p,k,v,d
e,x,y,e,t,n,f,c,b,n,t,b,s,s,w,w,p,w,o,p,n,v,d
e,x,y,e,t,n,f,c,b,u,t,b,s,s,g,g,p,w,o,p,n,v,d
e,f,f,n,t,n,f,c,b,w,t,b,s,s,p,g,p,w,o,p,n,y,d
e,x,f,e,t,n,f,c,b,p,t,b,s,s,w,p,p,w,o,p,k,v,d
e,x,f,e,t,n,f,c,b,n,t,b,s,s,p,p,p,w,o,p,n,y,d
e,x,f,w,f,n,f,w,b,k,t,e,f,f,w,w,p,w,o,e,n,s,g
e,x,y,g,t,n,f,c,b,p,t,b,s,s,g,g,p,w,o,p,k,y,d
e,x,f,e,t,n,f,c,b,p,t,b,s,s,g,w,p,w,o,p,k,v,d
e,x,y,g,t,n,f,c,b,p,t,b,s,s,p,w,p,w,o,p,n,v,d
e,x,f,e,t,n,f,c,b,w,t,b,s,s,w,p,p,w,o,p,k,v,d
e,x,f,g,t,n,f,c,b,p,t,b,s,s,w,w,p,w,o,p,n,y,d
e,f,y,e,t,n,f,c,b,p,t,b,s,s,w,g,p,w,o,p,n,v,d
e,f,y,g,t,n,f,c,b,p,t,b,s,s,p,g,p,w,o,p,k,v,d
e,x,y,e,t,n,f,c,b,p,t,b,s,s,p,w,p,w,o,p,k,y,d
e,x,y,g,t,n,f,c,b,p,t,b,s,s,w,g,p,w,o,p,n,y,d
e,f,f,g,f,n,f,w,b,h,t,e,s,f,w,w,p,w,o,e,k,s,g
p,x,f,g,f,f,f,c,b,g,e,b,k,k,b,p,p,w,o,l,h,y,p
e,x,f,e,t,n,f,c,b,p,t,b,s,s,g,w,p,w,o,p,k,y,d
e,x,y,e,t,n,f,c,b,w,t,b,s,s,w,g,p,w,o,p,n,y,d
p,f,s,w,t,p,f,c,n,w,e,e,s,s,w,w,p,w,o,p,k,v,g
e,f,y,n,t,n,f,c,b,u,t,b,s,s,w,w,p,w,o,p,k,y,d
e,x,f,e,t,n,f,c,b,n,t,b,s,s,p,w,p,w,o,p,n,y,d
e,x,y,e,t,n,f,c,b,n,t,b,s,s,p,g,p,w,o,p,k,v,d
e,x,f,g,t,n,f,c,b,n,t,b,s,s,g,w,p,w,o,p,k,v,d
e,x,y,g,t,n,f,c,b,p,t,b,s,s,g,p,p,w,o,p,n,v,d
e,x,f,g,f,n,f,w,b,n,t,e,f,f,w,w,p,w,o,e,n,a,g
e,x,f,n,t,n,f,c,b,u,t,b,s,s,g,w,p,w,o,p,n,y,d
e,f,f,e,t,n,f,c,b,n,t,b,s,s,g,w,p,w,o,p,k,y,d
e,x,y,g,t,n,f,c,b,u,t,b,s,s,g,g,p,w,o,p,n,y,d
e,f,f,n,t,n,f,c,b,w,t,b,s,s,g,p,p,w,o,p,k,y,d
e,f,f,g,f,n,f,w,b,h,t,e,f,f,w,w,p,w,o,e,n,s,g
e,f,f,g,t,n,f,c,b,p,t,b,s,s,p,w,p,w,o,p,n,v,d
e,x,y,n,t,n,f,c,b,w,t,b,s,s,w,w,p,w,o,p,k,v,d
e,f,f,g,t,n,f,c,b,p,t,b,s,s,p,p,p,w,o,p,k,y,d
e,f,y,n,t,n,f,c,b,u,t,b,s,s,w,w,p,w,o,p,n,y,d
e,x,f,g,t,n,f,c,b,w,t,b,s,s,p,g,p,w,o,p,n,v,d
e,x,y,e,t,n,f,c,b,u,t,b,s,s,p,w,p,w,o,p,n,v,d
e,x,y,n,t,n,f,c,b,n,t,b,s,s,p,p,p,w,o,p,n,v,d
e,f,s,g,f,n,f,w,b,n,t,e,f,s,w,w,p,w,o,e,n,a,g
e,x,f,n,t,n,f,c,b,w,t,b,s,s,w,p,p,w,o,p,k,y,d
e,f,f,n,t,n,f,c,b,n,t,b,s,s,w,g,p,w,o,p,k,y,d
e,x,y,e,t,n,f,c,b,w,t,b,s,s,p,p,p,w,o,p,n,y,d
e,x,y,e,t,n,f,c,b,w,t,b,s,s,p,g,p,w,o,p,k,y,d
e,x,y,n,t,n,f,c,b,n,t,b,s,s,p,w,p,w,o,p,k,y,d
e,f,s,w,f,n,f,w,b,h,t,e,s,f,w,w,p,w,o,e,k,a,g
e,x,y,n,t,n,f,c,b,p,t,b,s,s,g,g,p,w,o,p,n,v,d
e,x,y,e,t,n,f,c,b,p,t,b,s,s,w,w,p,w,o,p,k,y,d
e,x,f,g,t,n,f,c,b,p,t,b,s,s,p,g,p,w,o,p,n,v,d
e,f,f,g,t,n,f,c,b,n,t,b,s,s,p,w,p,w,o,p,n,v,d
e,f,f,n,f,n,f,w,b,n,t,e,s,f,w,w,p,w,o,e,k,s,g
e,f,f,g,t,n,f,c,b,n,t,b,s,s,w,p,p,w,o,p,k,v,d
e,x,y,e,t,n,f,c,b,u,t,b,s,s,g,w,p,w,o,p,k,y,d
e,f,f,g,t,n,f,c,b,n,t,b,s,s,w,g,p,w,o,p,k,v,d
e,x,y,n,t,n,f,c,b,u,t,b,s,s,w,p,p,w,o,p,n,y,d
e,x,f,e,t,n,f,c,b,u,t,b,s,s,p,g,p,w,o,p,k,y,d
e,x,f,n,t,n,f,c,b,w,t,b,s,s,w,p,p,w,o,p,n,y,d
e,x,f,g,t,n,f,c,b,n,t,b,s,s,w,w,p,w,o,p,n,v,d
e,f,f,g,t,n,f,c,b,w,t,b,s,s,g,w,p,w,o,p,n,v,d
e,x,f,n,t,n,f,c,b,p,t,b,s,s,p,g,p,w,o,p,k,y,d
e,x,y,n,t,n,f,c,b,u,t,b,s,s,p,g,p,w,o,p,n,y,d
e,x,f,e,t,n,f,c,b,p,t,b,s,s,w,g,p,w,o,p,n,v,d
e,f,f,g,t,n,f,c,b,n,t,b,s,s,w,g,p,w,o,p,k,y,d
e,x,y,n,t,n,f,c,b,p,t,b,s,s,w,p,p,w,o,p,k,y,d
p,x,s,p,f,c,f,w,n,n,e,b,s,s,w,w,p,w,o,p,k,v,d
e,f,y,g,t,n,f,c,b,w,t,b,s,s,g,w,p,w,o,p,k,y,d
e,f,f,n,t,n,f,c,b,p,t,b,s,s,w,g,p,w,o,p,n,y,d
p,f,s,n,t,p,f,c,n,p,e,e,s,s,w,w,p,w,o,p,k,s,u
e,x,y,n,t,n,f,c,b,u,t,b,s,s,w,g,p,w,o,p,k,y,d
e,x,y,g,t,n,f,c,b,u,t,b,s,s,g,g,p,w,o,p,k,y,d
e,x,y,e,t,n,f,c,b,n,t,b,s,s,g,g,p,w,o,p,k,v,d
e,x,y,e,t,n,f,c,b,n,t,b,s,s,p,w,p,w,o,p,n,v,d
e,x,y,e,t,n,f,c,b,p,t,b,s,s,w,g,p,w,o,p,k,v,d
e,x,f,g,t,n,f,c,b,p,t,b,s,s,p,g,p,w,o,p,n,y,d
e,f,s,w,f,n,f,w,b,n,t,e,s,s,w,w,p,w,o,e,k,s,g
e,x,y,g,t,n,f,c,b,p,t,b,s,s,w,p,p,w,o,p,n,v,d
e,x,f,n,f,n,f,w,b,p,t,e,s,f,w,w,p,w,o,e,n,s,g
e,x,f,n,t,n,f,c,b,w,t,b,s,s,g,p,p,w,o,p,n,y,d
e,x,y,g,t,n,f,c,b,p,t,b,s,s,p,p,p,w,o,p,k,v,d
e,x,y,e,t,n,f,c,b,p,t,b,s,s,w,p,p,w,o,p,n,v,d
e,x,y,n,t,n,f,c,b,u,t,b,s,s,g,p,p,w,o,p,k,v,d
e,x,f,g,t,n,f,c,b,w,t,b,s,s,p,w,p,w,o,p,n,v,d
e,x,f,g,t,n,f,c,b,w,t,b,s,s,p,w,p,w,o,p,k,y,d
e,x,y,g,t,n,f,c,b,w,t,b,s,s,p,g,p,w,o,p,k,v,d
e,x,y,g,t,n,f,c,b,n,t,b,s,s,p,p,p,w,o,p,n,y,d
e,f,y,g,t,n,f,c,b,p,t,b,s,s,g,g,p,w,o,p,n,v,d
e,x,f,e,t,n,f,c,b,p,t,b,s,s,w,w,p,w,o,p,k,v,d
e,x,y,e,t,n,f,c,b,n,t,b,s,s,g,w,p,w,o,p,k,y,d
e,x,f,n,t,n,f,c,b,w,t,b,s,s,p,w,p,w,o,p,n,v,d
e,x,f,n,t,n,f,c,b,w,t,b,s,s,p,p,p,w,o,p,n,y,d
e,f,f,n,t,n,f,c,b,n,t,b,s,s,g,g,p,w,o,p,k,v,d
e,f,f,n,t,n,f,c,b,p,t,b,s,s,p,p,p,w,o,p,n,y,d
e,x,y,g,t,n,f,c,b,u,t,b,s,s,p,p,p,w,o,p,n,v,d
e,x,f,e,t,n,f,c,b,w,t,b,s,s,w,g,p,w,o,p,k,y,d
e,f,y,n,t,n,f,c,b,w,t,b,s,s,p,g,p,w,o,p,k,v,d
e,x,y,e,t,n,f,c,b,p,t,b,s,s,w,w,p,w,o,p,k,v,d
e,f,y,n,t,n,f,c,b,w,t,b,s,s,w,p,p,w,o,p,k,y,d
e,x,y,g,t,n,f,c,b,p,t,b,s,s,w,w,p,w,o,p,k,y,d
e,f,f,n,t,n,f,c,b,n,t,b,s,s,p,w,p,w,o,p,n,v,d
e,x,y,g,t,n,f,c,b,w,t,b,s,s,g,p,p,w,o,p,k,y,d
e,x,y,e,t,n,f,c,b,w,t,b,s,s,p,p,p,w,o,p,k,v,d
e,x,y,n,t,n,f,c,b,p,t,b,s,s,w,g,p,w,o,p,k,y,d
e,x,f,g,t,n,f,c,b,w,t,b,s,s,w,p,p,w,o,p,k,y,d
e,x,f,e,t,n,f,c,b,u,t,b,s,s,w,g,p,w,o,p,n,y,d
e,x,f,n,t,n,f,c,b,u,t,b,s,s,p,p,p,w,o,p,k,v,d
e,f,f,n,t,n,f,c,b,w,t,b,s,s,g,w,p,w,o,p,n,y,d
e,f,y,g,t,n,f,c,b,u,t,b,s,s,p,p,p,w,o,p,n,v,d
e,x,f,n,t,n,f,c,b,w,t,b,s,s,p,w,p,w,o,p,k,v,d
e,x,y,e,t,n,f,c,b,w,t,b,s,s,p,w,p,w,o,p,k,y,d
e,f,f,n,t,n,f,c,b,w,t,b,s,s,p,g,p,w,o,p,k,v,d
e,x,y,n,t,n,f,c,b,w,t,b,s,s,g,p,p,w,o,p,k,v,d
e,f,f,n,t,n,f,c,b,n,t,b,s,s,w,p,p,w,o,p,k,y,d
e,x,y,e,t,n,f,c,b,u,t,b,s,s,w,g,p,w,o,p,n,y,d
e,x,y,e,t,n,f,c,b,u,t,b,s,s,p,g,p,w,o,p,n,y,d
e,x,f,g,t,n,f,c,b,w,t,b,s,s,g,g,p,w,o,p,n,v,d
e,x,f,g,t,n,f,c,b,p,t,b,s,s,w,p,p,w,o,p,n,v,d
e,f,f,e,t,n,f,c,b,u,t,b,s,s,w,p,p,w,o,p,n,v,d
e,x,f,n,t,n,f,c,b,w,t,b,s,s,w,g,p,w,o,p,n,y,d
e,x,y,e,t,n,f,c,b,n,t,b,s,s,p,p,p,w,o,p,n,y,d
e,x,y,g,t,n,f,c,b,u,t,b,s,s,p,w,p,w,o,p,n,v,d
e,x,y,g,t,n,f,c,b,u,t,b,s,s,w,p,p,w,o,p,k,y,d
e,x,f,e,t,n,f,c,b,u,t,b,s,s,p,w,p,w,o,p,n,v,d
e,f,f,n,t,n,f,c,b,w,t,b,s,s,w,w,p,w,o,p,n,v,d
e,x,y,n,t,n,f,c,b,p,t,b,s,s,p,p,p,w,o,p,n,y,d
e,x,y,g,t,n,f,c,b,u,t,b,s,s,g,p,p,w,o,p,k,v,d
e,x,f,w,f,n,f,w,b,h,t,e,s,f,w,w,p,w,o,e,n,s,g
e,f,y,g,t,n,f,c,b,w,t,b,s,s,g,g,p,w,o,p,n,y,d
e,f,s,g,f,n,f,w,b,n,t,e,f,f,w,w,p,w,o,e,n,s,g
e,f,f,n,t,n,f,c,b,u,t,b,s,s,g,w,p,w,o,p,n,y,d
e,x,y,e,t,n,f,c,b,w,t,b,s,s,w,w,p,w,o,p,k,y,d
p,f,y,w,t,p,f,c,n,w,e,e,s,s,w,w,p,w,o,p,n,s,u
e,x,y,g,t,n,f,c,b,n,t,b,s,s,w,g,p,w,o,p,k,v,d
e,f,f,n,t,n,f,c,b,w,t,b,s,s,w,w,p,w,o,p,k,y,d
e,x,f,g,t,n,f,c,b,w,t,b,s,s,g,g,p,w,o,p,n,y,d
e,x,f,e,t,n,f,c,b,n,t,b,s,s,p,g,p,w,o,p,k,v,d
e,f,f,g,t,n,f,c,b,n,t,b,s,s,g,w,p,w,o,p,k,v,d
e,x,y,n,t,n,f,c,b,p,t,b,s,s,p,g,p,w,o,p,n,y,d
e,x,y,e,t,n,f,c,b,n,t,b,s,s,p,w,p,w,o,p,k,y,d
e,x,y,n,t,n,f,c,b,n,t,b,s,s,p,g,p,w,o,p,n,v,d
e,x,y,n,t,n,f,c,b,n,t,b,s,s,w,w,p,w,o,p,n,y,d
e,f,f,n,t,n,f,c,b,p,t,b,s,s,g,w,p,w,o,p,k,y,d
e,x,y,g,t,n,f,c,b,u,t,b,s,s,g,p,p,w,o,p,k,y,d
e,x,y,n,t,n,f,c,b,n,t,b,s,s,w,p,p,w,o,p,k,y,d
e,x,f,e,t,n,f,c,b,w,t,b,s,s,w,g,p,w,o,p,k,v,d
e,f,f,n,t,n,f,c,b,p,t,b,s,s,p,g,p,w,o,p,k,y,d
e,x,f,e,t,n,f,c,b,n,t,b,s,s,w,w,p,w,o,p,k,v,d
e,f,s,w,f,n,f,w,b,k,t,e,s,s,w,w,p,w,o,e,n,a,g
e,x,y,n,t,n,f,c,b,n,t,b,s,s,g,w,p,w,o,p,k,v,d
e,x,f,g,t,n,f,c,b,w,t,b,s,s,g,g,p,w,o,p,k,y,d
e,x,f,n,t,n,f,c,b,w,t,b,s,s,p,w,p,w,o,p,k,y,d
e,x,f,e,t,n,f,c,b,p,t,b,s,s,g,g,p,w,o,p,n,y,d
e,f,f,n,t,n,f,c,b,n,t,b,s,s,g,p,p,w,o,p,k,y,d
e,x,f,n,t,n,f,c,b,u,t,b,s,s,w,p,p,w,o,p,n,v,d
e,x,y,n,t,n,f,c,b,p,t,b,s,s,w,g,p,w,o,p,n,y,d
p,f,s,w,t,p,f,c,n,w,e,e,s,s,w,w,p,w,o,p,n,v,u
e,x,f,g,t,n,f,c,b,w,t,b,s,s,g,g,p,w,o,p,k,v,d
e,f,s,w,f,n,f,w,b,k,t,e,s,s,w,w,p,w,o,e,k,s,g
e,x,s,g,f,n,f,w,b,p,t,e,s,f,w,w,p,w,o,e,n,s,g
e,x,f,g,t,n,f,c,b,p,t,b,s,s,p,g,p,w,o,p,k,v,d
e,f,f,n,t,n,f,c,b,n,t,b,s,s,p,g,p,w,o,p,k,y,d
e,x,f,e,t,n,f,c,b,n,t,b,s,s,g,g,p,w,o,p,k,v,d
e,x,y,g,t,n,f,c,b,n,t,b,s,s,p,g,p,w,o,p,k,v,d
e,f,f,n,t,n,f,c,b,u,t,b,s,s,w,g,p,w,o,p,k,y,d
e,x,f,n,t,n,f,c,b,w,t,b,s,s,p,p,p,w,o,p,n,v,d
p,x,f,g,f,f,f,c,b,h,e,b,k,k,n,n,p,w,o,l,h,y,d
e,x,y,e,t,n,f,c,b,w,t,b,s,s,g,g,p,w,o,p,k,y,d
e,x,f,n,f,n,f,w,b,h,t,e,s,s,w,w,p,w,o,e,k,a,g
p,x,s,w,t,p,f,c,n,n,e,e,s,s,w,w,p,w,o,p,n,v,g
e,x,y,g,t,n,f,c,b,p,t,b,s,s,p,p,p,w,o,p,n,y,d
e,f,f,n,t,n,f,c,b,n,t,b,s,s,w,w,p,w,o,p,n,v,d
e,x,f,n,t,n,f,c,b,p,t,b,s,s,g,p,p,w,o,p,k,y,d
e,x,y,g,t,n,f,c,b,u,t,b,s,s,p,w,p,w,o,p,k,v,d
e,x,y,g,t,n,f,c,b,w,t,b,s,s,p,p,p,w,o,p,k,v,d
e,f,f,n,t,n,f,c,b,u,t,b,s,s,p,p,p,w,o,p,n,v,d
e,f,f,n,t,n,f,c,b,u,t,b,s,s,g,w,p,w,o,p,k,y,d
e,x,f,g,t,n,f,c,b,u,t,b,s,s,w,g,p,w,o,p,k,v,d
e,f,f,g,t,n,f,c,b,n,t,b,s,s,g,p,p,w,o,p,n,y,d
e,x,y,e,t,n,f,c,b,u,t,b,s,s,g,g,p,w,o,p,n,y,d
e,x,f,e,t,n,f,c,b,n,t,b,s,s,w,w,p,w,o,p,k,y,d
p,x,s,w,t,p,f,c,n,n,e,e,s,s,w,w,p,w,o,p,k,v,g
e,f,f,g,t,n,f,c,b,n,t,b,s,s,w,w,p,w,o,p,k,v,d
e,x,f,g,t,n,f,c,b,p,t,b,s,s,g,p,p,w,o,p,k,v,d
e,f,y,e,t,n,f,c,b,w,t,b,s,s,w,p,p,w,o,p,k,v,d
e,f,y,g,t,n,f,c,b,p,t,b,s,s,p,p,p,w,o,p,k,v,d
e,x,y,n,t,n,f,c,b,w,t,b,s,s,w,w,p,w,o,p,n,v,d
e,x,y,e,t,n,f,c,b,w,t,b,s,s,g,w,p,w,o,p,n,y,d
e,x,f,e,t,n,f,c,b,w,t,b,s,s,w,w,p,w,o,p,n,y,d
e,x,y,e,t,n,f,c,b,w,t,b,s,s,g,w,p,w,o,p,k,y,d
e,f,f,g,t,n,f,c,b,n,t,b,s,s,p,g,p,w,o,p,n,y,d
e,x,f,g,t,n,f,c,b,p,t,b,s,s,w,w,p,w,o,p,k,v,d
e,f,f,n,t,n,f,c,b,p,t,b,s,s,w,p,p,w,o,p,n,v,d
e,x,y,n,t,n,f,c,b,p,t,b,s,s,p,p,p,w,o,p,n,v,d
e,x,y,g,t,n,f,c,b,n,t,b,s,s,p,p,p,w,o,p,k,v,d
e,x,f,g,t,n,f,c,b,u,t,b,s,s,p,p,p,w,o,p,n,v,d
e,x,y,n,t,n,f,c,b,p,t,b,s,s,p,p,p,w,o,p,k,y,d
e,f,f,n,t,n,f,c,b,w,t,b,s,s,g,p,p,w,o,p,n,v,d
e,x,y,n,t,n,f,c,b,u,t,b,s,s,g,w,p,w,o,p,k,y,d
e,x,y,n,t,n,f,c,b,p,t,b,s,s,p,g,p,w,o,p,k,y,d
e,f,f,n,t,n,f,c,b,p,t,b,s,s,p,g,p,w,o,p,k,v,d
e,x,f,n,t,n,f,c,b,u,t,b,s,s,p,g,p,w,o,p,n,y,d
e,x,f,n,t,n,f,c,b,p,t,b,s,s,g,w,p,w,o,p,n,v,d
e,x,y,n,t,n,f,c,b,p,t,b,s,s,g,p,p,w,o,p,k,y,d
e,f,f,g,t,n,f,c,b,n,t,b,s,s,p,p,p,w,o,p,n,y,d
e,x,f,e,t,n,f,c,b,u,t,b,s,s,w,w,p,w,o,p,n,y,d
e,f,f,n,t,n,f,c,b,p,t,b,s,s,g,g,p,w,o,p,n,v,d
p,x,s,p,f,c,f,c,n,g,e,b,s,s,w,w,p,w,o,p,k,v,d
e,x,f,e,t,n,f,c,b,u,t,b,s,s,p,p,p,w,o,p,n,y,d
e,f,f,n,t,n,f,c,b,w,t,b,s,s,p,g,p,w,o,p,k,y,d
e,x,f,n,t,n,f,c,b,w,t,b,s,s,p,p,p,w,o,p,k,y,d
e,f,f,e,t,n,f,c,b,u,t,b,s,s,p,g,p,w,o,p,n,v,d
e,x,y,e,t,n,f,c,b,n,t,b,s,s,w,g,p,w,o,p,k,y,d
e,x,f,g,t,n,f,c,b,w,t,b,s,s,w,g,p,w,o,p,n,y,d
e,x,f,g,t,n,f,c,b,n,t,b,s,s,p,w,p,w,o,p,n,y,d
e,x,f,g,t,n,f,c,b,p,t,b,s,s,g,w,p,w,o,p,k,v,d
e,x,f,g,t,n,f,c,b,u,t,b,s,s,p,g,p,w,o,p,n,y,d
e,f,f,g,t,n,f,c,b,p,t,b,s,s,w,g,p,w,o,p,n,y,d
e,x,f,e,t,n,f,c,b,u,t,b,s,s,w,g,p,w,o,p,n,v,d
e,f,y,n,t,n,f,c,b,p,t,b,s,s,p,g,p,w,o,p,k,y,d
e,f,y,e,t,n,f,c,b,u,t,b,s,s,g,w,p,w,o,p,k,v,d
e,x,y,g,t,n,f,c,b,u,t,b,s,s,w,w,p,w,o,p,n,y,d
e,x,y,g,t,n,f,c,b,w,t,b,s,s,p,p,p,w,o,p,k,y,d
e,x,f,g,t,n,f,c,b,n,t,b,s,s,p,w,p,w,o,p,k,y,d
p,x,f,g,f,f,f,c,b,h,e,b,k,k,b,b,p,w,o,l,h,y,g
e,x,y,n,t,n,f,c,b,u,t,b,s,s,w,p,p,w,o,p,k,v,d
e,x,y,e,t,n,f,c,b,p,t,b,s,s,g,p,p,w,o,p,n,y,d
e,x,f,n,t,n,f,c,b,w,t,b,s,s,p,g,p,w,o,p,k,v,d
e,f,f,n,t,n,f,c,b,p,t,b,s,s,w,w,p,w,o,p,n,y,d
e,f,f,n,t,n,f,c,b,p,t,b,s,s,p,w,p,w,o,p,k,v,d
e,f,f,g,t,n,f,c,b,n,t,b,s,s,w,w,p,w,o,p,k,y,d
e,f,f,g,t,n,f,c,b,p,t,b,s,s,p,w,p,w,o,p,n,y,d
e,x,y,g,t,n,f,c,b,w,t,b,s,s,p,p,p,w,o,p,n,y,d
e,x,f,g,f,n,f,w,b,k,t,e,s,f,w,w,p,w,o,e,n,a,g
e,x,y,g,t,n,f,c,b,n,t,b,s,s,w,w,p,w,o,p,k,y,d
e,x,f,e,t,n,f,c,b,p,t,b,s,s,w,p,p,w,o,p,k,y,d
e,f,f,n,t,n,f,c,b,p,t,b,s,s,p,p,p,w,o,p,k,v,d
e,x,y,e,t,n,f,c,b,n,t,b,s,s,g,w,p,w,o,p,n,y,d
e,x,f,g,t,n,f,c,b,p,t,b,s,s,w,w,p,w,o,p,n,v,d
e,x,f,n,t,n,f,c,b,p,t,b,s,s,g,g,p,w,o,p,k,y,d
e,x,y,e,t,n,f,c,b,w,t,b,s,s,w,p,p,w,o,p,n,v,d
e,x,f,n,t,n,f,c,b,w,t,b,s,s,w,p,p,w,o,p,k,v,d
e,f,f,g,t,n,f,c,b,p,t,b,s,s,w,w,p,w,o,p,k,y,d
e,x,y,g,t,n,f,c,b,n,t,b,s,s,g,w,p,w,o,p,k,y,d
e,x,y,g,t,n,f,c,b,u,t,b,s,s,w,p,p,w,o,p,k,v,d
e,f,f,n,t,n,f,c,b,u,t,b,s,s,p,w,p,w,o,p,n,y,d
e,x,f,g,t,n,f,c,b,p,t,b,s,s,g,g,p,w,o,p,k,v,d
e,f,f,n,t,n,f,c,b,p,t,b,s,s,g,p,p,w,o,p,n,v,d
e,x,y,e,t,n,f,c,b,p,t,b,s,s,p,w,p,w,o,p,k,v,d
e,x,f,n,t,n,f,c,b,u,t,b,s,s,p,p,p,w,o,p,k,y,d
e,x,y,g,t,n,f,c,b,w,t,b,s,s,g,p,p,w,o,p,k,v,d
e,f,f,g,t,n,f,c,b,p,t,b,s,s,w,g,p,w,o,p,k,v,d
e,x,f,g,t,n,f,c,b,p,t,b,s,s,w,g,p,w,o,p,n,v,d
e,x,f,n,t,n,f,c,b,w,t,b,s,s,g,g,p,w,o,p,k,v,d
e,x,y,g,t,n,f,c,b,w,t,b,s,s,p,w,p,w,o,p,n,v,d
e,x,y,g,t,n,f,c,b,p,t,b,s,s,w,p,p,w,o,p,n,y,d
e,x,y,e,t,n,f,c,b,n,t,b,s,s,w,p,p,w,o,p,n,v,d
e,x,y,n,t,n,f,c,b,w,t,b,s,s,p,g,p,w,o,p,k,v,d
e,x,y,g,t,n,f,c,b,u,t,b,s,s,w,g,p,w,o,p,k,y,d
p,f,y,n,t,p,f,c,n,k,e,e,s,s,w,w,p,w,o,p,k,s,u
e,x,s,g,f,n,f,w,b,n,t,e,f,s,w,w,p,w,o,e,n,s,g
e,x,f,g,t,n,f,c,b,u,t,b,s,s,g,p,p,w,o,p,k,v,d
e,x,f,e,t,n,f,c,b,n,t,b,s,s,w,g,p,w,o,p,k,y,d
p,x,s,p,f,c,f,w,n,u,e,b,s,s,w,w,p,w,o,p,n,s,d
e,x,y,n,t,n,f,c,b,w,t,b,s,s,p,p,p,w,o,p,k,y,d
e,x,f,e,t,n,f,c,b,p,t,b,s,s,w,g,p,w,o,p,k,v,d
e,x,y,n,t,n,f,c,b,p,t,b,s,s,w,w,p,w,o,p,n,y,d
e,x,y,e,t,n,f,c,b,u,t,b,s,s,p,g,p,w,o,p,k,v,d
e,x,s,w,f,n,f,w,b,k,t,e,s,s,w,w,p,w,o,e,n,s,g
e,f,f,g,t,n,f,c,b,p,t,b,s,s,g,p,p,w,o,p,n,v,d
e,x,y,g,t,n,f,c,b,n,t,b,s,s,g,p,p,w,o,p,n,v,d
e,x,y,g,t,n,f,c,b,n,t,b,s,s,p,p,p,w,o,p,n,v,d
e,x,f,e,t,n,f,c,b,n,t,b,s,s,g,w,p,w,o,p,n,y,d
e,x,y,g,t,n,f,c,b,n,t,b,s,s,p,w,p,w,o,p,k,v,d
e,x,y,g,t,n,f,c,b,w,t,b,s,s,w,p,p,w,o,p,n,v,d
e,x,f,e,t,n,f,c,b,p,t,b,s,s,g,p,p,w,o,p,k,y,d
p,f,y,w,t,p,f,c,n,p,e,e,s,s,w,w,p,w,o,p,n,v,u
e,f,f,n,t,n,f,c,b,u,t,b,s,s,w,w,p,w,o,p,n,y,d
e,x,f,e,t,n,f,c,b,w,t,b,s,s,g,w,p,w,o,p,k,y,d
e,x,f,e,t,n,f,c,b,n,t,b,s,s,p,p,p,w,o,p,n,v,d
e,x,y,g,t,n,f,c,b,p,t,b,s,s,w,g,p,w,o,p,k,v,d
e,f,s,w,f,n,f,w,b,h,t,e,f,f,w,w,p,w,o,e,k,s,g
e,x,f,n,f,n,f,w,b,k,t,e,f,s,w,w,p,w,o,e,n,a,g
e,x,f,n,t,n,f,c,b,w,t,b,s,s,p,p,p,w,o,p,k,v,d
e,f,f,n,t,n,f,c,b,n,t,b,s,s,p,g,p,w,o,p,n,v,d
e,x,y,e,t,n,f,c,b,p,t,b,s,s,w,g,p,w,o,p,n,y,d
e,x,y,e,t,n,f,c,b,u,t,b,s,s,p,p,p,w,o,p,n,y,d
e,x,y,e,t,n,f,c,b,p,t,b,s,s,p,w,p,w,o,p,n,y,d
e,f,f,n,t,n,f,c,b,w,t,b,s,s,w,p,p,w,o,p,k,y,d
e,x,f,g,t,n,f,c,b,w,t,b,s,s,w,w,p,w,o,p,k,v,d
e,f,f,n,t,n,f,c,b,w,t,b,s,s,w,g,p,w,o,p,k,v,d
e,f,f,e,t,n,f,c,b,n,t,b,s,s,w,p,p,w,o,p,n,y,d
e,x,y,e,t,n,f,c,b,w,t,b,s,s,p,p,p,w,o,p,n,v,d
p,x,s,w,f,c,f,w,n,p,e,b,s,s,w,w,p,w,o,p,n,s,d
e,f,f,n,t,n,f,c,b,u,t,b,s,s,p,p,p,w,o,p,k,y,d
e,f,f,g,t,n,f,c,b,p,t,b,s,s,p,p,p,w,o,p,n,y,d
e,f,f,n,t,n,f,c,b,u,t,b,s,s,w,w,p,w,o,p,k,v,d
e,x,y,n,t,n,f,c,b,p,t,b,s,s,p,g,p,w,o,p,k,v,d
e,x,f,e,t,n,f,c,b,w,t,b,s,s,g,p,p,w,o,p,k,y,d
e,f,s,w,f,n,f,w,b,n,t,e,f,s,w,w,p,w,o,e,n,s,g
e,x,y,g,t,n,f,c,b,u,t,b,s,s,p,p,p,w,o,p,n,y,d
e,x,f,e,t,n,f,c,b,p,t,b,s,s,p,p,p,w,o,p,k,v,d
e,f,f,n,t,n,f,c,b,n,t,b,s,s,w,g,p,w,o,p,n,v,d
e,f,f,n,t,n,f,c,b,p,t,b,s,s,w,g,p,w,o,p,k,v,d
e,x,y,n,t,n,f,c,b,n,t,b,s,s,g,w,p,w,o,p,k,y,d
e,x,y,g,t,n,f,c,b,n,t,b,s,s,w,p,p,w,o,p,n,y,d
e,x,y,n,t,n,f,c,b,n,t,b,s,s,w,w,p,w,o,p,k,v,d
e,x,f,g,t,n,f,c,b,u,t,b,s,s,p,w,p,w,o,p,n,y,d
e,x,y,n,t,n,f,c,b,w,t,b,s,s,w,w,p,w,o,p,k,y,d
e,x,y,n,t,n,f,c,b,p,t,b,s,s,w,p,p,w,o,p,k,v,d
e,f,f,n,t,n,f,c,b,p,t,b,s,s,p,w,p,w,o,p,n,y,d
e,x,y,g,t,n,f,c,b,n,t,b,s,s,w,p,p,w,o,p,n,v,d
e,x,y,e,t,n,f,c,b,w,t,b,s,s,p,p,p,w,o,p,k,y,d
e,x,y,n,t,n,f,c,b,n,t,b,s,s,p,p,p,w,o,p,k,y,d
p,x,f,g,f,f,f,c,b,g,e,b,k,k,n,b,p,w,o,l,h,y,p
e,f,f,g,t,n,f,c,b,u,t,b,s,s,p,p,p,w,o,p,k,v,d
e,x,y,e,t,n,f,c,b,u,t,b,s,s,g,g,p,w,o,p,k,v,d
p,x,f,g,f,f,f,c,b,h,e,b,k,k,p,b,p,w,o,l,h,v,d
e,x,y,e,t,n,f,c,b,n,t,b,s,s,w,w,p,w,o,p,k,v,d
e,x,f,e,t,n,f,c,b,n,t,b,s,s,w,g,p,w,o,p,k,v,d
p,x,f,g,f,f,f,c,b,h,e,b,k,k,b,n,p,w,o,l,h,y,d
p,x,f,p,f,c,f,w,n,n,e,b,s,s,w,w,p,w,o,p,n,s,d
e,x,f,g,t,n,f,c,b,u,t,b,s,s,w,w,p,w,o,p,k,v,d
e,f,f,g,t,n,f,c,b,p,t,b,s,s,p,g,p,w,o,p,n,y,d
e,x,f,g,t,n,f,c,b,u,t,b,s,s,w,p,p,w,o,p,n,v,d
e,x,y,g,t,n,f,c,b,w,t,b,s,s,w,p,p,w,o,p,k,y,d
e,x,y,g,t,n,f,c,b,n,t,b,s,s,w,g,p,w,o,p,n,v,d
e,f,f,g,t,n,f,c,b,n,t,b,s,s,g,g,p,w,o,p,n,y,d
e,x,f,g,t,n,f,c,b,w,t,b,s,s,w,p,p,w,o,p,n,y,d
e,x,f,e,t,n,f,c,b,p,t,b,s,s,g,p,p,w,o,p,k,v,d
e,x,f,n,t,n,f,c,b,w,t,b,s,s,w,w,p,w,o,p,k,y,d
e,x,y,n,t,n,f,c,b,u,t,b,s,s,p,g,p,w,o,p,k,v,d
e,f,f,n,t,n,f,c,b,p,t,b,s,s,w,g,p,w,o,p,k,y,d
e,f,f,n,t,n,f,c,b,u,t,b,s,s,p,w,p,w,o,p,n,v,d
e,f,f,g,t,n,f,c,b,n,t,b,s,s,p,g,p,w,o,p,k,y,d
e,x,f,g,t,n,f,c,b,p,t,b,s,s,w,g,p,w,o,p,k,y,d
e,x,y,n,t,n,f,c,b,u,t,b,s,s,p,p,p,w,o,p,n,v,d
e,x,y,e,t,n,f,c,b,w,t,b,s,s,p,g,p,w,o,p,n,v,d
e,f,f,n,t,n,f,c,b,u,t,b,s,s,p,g,p,w,o,p,n,v,d
e,x,y,g,t,n,f,c,b,n,t,b,s,s,p,w,p,w,o,p,n,v,d
e,x,y,n,t,n,f,c,b,u,t,b,s,s,p,g,p,w,o,p,k,y,d
p,x,f,w,f,c,f,c,n,g,e,b,s,s,w,w,p,w,o,p,k,v,d
e,f,f,n,t,n,f,c,b,u,t,b,s,s,w,p,p,w,o,p,k,y,d
e,x,y,e,t,n,f,c,b,w,t,b,s,s,p,w,p,w,o,p,n,v,d
e,x,y,n,t,n,f,c,b,n,t,b,s,s,g,g,p,w,o,p,n,y,d
e,f,f,g,t,n,f,c,b,n,t,b,s,s,p,p,p,w,o,p,k,v,d
e,x,f,e,t,n,f,c,b,w,t,b,s,s,w,p,p,w,o,p,k,y,d
p,x,f,g,f,f,f,c,b,p,e,b,k,k,b,p,p,w,o,l,h,y,d
e,x,y,e,t,n,f,c,b,n,t,b,s,s,w,p,p,w,o,p,k,y,d
e,f,f,g,t,n,f,c,b,p,t,b,s,s,g,g,p,w,o,p,n,v,d
e,f,y,e,t,n,f,c,b,w,t,b,s,s,w,w,p,w,o,p,k,v,d
e,x,f,e,t,n,f,c,b,p,t,b,s,s,p,p,p,w,o,p,n,v,d
p,x,f,g,f,f,f,c,b,p,e,b,k,k,b,p,p,w,o,l,h,v,g
e,x,y,n,t,n,f,c,b,w,t,b,s,s,w,g,p,w,o,p,n,y,d
e,x,y,n,t,n,f,c,b,p,t,b,s,s,g,p,p,w,o,p,k,v,d
e,x,y,n,t,n,f,c,b,p,t,b,s,s,g,w,p,w,o,p,k,v,d
e,x,y,n,t,n,f,c,b,n,t,b,s,s,w,w,p,w,o,p,k,y,d
e,x,y,g,t,n,f,c,b,u,t,b,s,s,w,g,p,w,o,p,n,y,d
e,x,y,n,t,n,f,c,b,n,t,b,s,s,w,g,p,w,o,p,k,y,d
e,x,f,g,t,n,f,c,b,p,t,b,s,s,g,g,p,w,o,p,k,y,d
e,x,y,e,t,n,f,c,b,n,t,b,s,s,p,p,p,w,o,p,k,y,d
e,x,y,e,t,n,f,c,b,n,t,b,s,s,p,w,p,w,o,p,k,v,d
e,x,y,g,t,n,f,c,b,p,t,b,s,s,p,g,p,w,o,p,n,v,d
e,f,f,e,t,n,f,c,b,n,t,b,s,s,w,g,p,w,o,p,n,v,d
e,f,f,n,t,n,f,c,b,n,t,b,s,s,p,p,p,w,o,p,k,v,d
e,f,f,n,t,n,f,c,b,w,t,b,s,s,w,g,p,w,o,p,n,v,d
e,x,y,g,t,n,f,c,b,p,t,b,s,s,p,p,p,w,o,p,n,v,d
e,x,y,g,t,n,f,c,b,w,t,b,s,s,p,g,p,w,o,p,n,y,d
e,x,f,e,t,n,f,c,b,u,t,b,s,s,p,g,p,w,o,p,k,v,d
e,f,f,n,t,n,f,c,b,w,t,b,s,s,g,g,p,w,o,p,n,v,d
e,f,f,n,t,n,f,c,b,p,t,b,s,s,p,g,p,w,o,p,n,v,d
e,x,y,e,t,n,f,c,b,p,t,b,s,s,g,p,p,w,o,p,k,y,d
e,x,y,n,t,n,f,c,b,n,t,b,s,s,p,w,p,w,o,p,n,v,d
e,f,f,n,t,n,f,c,b,p,t,b,s,s,w,w,p,w,o,p,k,y,d
e,f,f,n,t,n,f,c,b,w,t,b,s,s,p,p,p,w,o,p,n,v,d
p,x,f,g,f,f,f,c,b,g,e,b,k,k,b,n,p,w,o,l,h,v,p
e,x,f,g,t,n,f,c,b,n,t,b,s,s,w,w,p,w,o,p,k,y,d
e,x,y,n,t,n,f,c,b,w,t,b,s,s,g,g,p,w,o,p,n,y,d
e,x,f,g,t,n,f,c,b,n,t,b,s,s,w,g,p,w,o,p,n,y,d
e,x,f,g,t,n,f,c,b,n,t,b,s,s,p,p,p,w,o,p,n,y,d
e,x,y,g,t,n,f,c,b,w,t,b,s,s,g,w,p,w,o,p,k,v,d
e,f,f,n,t,n,f,c,b,u,t,b,s,s,w,w,p,w,o,p,k,y,d
e,f,f,g,t,n,f,c,b,n,t,b,s,s,g,g,p,w,o,p,k,y,d
e,x,y,n,t,n,f,c,b,n,t,b,s,s,p,g,p,w,o,p,k,v,d
e,x,f,e,t,n,f,c,b,w,t,b,s,s,p,w,p,w,o,p,k,y,d
e,f,f,n,t,n,f,c,b,n,t,b,s,s,g,w,p,w,o,p,n,v,d
p,x,f,g,f,f,f,c,b,g,e,b,k,k,p,n,p,w,o,l,h,v,p
e,x,f,e,t,n,f,c,b,p,t,b,s,s,p,w,p,w,o,p,n,v,d
e,f,f,n,t,n,f,c,b,n,t,b,s,s,g,g,p,w,o,p,n,v,d
e,x,f,e,t,n,f,c,b,n,t,b,s,s,w,p,p,w,o,p,k,y,d
e,x,f,e,t,n,f,c,b,n,t,b,s,s,w,g,p,w,o,p,n,v,d
e,x,y,e,t,n,f,c,b,p,t,b,s,s,p,p,p,w,o,p,k,y,d
e,f,y,g,t,n,f,c,b,w,t,b,s,s,p,w,p,w,o,p,n,v,d
e,f,f,n,t,n,f,c,b,u,t,b,s,s,w,g,p,w,o,p,n,y,d
e,x,f,g,t,n,f,c,b,n,t,b,s,s,g,g,p,w,o,p,n,y,d
e,f,f,g,t,n,f,c,b,p,t,b,s,s,p,g,p,w,o,p,k,v,d
e,x,y,n,t,n,f,c,b,w,t,b,s,s,w,p,p,w,o,p,k,y,d
e,x,y,g,t,n,f,c,b,p,t,b,s,s,w,w,p,w,o,p,n,y,d
e,x,y,g,t,n,f,c,b,u,t,b,s,s,g,w,p,w,o,p,n,y,d
e,x,f,n,t,n,f,c,b,w,t,b,s,s,w,w,p,w,o,p,n,y,d
e,x,y,e,t,n,f,c,b,p,t,b,s,s,g,g,p,w,o,p,k,y,d
e,f,f,n,t,n,f,c,b,u,t,b,s,s,g,g,p,w,o,p,n,v,d
e,x,y,e,t,n,f,c,b,n,t,b,s,s,p,p,p,w,o,p,n,v,d
e,x,f,n,t,n,f,c,b,n,t,b,s,s,w,g,p,w,o,p,n,y,d
e,f,f,n,t,n,f,c,b,u,t,b,s,s,p,g,p,w,o,p,k,y,d
e,x,y,e,t,n,f,c,b,p,t,b,s,s,g,g,p,w,o,p,n,v,d
e,x,f,g,t,n,f,c,b,w,t,b,s,s,w,g,p,w,o,p,n,v,d
e,x,y,n,t,n,f,c,b,p,t,b,s,s,w,w,p,w,o,p,n,v,d
p,x,f,g,f,c,f,c,n,g,e,b,s,s,w,w,p,w,o,p,n,v,d
e,f,f,g,t,n,f,c,b,n,t,b,s,s,p,p,p,w,o,p,n,v,d
e,x,f,n,t,n,f,c,b,w,t,b,s,s,g,g,p,w,o,p,n,y,d
e,f,s,n,f,n,f,w,b,p,t,e,s,f,w,w,p,w,o,e,k,a,g
e,f,f,n,t,n,f,c,b,w,t,b,s,s,g,w,p,w,o,p,n,v,d
e,x,y,g,t,n,f,c,b,n,t,b,s,s,p,w,p,w,o,p,n,y,d
e,f,y,g,t,n,f,c,b,w,t,b,s,s,g,g,p,w,o,p,n,v,d
e,x,y,g,t,n,f,c,b,w,t,b,s,s,w,w,p,w,o,p,n,v,d
e,f,y,e,t,n,f,c,b,p,t,b,s,s,p,g,p,w,o,p,n,v,d
e,x,y,g,t,n,f,c,b,n,t,b,s,s,p,g,p,w,o,p,n,y,d
e,x,f,g,t,n,f,c,b,n,t,b,s,s,p,g,p,w,o,p,n,v,d
e,f,f,g,t,n,f,c,b,n,t,b,s,s,p,g,p,w,o,p,n,v,d
e,x,y,n,t,n,f,c,b,p,t,b,s,s,g,g,p,w,o,p,k,v,d
e,f,f,n,t,n,f,c,b,u,t,b,s,s,g,g,p,w,o,p,k,y,d
e,x,y,e,t,n,f,c,b,p,t,b,s,s,p,w,p,w,o,p,n,v,d
e,x,y,e,t,n,f,c,b,w,t,b,s,s,w,w,p,w,o,p,k,v,d
e,f,y,n,t,n,f,c,b,u,t,b,s,s,g,g,p,w,o,p,k,v,d
e,x,y,n,t,n,f,c,b,w,t,b,s,s,p,p,p,w,o,p,n,y,d
e,x,f,g,t,n,f,c,b,u,t,b,s,s,g,w,p,w,o,p,n,y,d
e,f,f,g,t,n,f,c,b,p,t,b,s,s,g,p,p,w,o,p,k,y,d
e,f,f,w,f,n,f,w,b,h,t,e,s,f,w,w,p,w,o,e,k,s,g
e,x,y,n,t,n,f,c,b,p,t,b,s,s,w,g,p,w,o,p,n,v,d
e,x,f,g,t,n,f,c,b,u,t,b,s,s,g,g,p,w,o,p,k,y,d
e,f,y,e,t,n,f,c,b,n,t,b,s,s,p,g,p,w,o,p,n,y,d
e,x,f,e,t,n,f,c,b,w,t,b,s,s,g,g,p,w,o,p,k,v,d
e,x,y,n,t,n,f,c,b,u,t,b,s,s,g,g,p,w,o,p,n,y,d
e,f,y,n,t,n,f,c,b,w,t,b,s,s,p,w,p,w,o,p,k,y,d
e,x,y,g,t,n,f,c,b,p,t,b,s,s,p,g,p,w,o,p,k,v,d
e,f,f,n,t,n,f,c,b,w,t,b,s,s,w,w,p,w,o,p,k,v,d
e,x,y,e,t,n,f,c,b,u,t,b,s,s,w,w,p,w,o,p,k,y,d
e,x,y,e,t,n,f,c,b,p,t,b,s,s,g,g,p,w,o,p,k,v,d
e,x,y,e,t,n,f,c,b,w,t,b,s,s,p,w,p,w,o,p,k,v,d
e,x,f,e,t,n,f,c,b,w,t,b,s,s,p,w,p,w,o,p,n,y,d
e,x,f,e,t,n,f,c,b,p,t,b,s,s,g,w,p,w,o,p,n,v,d
e,x,f,e,t,n,f,c,b,p,t,b,s,s,g,g,p,w,o,p,n,v,d
e,f,f,n,t,n,f,c,b,p,t,b,s,s,g,p,p,w,o,p,n,y,d
e,x,f,g,t,n,f,c,b,n,t,b,s,s,g,p,p,w,o,p,k,v,d
e,x,f,g,t,n,f,c,b,p,t,b,s,s,p,w,p,w,o,p,k,v,d
e,x,y,g,t,n,f,c,b,u,t,b,s,s,p,g,p,w,o,p,k,y,d
e,x,y,n,t,n,f,c,b,n,t,b,s,s,w,g,p,w,o,p,n,v,d
e,x,f,e,t,n,f,c,b,n,t,b,s,s,g,g,p,w,o,p,k,y,d
e,x,f,e,t,n,f,c,b,w,t,b,s,s,g,g,p,w,o,p,n,y,d
e,x,f,g,t,n,f,c,b,u,t,b,s,s,g,p,p,w,o,p,n,y,d
e,x,f,e,t,n,f,c,b,w,t,b,s,s,p,p,p,w,o,p,n,v,d
e,f,f,n,t,n,f,c,b,n,t,b,s,s,p,w,p,w,o,p,n,y,d
e,x,f,e,t,n,f,c,b,p,t,b,s,s,p,g,p,w,o,p,n,v,d
e,f,f,n,t,n,f,c,b,w,t,b,s,s,w,p,p,w,o,p,n,y,d
e,f,f,n,t,n,f,c,b,w,t,b,s,s,g,g,p,w,o,p,k,v,d
e,f,f,n,t,n,f,c,b,u,t,b,s,s,p,p,p,w,o,p,k,v,d
e,x,f,g,t,n,f,c,b,n,t,b,s,s,w,p,p,w,o,p,k,v,d
e,x,f,e,t,n,f,c,b,u,t,b,s,s,p,p,p,w,o,p,n,v,d
e,x,y,e,t,n,f,c,b,u,t,b,s,s,p,w,p,w,o,p,n,y,d
e,f,f,g,t,n,f,c,b,n,t,b,s,s,p,p,p,w,o,p,k,y,d
e,f,f,n,t,n,f,c,b,p,t,b,s,s,p,p,p,w,o,p,n,v,d
e,x,y,n,t,n,f,c,b,n,t,b,s,s,g,p,p,w,o,p,n,y,d
e,f,f,n,t,n,f,c,b,u,t,b,s,s,p,g,p,w,o,p,k,v,d
p,x,f,p,f,c,f,c,n,p,e,b,s,s,w,w,p,w,o,p,n,v,d
e,x,f,e,t,n,f,c,b,p,t,b,s,s,w,w,p,w,o,p,k,y,d
e,x,f,n,t,n,f,c,b,w,t,b,s,s,w,w,p,w,o,p,n,v,d
e,x,y,e,t,n,f,c,b,w,t,b,s,s,g,p,p,w,o,p,n,y,d
e,f,f,n,t,n,f,c,b,n,t,b,s,s,g,p,p,w,o,p,n,v,d
e,f,f,n,t,n,f,c,b,w,t,b,s,s,g,g,p,w,o,p,k,y,d
e,x,y,g,t,n,f,c,b,w,t,b,s,s,p,w,p,w,o,p,k,v,d
e,f,s,n,f,n,f,w,b,n,t,e,s,s,w,w,p,w,o,e,n,a,g
e,x,y,g,t,n,f,c,b,w,t,b,s,s,p,g,p,w,o,p,k,y,d
e,x,y,n,t,n,f,c,b,w,t,b,s,s,w,p,p,w,o,p,n,v,d
e,x,y,n,t,n,f,c,b,p,t,b,s,s,p,w,p,w,o,p,k,v,d
e,f,f,g,t,n,f,c,b,p,t,b,s,s,w,g,p,w,o,p,n,v,d
e,x,f,e,t,n,f,c,b,n,t,b,s,s,g,g,p,w,o,p,n,y,d
e,f,f,n,t,n,f,c,b,p,t,b,s,s,g,p,p,w,o,p,k,y,d
p,x,f,g,f,f,f,c,b,h,e,b,k,k,b,p,p,w,o,l,h,y,g
e,x,y,e,t,n,f,c,b,w,t,b,s,s,w,w,p,w,o,p,n,v,d
e,x,f,g,t,n,f,c,b,u,t,b,s,s,p,g,p,w,o,p,k,v,d
e,x,f,e,t,n,f,c,b,n,t,b,s,s,p,w,p,w,o,p,n,v,d
e,x,f,e,t,n,f,c,b,n,t,b,s,s,p,g,p,w,o,p,k,y,d
e,x,y,e,t,n,f,c,b,n,t,b,s,s,g,w,p,w,o,p,k,v,d
e,f,f,n,t,n,f,c,b,w,t,b,s,s,w,g,p,w,o,p,n,y,d
e,f,f,n,t,n,f,c,b,u,t,b,s,s,g,p,p,w,o,p,k,v,d
e,x,y,n,t,n,f,c,b,w,t,b,s,s,w,g,p,w,o,p,k,v,d
e,x,f,e,t,n,f,c,b,u,t,b,s,s,g,w,p,w,o,p,n,y,d
e,x,y,e,t,n,f,c,b,w,t,b,s,s,p,g,p,w,o,p,k,v,d
e,x,y,n,t,n,f,c,b,n,t,b,s,s,p,g,p,w,o,p,k,y,d
e,x,y,g,t,n,f,c,b,u,t,b,s,s,w,w,p,w,o,p,k,v,d
e,x,y,n,t,n,f,c,b,u,t,b,s,s,g,w,p,w,o,p,k,v,d
e,x,y,e,t,n,f,c,b,p,t,b,s,s,w,p,p,w,o,p,n,y,d
e,x,f,e,t,n,f,c,b,u,t,b,s,s,g,p,p,w,o,p,n,y,d
e,x,f,e,t,n,f,c,b,u,t,b,s,s,w,p,p,w,o,p,k,y,d
e,x,y,e,t,n,f,c,b,p,t,b,s,s,w,g,p,w,o,p,n,v,d
e,x,y,n,t,n,f,c,b,p,t,b,s,s,g,w,p,w,o,p,k,y,d
e,x,f,e,t,n,f,c,b,p,t,b,s,s,p,p,p,w,o,p,n,y,d
e,f,f,e,t,n,f,c,b,w,t,b,s,s,g,p,p,w,o,p,n,v,d
e,f,f,n,t,n,f,c,b,w,t,b,s,s,p,w,p,w,o,p,k,y,d
e,x,y,e,t,n,f,c,b,u,t,b,s,s,w,w,p,w,o,p,k,v,d
e,x,f,n,t,n,f,c,b,u,t,b,s,s,g,w,p,w,o,p,n,v,d
e,x,y,e,t,n,f,c,b,n,t,b,s,s,g,p,p,w,o,p,n,y,d
e,f,f,g,t,n,f,c,b,p,t,b,s,s,g,p,p,w,o,p,n,y,d
e,x,y,n,t,n,f,c,b,p,t,b,s,s,g,w,p,w,o,p,n,v,d
e,f,y,e,t,n,f,c,b,n,t,b,s,s,p,p,p,w,o,p,k,v,d
e,x,y,n,t,n,f,c,b,u,t,b,s,s,g,p,p,w,o,p,k,y,d
e,x,y,e,t,n,f,c,b,p,t,b,s,s,p,g,p,w,o,p,n,y,d
e,x,y,g,t,n,f,c,b,u,t,b,s,s,p,g,p,w,o,p,n,y,d
e,f,y,g,t,n,f,c,b,p,t,b,s,s,w,p,p,w,o,p,k,v,d
e,x,y,n,t,n,f,c,b,u,t,b,s,s,w,w,p,w,o,p,n,y,d
e,x,s,g,f,n,f,w,b,h,t,e,f,s,w,w,p,w,o,e,k,s,g
e,f,f,n,t,n,f,c,b,n,t,b,s,s,w,g,p,w,o,p,n,y,d
e,x,y,g,t,n,f,c,b,w,t,b,s,s,g,p,p,w,o,p,n,y,d
e,x,y,g,t,n,f,c,b,n,t,b,s,s,w,p,p,w,o,p,k,y,d
e,x,f,n,t,n,f,c,b,u,t,b,s,s,g,w,p,w,o,p,k,y,d
e,x,f,e,t,n,f,c,b,u,t,b,s,s,g,g,p,w,o,p,n,v,d
e,x,y,e,t,n,f,c,b,n,t,b,s,s,g,g,p,w,o,p,k,y,d
e,x,y,n,t,n,f,c,b,w,t,b,s,s,w,g,p,w,o,p,k,y,d
e,x,f,e,t,n,f,c,b,w,t,b,s,s,p,g,p,w,o,p,k,y,d
e,x,y,e,t,n,f,c,b,u,t,b,s,s,p,w,p,w,o,p,k,y,d
e,x,y,n,t,n,f,c,b,u,t,b,s,s,g,w,p,w,o,p,n,y,d
e,f,f,g,t,n,f,c,b,p,t,b,s,s,w,w,p,w,o,p,n,y,d
e,x,f,e,t,n,f,c,b,u,t,b,s,s,w,w,p,w,o,p,k,y,d
e,f,y,n,t,n,f,c,b,p,t,b,s,s,p,g,p,w,o,p,k,v,d
e,x,y,n,t,n,f,c,b,w,t,b,s,s,p,g,p,w,o,p,n,v,d
e,x,f,e,t,n,f,c,b,w,t,b,s,s,g,w,p,w,o,p,n,y,d
e,x,f,g,t,n,f,c,b,n,t,b,s,s,p,g,p,w,o,p,k,v,d
e,x,y,n,t,n,f,c,b,u,t,b,s,s,w,w,p,w,o,p,k,y,d
e,x,y,g,t,n,f,c,b,n,t,b,s,s,w,g,p,w,o,p,n,y,d
p,x,f,g,f,c,f,c,n,p,e,b,s,s,w,w,p,w,o,p,k,v,d
e,x,y,n,t,n,f,c,b,n,t,b,s,s,p,w,p,w,o,p,n,y,d
e,x,f,g,t,n,f,c,b,p,t,b,s,s,p,p,p,w,o,p,n,y,d
e,x,y,n,t,n,f,c,b,n,t,b,s,s,g,p,p,w,o,p,k,y,d
e,x,y,g,t,n,f,c,b,w,t,b,s,s,g,g,p,w,o,p,k,v,d
e,x,y,n,t,n,f,c,b,w,t,b,s,s,g,p,p,w,o,p,n,v,d
e,f,f,n,t,n,f,c,b,p,t,b,s,s,w,g,p,w,o,p,n,v,d
e,f,f,n,t,n,f,c,b,w,t,b,s,s,p,p,p,w,o,p,k,y,d
e,x,y,n,t,n,f,c,b,n,t,b,s,s,w,p,p,w,o,p,n,v,d
e,f,f,n,t,n,f,c,b,p,t,b,s,s,p,w,p,w,o,p,k,y,d
e,f,f,n,t,n,f,c,b,w,t,b,s,s,w,w,p,w,o,p,n,y,d
e,f,y,g,t,n,f,c,b,u,t,b,s,s,w,w,p,w,o,p,k,y,d
e,x,f,g,t,n,f,c,b,u,t,b,s,s,p,w,p,w,o,p,k,y,d
e,x,y,g,t,n,f,c,b,w,t,b,s,s,w,g,p,w,o,p,k,y,d
e,x,y,g,t,n,f,c,b,u,t,b,s,s,w,g,p,w,o,p,n,v,d
e,f,f,n,t,n,f,c,b,u,t,b,s,s,g,p,p,w,o,p,n,v,d
e,x,f,g,t,n,f,c,b,n,t,b,s,s,w,p,p,w,o,p,n,v,d
p,x,f,g,f,f,f,c,b,g,e,b,k,k,b,p,p,w,o,l,h,v,d
e,f,f,n,t,n,f,c,b,w,t,b,s,s,p,w,p,w,o,p,n,v,d
e,x,y,g,t,n,f,c,b,w,t,b,s,s,g,g,p,w,o,p,k,y,d
e,x,f,g,t,n,f,c,b,u,t,b,s,s,w,g,p,w,o,p,n,y,d
p,x,f,g,f,f,f,c,b,g,e,b,k,k,b,p,p,w,o,l,h,y,d
e,f,f,n,t,n,f,c,b,u,t,b,s,s,w,w,p,w,o,p,n,v,d
e,x,y,e,t,n,f,c,b,n,t,b,s,s,g,p,p,w,o,p,n,v,d
e,x,y,n,t,n,f,c,b,u,t,b,s,s,g,g,p,w,o,p,k,v,d
e,x,f,e,t,n,f,c,b,p,t,b,s,s,p,g,p,w,o,p,k,v,d
e,x,f,e,t,n,f,c,b,p,t,b,s,s,g,p,p,w,o,p,n,y,d
e,x,y,n,t,n,f,c,b,p,t,b,s,s,w,p,p,w,o,p,n,v,d
e,f,f,n,t,n,f,c,b,n,t,b,s,s,w,p,p,w,o,p,k,v,d
e,x,f,e,t,n,f,c,b,n,t,b,s,s,g,p,p,w,o,p,n,v,d
e,x,f,g,t,n,f,c,b,w,t,b,s,s,w,p,p,w,o,p,k,v,d
e,f,f,n,t,n,f,c,b,u,t,b,s,s,g,p,p,w,o,p,k,y,d
e,x,y,e,t,n,f,c,b,p,t,b,s,s,g,p,p,w,o,p,n,v,d
e,x,f,g,t,n,f,c,b,u,t,b,s,s,g,w,p,w,o,p,k,y,d
e,f,f,g,t,n,f,c,b,p,t,b,s,s,p,w,p,w,o,p,k,y,d
e,f,f,g,t,n,f,c,b,p,t,b,s,s,g,g,p,w,o,p,k,v,d
e,f,f,n,t,n,f,c,b,n,t,b,s,s,g,w,p,w,o,p,k,y,d
e,x,f,n,t,n,f,c,b,w,t,b,s,s,p,w,p,w,o,p,n,y,d
e,x,y,e,t,n,f,c,b,w,t,b,s,s,g,g,p,w,o,p,n,y,d
e,f,s,g,f,n,f,w,b,p,t,e,f,f,w,w,p,w,o,e,k,s,g
e,x,y,e,t,n,f,c,b,p,t,b,s,s,g,w,p,w,o,p,k,y,d
e,f,f,g,t,n,f,c,b,p,t,b,s,s,g,w,p,w,o,p,n,y,d
e,x,y,e,t,n,f,c,b,w,t,b,s,s,g,p,p,w,o,p,k,y,d
e,x,f,g,t,n,f,c,b,u,t,b,s,s,w,w,p,w,o,p,n,v,d
e,f,f,n,t,n,f,c,b,w,t,b,s,s,w,g,p,w,o,p,k,y,d
e,x,f,e,t,n,f,c,b,w,t,b,s,s,p,g,p,w,o,p,n,v,d
e,x,f,e,t,n,f,c,b,n,t,b,s,s,g,w,p,w,o,p,n,v,d
e,x,f,g,t,n,f,c,b,w,t,b,s,s,w,g,p,w,o,p,k,v,d
p,x,f,w,f,c,f,w,n,g,e,b,s,s,w,w,p,w,o,p,n,s,d
e,x,y,e,t,n,f,c,b,p,t,b,s,s,p,p,p,w,o,p,n,y,d
e,x,f,e,t,n,f,c,b,n,t,b,s,s,w,p,p,w,o,p,k,v,d
e,x,y,n,t,n,f,c,b,w,t,b,s,s,p,w,p,w,o,p,n,y,d
e,f,f,w,f,n,f,w,b,h,t,e,s,s,w,w,p,w,o,e,n,s,g
e,x,f,g,t,n,f,c,b,n,t,b,s,s,g,w,p,w,o,p,n,y,d
e,f,f,g,t,n,f,c,b,n,t,b,s,s,w,p,p,w,o,p,n,v,d
e,x,f,g,t,n,f,c,b,w,t,b,s,s,p,g,p,w,o,p,n,y,d
e,f,y,e,t,n,f,c,b,w,t,b,s,s,w,p,p,w,o,p,k,y,d
e,x,f,e,t,n,f,c,b,n,t,b,s,s,p,p,p,w,o,p,k,y,d
e,x,y,n,t,n,f,c,b,n,t,b,s,s,g,g,p,w,o,p,k,v,d
e,x,y,e,t,n,f,c,b,n,t,b,s,s,g,g,p,w,o,p,n,v,d
e,x,f,e,t,n,f,c,b,n,t,b,s,s,w,w,p,w,o,p,n,v,d
e,f,y,e,t,n,f,c,b,n,t,b,s,s,w,w,p,w,o,p,k,v,d
e,f,f,n,t,n,f,c,b,w,t,b,s,s,p,g,p,w,o,p,n,v,d
e,x,y,g,t,n,f,c,b,p,t,b,s,s,w,w,p,w,o,p,n,v,d
e,x,y,g,t,n,f,c,b,p,t,b,s,s,g,w,p,w,o,p,n,y,d
e,x,f,g,t,n,f,c,b,n,t,b,s,s,g,p,p,w,o,p,n,v,d
e,x,f,e,t,n,f,c,b,w,t,b,s,s,g,p,p,w,o,p,n,v,d
e,x,f,n,t,n,f,c,b,w,t,b,s,s,g,w,p,w,o,p,k,y,d
e,f,f,n,f,n,f,w,b,n,t,e,f,f,w,w,p,w,o,e,k,s,g
e,x,f,e,t,n,f,c,b,w,t,b,s,s,w,g,p,w,o,p,n,y,d
e,x,y,g,t,n,f,c,b,n,t,b,s,s,g,g,p,w,o,p,n,y,d
e,x,y,n,t,n,f,c,b,u,t,b,s,s,p,p,p,w,o,p,k,v,d
e,x,f,g,t,n,f,c,b,p,t,b,s,s,g,p,p,w,o,p,n,y,d
e,x,y,e,t,n,f,c,b,n,t,b,s,s,p,g,p,w,o,p,n,y,d
e,f,f,n,t,n,f,c,b,u,t,b,s,s,p,w,p,w,o,p,k,v,d
e,x,y,g,t,n,f,c,b,u,t,b,s,s,w,w,p,w,o,p,k,y,d
e,f,f,g,t,n,f,c,b,p,t,b,s,s,p,g,p,w,o,p,n,v,d
e,x,f,e,t,n,f,c,b,u,t,b,s,s,p,p,p,w,o,p,k,v,d
e,f,f,n,t,n,f,c,b,n,t,b,s,s,w,g,p,w,o,p,k,v,d
e,x,y,g,t,n,f,c,b,p,t,b,s,s,g,p,p,w,o,p,n,y,d
e,x,y,n,t,n,f,c,b,p,t,b,s,s,w,p,p,w,o,p,n,y,d
e,x,y,e,t,n,f,c,b,w,t,b,s,s,w,p,p,w,o,p,k,v,d
e,x,f,e,t,n,f,c,b,u,t,b,s,s,p,p,p,w,o,p,k,y,d
e,x,f,n,t,n,f,c,b,u,t,b,s,s,w,w,p,w,o,p,n,v,d
e,f,f,n,t,n,f,c,b,n,t,b,s,s,p,p,p,w,o,p,k,y,d
e,x,y,g,t,n,f,c,b,n,t,b,s,s,w,w,p,w,o,p,k,v,d
e,x,f,e,t,n,f,c,b,w,t,b,s,s,p,p,p,w,o,p,n,y,d
e,f,f,n,t,n,f,c,b,w,t,b,s,s,w,p,p,w,o,p,n,v,d
e,f,f,n,t,n,f,c,b,n,t,b,s,s,p,p,p,w,o,p,n,y,d
e,x,y,e,t,n,f,c,b,u,t,b,s,s,g,p,p,w,o,p,k,y,d
e,x,f,g,t,n,f,c,b,u,t,b,s,s,p,g,p,w,o,p,k,y,d
e,x,f,g,t,n,f,c,b,u,t,b,s,s,g,g,p,w,o,p,k,v,d
p,x,f,p,f,c,f,w,n,u,e,b,s,s,w,w,p,w,o,p,k,v,d
e,x,y,n,t,n,f,c,b,p,t,b,s,s,g,g,p,w,o,p,n,y,d
e,x,f,e,t,n,f,c,b,p,t,b,s,s,w,p,p,w,o,p,n,v,d
e,f,s,n,f,n,f,w,b,p,t,e,f,f,w,w,p,w,o,e,n,s,g
e,x,y,g,t,n,f,c,b,p,t,b,s,s,p,g,p,w,o,p,k,y,d
e,x,y,g,t,n,f,c,b,u,t,b,s,s,p,p,p,w,o,p,k,y,d
e,x,f,n,t,n,f,c,b,u,t,b,s,s,p,w,p,w,o,p,k,y,d
e,f,f,g,t,n,f,c,b,n,t,b,s,s,p,w,p,w,o,p,n,y,d
e,x,f,g,t,n,f,c,b,w,t,b,s,s,g,p,p,w,o,p,n,v,d
e,x,y,n,t,n,f,c,b,w,t,b,s,s,g,p,p,w,o,p,k,y,d
e,x,f,e,t,n,f,c,b,w,t,b,s,s,g,p,p,w,o,p,n,y,d
e,x,f,n,t,n,f,c,b,u,t,b,s,s,p,p,p,w,o,p,n,v,d
e,f,f,g,t,n,f,c,b,n,t,b,s,s,g,p,p,w,o,p,n,v,d
e,f,f,n,t,n,f,c,b,w,t,b,s,s,g,g,p,w,o,p,n,y,d
e,x,y,g,t,n,f,c,b,w,t,b,s,s,g,g,p,w,o,p,n,v,d
e,x,y,e,t,n,f,c,b,u,t,b,s,s,w,w,p,w,o,p,n,y,d
e,x,y,g,t,n,f,c,b,p,t,b,s,s,p,w,p,w,o,p,k,v,d
e,f,f,g,t,n,f,c,b,p,t,b,s,s,g,w,p,w,o,p,k,y,d
e,x,f,e,t,n,f,c,b,u,t,b,s,s,p,w,p,w,o,p,n,y,d
p,x,s,p,f,c,f,w,n,u,e,b,s,s,w,w,p,w,o,p,k,s,d
e,f,y,n,t,n,f,c,b,w,t,b,s,s,p,p,p,w,o,p,k,v,d
e,x,y,e,t,n,f,c,b,w,t,b,s,s,g,g,p,w,o,p,k,v,d
e,x,y,g,t,n,f,c,b,u,t,b,s,s,g,w,p,w,o,p,k,y,d
e,x,y,g,t,n,f,c,b,n,t,b,s,s,g,g,p,w,o,p,k,v,d
e,x,f,g,t,n,f,c,b,n,t,b,s,s,g,g,p,w,o,p,k,y,d
e,x,f,e,t,n,f,c,b,n,t,b,s,s,g,p,p,w,o,p,n,y,d
e,x,y,n,t,n,f,c,b,u,t,b,s,s,p,p,p,w,o,p,n,y,d
e,x,y,g,t,n,f,c,b,p,t,b,s,s,p,g,p,w,o,p,n,y,d
e,x,y,e,t,n,f,c,b,u,t,b,s,s,g,w,p,w,o,p,k,v,d
e,x,y,n,t,n,f,c,b,p,t,b,s,s,w,w,p,w,o,p,k,v,d
e,x,y,g,t,n,f,c,b,w,t,b,s,s,p,g,p,w,o,p,n,v,d
e,x,y,n,t,n,f,c,b,u,t,b,s,s,p,w,p,w,o,p,n,y,d
e,x,f,e,t,n,f,c,b,p,t,b,s,s,p,w,p,w,o,p,k,y,d
e,x,f,e,t,n,f,c,b,p,t,b,s,s,w,p,p,w,o,p,n,y,d
e,x,y,g,t,n,f,c,b,w,t,b,s,s,w,p,p,w,o,p,n,y,d
e,f,f,g,t,n,f,c,b,n,t,b,s,s,g,w,p,w,o,p,k,y,d
e,f,f,e,t,n,f,c,b,w,t,b,s,s,w,p,p,w,o,p,n,y,d
e,f,f,g,t,n,f,c,b,p,t,b,s,s,g,g,p,w,o,p,n,y,d
e,x,y,e,t,n,f,c,b,p,t,b,s,s,g,w,p,w,o,p,n,y,d
e,x,y,e,t,n,f,c,b,p,t,b,s,s,g,w,p,w,o,p,n,v,d
e,x,s,w,f,n,f,w,b,k,t,e,s,f,w,w,p,w,o,e,k,s,g
e,x,y,n,t,n,f,c,b,w,t,b,s,s,w,p,p,w,o,p,k,v,d
e,x,y,e,t,n,f,c,b,n,t,b,s,s,w,w,p,w,o,p,n,y,d
e,f,f,e,t,n,f,c,b,u,t,b,s,s,p,p,p,w,o,p,k,v,d
e,x,f,g,t,n,f,c,b,n,t,b,s,s,w,p,p,w,o,p,k,y,d
e,f,f,n,t,n,f,c,b,n,t,b,s,s,p,g,p,w,o,p,k,v,d
p,x,s,g,f,c,f,c,n,n,e,b,s,s,w,w,p,w,o,p,k,v,d
e,f,y,e,t,n,f,c,b,w,t,b,s,s,p,p,p,w,o,p,k,v,d
e,x,y,g,t,n,f,c,b,w,t,b,s,s,w,g,p,w,o,p,k,v,d
e,x,f,n,f,n,f,w,b,k,t,e,s,s,w,w,p,w,o,e,k,a,g
e,x,y,e,t,n,f,c,b,u,t,b,s,s,w,g,p,w,o,p,k,y,d
p,x,f,w,f,c,f,w,n,u,e,b,s,s,w,w,p,w,o,p,n,v,d
e,x,y,e,t,n,f,c,b,p,t,b,s,s,g,p,p,w,o,p,k,v,d
e,f,f,g,t,n,f,c,b,p,t,b,s,s,p,p,p,w,o,p,k,v,d
e,f,f,n,t,n,f,c,b,u,t,b,s,s,w,g,p,w,o,p,k,v,d
e,x,y,n,t,n,f,c,b,p,t,b,s,s,p,p,p,w,o,p,k,v,d
e,f,f,n,t,n,f,c,b,u,t,b,s,s,g,g,p,w,o,p,k,v,d
e,x,f,g,t,n,f,c,b,n,t,b,s,s,w,w,p,w,o,p,n,y,d
e,f,y,n,t,n,f,c,b,n,t,b,s,s,g,p,p,w,o,p,k,v,d
e,x,y,g,t,n,f,c,b,w,t,b,s,s,g,w,p,w,o,p,n,y,d
e,f,y,n,t,n,f,c,b,p,t,b,s,s,g,p,p,w,o,p,n,y,d
e,x,f,g,t,n,f,c,b,n,t,b,s,s,p,w,p,w,o,p,n,v,d
p,x,f,g,f,f,f,c,b,h,e,b,k,k,n,p,p,w,o,l,h,y,p
e,x,y,g,t,n,f,c,b,n,t,b,s,s,w,w,p,w,o,p,n,y,d
e,x,y,g,t,n,f,c,b,w,t,b,s,s,w,w,p,w,o,p,k,v,d
e,x,f,g,t,n,f,c,b,n,t,b,s,s,p,g,p,w,o,p,k,y,d
e,x,f,e,t,n,f,c,b,p,t,b,s,s,p,p,p,w,o,p,k,y,d
e,x,f,g,t,n,f,c,b,p,t,b,s,s,w,w,p,w,o,p,k,y,d
e,x,f,g,t,n,f,c,b,p,t,b,s,s,w,p,p,w,o,p,n,y,d
e,f,f,g,t,n,f,c,b,n,t,b,s,s,g,w,p,w,o,p,n,y,d
e,x,y,e,t,n,f,c,b,n,t,b,s,s,g,g,p,w,o,p,n,y,d
e,x,f,g,t,n,f,c,b,p,t,b,s,s,g,w,p,w,o,p,n,v,d
e,x,y,e,t,n,f,c,b,u,t,b,s,s,p,p,p,w,o,p,k,v,d
e,x,f,n,t,n,f,c,b,w,t,b,s,s,p,g,p,w,o,p,k,y,d
e,x,y,g,t,n,f,c,b,u,t,b,s,s,g,g,p,w,o,p,n,v,d
e,x,y,e,t,n,f,c,b,n,t,b,s,s,w,p,p,w,o,p,n,y,d
e,f,f,n,t,n,f,c,b,p,t,b,s,s,p,p,p,w,o,p,k,y,d
e,x,f,e,t,n,f,c,b,w,t,b,s,s,w,w,p,w,o,p,k,y,d
e,f,y,n,t,n,f,c,b,u,t,b,s,s,w,g,p,w,o,p,n,v,d
e,x,y,n,t,n,f,c,b,w,t,b,s,s,g,g,p,w,o,p,k,y,d
e,x,y,g,t,n,f,c,b,u,t,b,s,s,g,p,p,w,o,p,n,v,d
e,f,f,e,t,n,f,c,b,u,t,b,s,s,p,w,p,w,o,p,k,y,d
e,x,f,g,t,n,f,c,b,u,t,b,s,s,g,p,p,w,o,p,k,y,d
e,x,y,g,t,n,f,c,b,n,t,b,s,s,p,w,p,w,o,p,k,y,d
e,x,y,g,t,n,f,c,b,w,t,b,s,s,w,w,p,w,o,p,n,y,d
p,x,f,g,f,f,f,c,b,g,e,b,k,k,b,n,p,w,o,l,h,y,p
e,x,f,g,t,n,f,c,b,p,t,b,s,s,w,g,p,w,o,p,k,v,d
e,x,f,g,t,n,f,c,b,n,t,b,s,s,g,p,p,w,o,p,n,y,d
e,x,f,n,t,n,f,c,b,p,t,b,s,s,w,w,p,w,o,p,n,v,d
e,x,f,g,t,n,f,c,b,w,t,b,s,s,g,w,p,w,o,p,n,v,d
e,f,f,n,t,n,f,c,b,n,t,b,s,s,w,w,p,w,o,p,k,y,d
e,x,y,n,t,n,f,c,b,p,t,b,s,s,g,g,p,w,o,p,k,y,d
e,x,f,e,t,n,f,c,b,p,t,b,s,s,p,w,p,w,o,p,k,v,d
e,x,y,n,t,n,f,c,b,w,t,b,s,s,g,g,p,w,o,p,k,v,d
e,f,y,g,t,n,f,c,b,w,t,b,s,s,w,w,p,w,o,p,k,v,d
e,f,f,g,t,n,f,c,b,n,t,b,s,s,g,w,p,w,o,p,n,v,d
p,x,f,g,f,f,f,c,b,h,e,b,k,k,p,b,p,w,o,l,h,v,p
e,x,f,n,t,n,f,c,b,u,t,b,s,s,p,w,p,w,o,p,n,y,d
e,x,y,n,t,n,f,c,b,u,t,b,s,s,g,g,p,w,o,p,k,y,d
e,x,f,e,t,n,f,c,b,n,t,b,s,s,g,g,p,w,o,p,n,v,d
e,x,f,n,t,n,f,c,b,u,t,b,s,s,p,g,p,w,o,p,n,v,d
e,f,f,n,t,n,f,c,b,p,t,b,s,s,w,p,p,w,o,p,n,y,d
e,x,y,g,t,n,f,c,b,w,t,b,s,s,w,g,p,w,o,p,n,v,d
e,x,y,n,t,n,f,c,b,u,t,b,s,s,w,g,p,w,o,p,k,v,d
e,x,y,e,t,n,f,c,b,p,t,b,s,s,w,w,p,w,o,p,n,y,d
e,f,f,g,t,n,f,c,b,p,t,b,s,s,w,g,p,w,o,p,k,y,d
e,x,f,g,t,n,f,c,b,w,t,b,s,s,p,p,p,w,o,p,k,v,d
e,x,y,e,t,n,f,c,b,n,t,b,s,s,p,g,p,w,o,p,n,v,d
e,x,y,e,t,n,f,c,b,u,t,b,s,s,w,w,p,w,o,p,n,v,d
e,x,f,g,t,n,f,c,b,p,t,b,s,s,p,p,p,w,o,p,k,y,d
e,x,y,n,t,n,f,c,b,p,t,b,s,s,p,g,p,w,o,p,n,v,d
e,x,f,e,t,n,f,c,b,u,t,b,s,s,p,w,p,w,o,p,k,y,d
e,f,f,n,t,n,f,c,b,n,t,b,s,s,g,p,p,w,o,p,n,y,d
e,x,f,e,t,n,f,c,b,p,t,b,s,s,w,g,p,w,o,p,n,y,d
e,f,f,n,t,n,f,c,b,n,t,b,s,s,w,p,p,w,o,p,n,v,d
e,x,y,e,t,n,f,c,b,n,t,b,s,s,p,g,p,w,o,p,k,y,d
e,x,f,n,t,n,f,c,b,n,t,b,s,s,g,w,p,w,o,p,k,y,d
e,x,f,e,t,n,f,c,b,w,t,b,s,s,w,p,p,w,o,p,n,y,d
e,x,f,e,t,n,f,c,b,w,t,b,s,s,p,g,p,w,o,p,k,v,d
e,x,f,n,t,n,f,c,b,u,t,b,s,s,g,w,p,w,o,p,k,v,d
e,x,y,n,t,n,f,c,b,n,t,b,s,s,g,w,p,w,o,p,n,y,d
e,x,y,e,t,n,f,c,b,w,t,b,s,s,w,w,p,w,o,p,n,y,d
e,f,f,n,t,n,f,c,b,u,t,b,s,s,p,g,p,w,o,p,n,y,d
e,x,y,n,t,n,f,c,b,u,t,b,s,s,p,w,p,w,o,p,k,y,d
e,x,y,e,t,n,f,c,b,u,t,b,s,s,w,g,p,w,o,p,n,v,d
e,f,f,g,f,n,f,w,b,n,t,e,f,s,w,w,p,w,o,e,n,s,g
e,x,y,e,t,n,f,c,b,w,t,b,s,s,w,g,p,w,o,p,k,v,d
e,x,y,e,t,n,f,c,b,p,t,b,s,s,g,g,p,w,o,p,n,y,d
e,f,f,n,t,n,f,c,b,u,t,b,s,s,g,p,p,w,o,p,n,y,d
e,f,f,n,t,n,f,c,b,n,t,b,s,s,g,g,p,w,o,p,k,y,d
e,x,f,g,t,n,f,c,b,u,t,b,s,s,p,p,p,w,o,p,k,v,d
e,x,y,g,t,n,f,c,b,w,t,b,s,s,w,p,p,w,o,p,k,v,d
e,x,f,n,t,n,f,c,b,u,t,b,s,s,w,p,p,w,o,p,n,y,d
e,f,f,n,t,n,f,c,b,w,t,b,s,s,p,w,p,w,o,p,n,y,d
e,x,y,n,t,n,f,c,b,u,t,b,s,s,p,p,p,w,o,p,k,y,d
e,x,y,g,t,n,f,c,b,u,t,b,s,s,p,p,p,w,o,p,k,v,d
e,x,f,g,t,n,f,c,b,w,t,b,s,s,g,p,p,w,o,p,n,y,d
e,x,y,e,t,n,f,c,b,p,t,b,s,s,w,g,p,w,o,p,k,y,d
e,x,f,g,t,n,f,c,b,u,t,b,s,s,w,g,p,w,o,p,n,v,d
e,x,y,e,t,n,f,c,b,u,t,b,s,s,w,p,p,w,o,p,n,v,d
e,x,f,g,t,n,f,c,b,p,t,b,s,s,p,w,p,w,o,p,n,v,d
e,x,f,e,t,n,f,c,b,u,t,b,s,s,g,w,p,w,o,p,n,v,d
e,x,f,e,t,n,f,c,b,w,t,b,s,s,w,w,p,w,o,p,n,v,d
e,x,f,e,t,n,f,c,b,u,t,b,s,s,w,g,p,w,o,p,k,y,d
e,f,y,g,t,n,f,c,b,w,t,b,s,s,g,p,p,w,o,p,k,y,d
e,x,f,g,t,n,f,c,b,w,t,b,s,s,g,p,p,w,o,p,k,y,d
e,x,f,e,t,n,f,c,b,w,t,b,s,s,g,p,p,w,o,p,k,v,d
e,x,f,g,t,n,f,c,b,w,t,b,s,s,w,w,p,w,o,p,n,y,d
e,f,f,n,t,n,f,c,b,p,t,b,s,s,w,w,p,w,o,p,k,v,d
p,x,f,g,f,f,f,c,b,h,e,b,k,k,b,n,p,w,o,l,h,v,d
e,x,f,n,t,n,f,c,b,w,t,b,s,s,w,w,p,w,o,p,k,v,d
e,x,y,g,t,n,f,c,b,p,t,b,s,s,g,g,p,w,o,p,n,y,d
e,f,f,n,t,n,f,c,b,n,t,b,s,s,g,g,p,w,o,p,n,y,d
e,x,f,e,t,n,f,c,b,u,t,b,s,s,w,w,p,w,o,p,k,v,d
e,f,f,g,t,n,f,c,b,u,t,b,s,s,g,p,p,w,o,p,k,v,d
e,x,y,n,t,n,f,c,b,n,t,b,s,s,g,g,p,w,o,p,k,y,d
e,x,y,e,t,n,f,c,b,n,t,b,s,s,g,p,p,w,o,p,k,y,d
e,x,y,e,t,n,f,c,b,w,t,b,s,s,g,w,p,w,o,p,k,v,d
e,x,y,n,t,n,f,c,b,u,t,b,s,s,w,p,p,w,o,p,n,v,d
e,x,y,n,t,n,f,c,b,n,t,b,s,s,g,p,p,w,o,p,k,v,d
p,x,y,y,f,f,f,c,b,h,e,b,k,k,b,n,p,w,o,l,h,v,p
e,f,y,n,t,n,f,c,b,u,t,b,s,s,g,g,p,w,o,p,n,y,d
p,x,f,g,f,f,f,c,b,p,e,b,k,k,b,n,p,w,o,l,h,y,d
p,x,f,g,f,c,f,w,n,g,e,b,s,s,w,w,p,w,o,p,k,s,d
e,f,f,g,t,n,f,c,b,u,t,b,s,s,p,p,p,w,o,p,n,y,d
e,f,f,e,t,n,f,c,b,u,t,b,s,s,g,p,p,w,o,p,n,v,d
e,f,y,n,t,n,f,c,b,p,t,b,s,s,w,w,p,w,o,p,k,y,d
e,f,f,e,t,n,f,c,b,p,t,b,s,s,g,w,p,w,o,p,k,y,d
p,x,f,g,f,f,f,c,b,h,e,b,k,k,p,p,p,w,o,l,h,y,p
e,f,f,g,t,n,f,c,b,w,t,b,s,s,w,w,p,w,o,p,n,v,d
e,f,y,e,t,n,f,c,b,u,t,b,s,s,p,g,p,w,o,p,k,y,d
e,f,y,e,t,n,f,c,b,u,t,b,s,s,p,g,p,w,o,p,n,y,d
p,x,f,w,f,c,f,c,n,p,e,b,s,s,w,w,p,w,o,p,n,s,d
e,x,f,e,t,n,f,c,b,u,t,b,s,s,p,g,p,w,o,p,n,y,d
e,f,y,n,t,n,f,c,b,u,t,b,s,s,w,w,p,w,o,p,k,v,d
p,x,f,g,f,f,f,c,b,g,e,b,k,k,p,n,p,w,o,l,h,v,g
p,x,f,g,f,f,f,c,b,g,e,b,k,k,p,b,p,w,o,l,h,y,p
e,f,y,e,t,n,f,c,b,p,t,b,s,s,g,w,p,w,o,p,n,v,d
e,f,y,e,t,n,f,c,b,n,t,b,s,s,g,w,p,w,o,p,k,v,d
e,f,f,n,t,n,f,c,b,w,t,b,s,s,p,w,p,w,o,p,k,v,d
e,f,f,g,t,n,f,c,b,w,t,b,s,s,w,g,p,w,o,p,k,v,d
e,f,f,e,t,n,f,c,b,w,t,b,s,s,g,g,p,w,o,p,n,y,d
e,f,y,e,t,n,f,c,b,u,t,b,s,s,g,p,p,w,o,p,n,v,d
e,f,y,e,t,n,f,c,b,w,t,b,s,s,g,p,p,w,o,p,n,y,d
e,f,y,e,t,n,f,c,b,p,t,b,s,s,g,w,p,w,o,p,k,v,d
p,x,f,p,f,c,f,w,n,u,e,b,s,s,w,w,p,w,o,p,k,s,d
p,x,f,g,f,f,f,c,b,g,e,b,k,k,n,b,p,w,o,l,h,y,d
e,f,f,e,t,n,f,c,b,p,t,b,s,s,w,p,p,w,o,p,n,y,d
e,f,y,g,t,n,f,c,b,w,t,b,s,s,g,p,p,w,o,p,k,v,d
e,f,y,g,t,n,f,c,b,w,t,b,s,s,g,w,p,w,o,p,k,v,d
e,f,f,g,t,n,f,c,b,w,t,b,s,s,w,p,p,w,o,p,n,y,d
e,f,f,e,t,n,f,c,b,u,t,b,s,s,g,p,p,w,o,p,k,y,d
e,f,y,e,t,n,f,c,b,w,t,b,s,s,p,w,p,w,o,p,n,v,d
p,f,f,g,f,f,f,c,b,h,e,b,k,k,b,p,p,w,o,l,h,v,p
e,f,y,n,t,n,f,c,b,w,t,b,s,s,g,p,p,w,o,p,n,y,d
e,f,y,e,t,n,f,c,b,p,t,b,s,s,p,p,p,w,o,p,n,v,d
p,x,f,g,f,c,f,c,n,p,e,b,s,s,w,w,p,w,o,p,n,s,d
e,f,f,e,t,n,f,c,b,p,t,b,s,s,g,p,p,w,o,p,k,y,d
e,f,y,e,t,n,f,c,b,p,t,b,s,s,w,g,p,w,o,p,k,v,d
p,x,y,y,f,f,f,c,b,p,e,b,k,k,b,p,p,w,o,l,h,v,g
p,f,f,y,f,f,f,c,b,p,e,b,k,k,p,p,p,w,o,l,h,v,d
e,f,y,n,t,n,f,c,b,u,t,b,s,s,p,g,p,w,o,p,k,v,d
e,f,y,n,t,n,f,c,b,p,t,b,s,s,w,g,p,w,o,p,k,v,d
e,f,y,g,t,n,f,c,b,w,t,b,s,s,w,w,p,w,o,p,n,v,d
e,f,y,n,t,n,f,c,b,p,t,b,s,s,w,w,p,w,o,p,n,v,d
e,x,y,e,t,n,f,c,b,n,t,b,s,s,p,p,p,w,o,p,k,v,d
p,x,s,p,f,c,f,w,n,n,e,b,s,s,w,w,p,w,o,p,n,v,d
e,f,y,n,t,n,f,c,b,p,t,b,s,s,p,w,p,w,o,p,k,y,d
e,x,y,e,t,n,f,c,b,u,t,b,s,s,p,w,p,w,o,p,k,v,d
e,f,f,e,t,n,f,c,b,p,t,b,s,s,p,p,p,w,o,p,k,y,d
e,f,y,n,t,n,f,c,b,n,t,b,s,s,g,g,p,w,o,p,k,v,d
p,x,s,w,f,c,f,c,n,p,e,b,s,s,w,w,p,w,o,p,k,v,d
e,f,f,g,t,n,f,c,b,w,t,b,s,s,w,g,p,w,o,p,n,v,d
e,f,y,g,t,n,f,c,b,u,t,b,s,s,g,p,p,w,o,p,n,y,d
e,f,y,g,t,n,f,c,b,p,t,b,s,s,p,p,p,w,o,p,n,v,d
e,f,y,n,t,n,f,c,b,p,t,b,s,s,w,w,p,w,o,p,k,v,d
p,x,s,g,f,c,f,c,n,u,e,b,s,s,w,w,p,w,o,p,n,s,d
p,x,f,p,f,c,f,c,n,n,e,b,s,s,w,w,p,w,o,p,k,s,d
e,f,y,e,t,n,f,c,b,u,t,b,s,s,g,g,p,w,o,p,k,y,d
p,x,f,g,f,f,f,c,b,p,e,b,k,k,p,n,p,w,o,l,h,y,d
p,x,s,w,f,c,f,w,n,g,e,b,s,s,w,w,p,w,o,p,k,v,d
p,x,f,g,f,f,f,c,b,g,e,b,k,k,b,b,p,w,o,l,h,v,p
e,f,y,n,t,n,f,c,b,n,t,b,s,s,p,p,p,w,o,p,n,v,d
p,x,y,y,f,f,f,c,b,g,e,b,k,k,n,b,p,w,o,l,h,y,p
e,f,y,g,t,n,f,c,b,u,t,b,s,s,p,g,p,w,o,p,n,v,d
e,f,y,n,t,n,f,c,b,u,t,b,s,s,p,w,p,w,o,p,k,y,d
e,f,y,g,t,n,f,c,b,p,t,b,s,s,w,g,p,w,o,p,k,y,d
p,x,s,w,f,c,f,c,n,p,e,b,s,s,w,w,p,w,o,p,n,s,d
p,x,f,g,f,f,f,c,b,g,e,b,k,k,n,b,p,w,o,l,h,v,p
e,f,y,g,t,n,f,c,b,u,t,b,s,s,w,w,p,w,o,p,k,v,d
e,x,y,n,t,n,f,c,b,w,t,b,s,s,p,w,p,w,o,p,k,y,d
e,f,y,g,t,n,f,c,b,n,t,b,s,s,p,p,p,w,o,p,k,y,d
p,x,f,g,f,f,f,c,b,p,e,b,k,k,n,p,p,w,o,l,h,v,p
e,f,y,n,t,n,f,c,b,p,t,b,s,s,w,g,p,w,o,p,n,y,d
p,f,f,g,f,f,f,c,b,h,e,b,k,k,p,b,p,w,o,l,h,y,p
e,f,f,e,t,n,f,c,b,n,t,b,s,s,w,g,p,w,o,p,n,y,d
e,x,f,n,t,n,f,c,b,u,t,b,s,s,w,w,p,w,o,p,k,v,d
p,f,f,g,f,f,f,c,b,g,e,b,k,k,p,b,p,w,o,l,h,v,p
e,f,y,g,t,n,f,c,b,u,t,b,s,s,p,w,p,w,o,p,k,v,d
e,f,y,g,t,n,f,c,b,u,t,b,s,s,g,w,p,w,o,p,n,y,d
e,f,y,e,t,n,f,c,b,p,t,b,s,s,p,g,p,w,o,p,n,y,d
p,x,f,g,f,f,f,c,b,g,e,b,k,k,p,p,p,w,o,l,h,v,p
e,f,f,e,t,n,f,c,b,p,t,b,s,s,w,w,p,w,o,p,n,v,d
e,f,y,n,t,n,f,c,b,u,t,b,s,s,g,p,p,w,o,p,k,v,d
p,x,f,g,f,f,f,c,b,p,e,b,k,k,n,p,p,w,o,l,h,v,g
e,f,y,e,t,n,f,c,b,u,t,b,s,s,g,w,p,w,o,p,k,y,d
p,x,f,g,f,f,f,c,b,h,e,b,k,k,p,b,p,w,o,l,h,y,d
e,f,y,e,t,n,f,c,b,w,t,b,s,s,w,g,p,w,o,p,n,y,d
p,x,f,g,f,f,f,c,b,h,e,b,k,k,b,n,p,w,o,l,h,y,g
p,x,f,g,f,f,f,c,b,g,e,b,k,k,n,p,p,w,o,l,h,y,p
p,x,f,g,f,f,f,c,b,g,e,b,k,k,b,b,p,w,o,l,h,y,g
e,f,y,e,t,n,f,c,b,u,t,b,s,s,g,g,p,w,o,p,n,y,d
p,x,f,g,f,f,f,c,b,p,e,b,k,k,n,b,p,w,o,l,h,v,g
e,f,f,e,t,n,f,c,b,u,t,b,s,s,p,p,p,w,o,p,n,v,d
p,x,s,g,f,c,f,w,n,g,e,b,s,s,w,w,p,w,o,p,n,v,d
e,f,y,g,t,n,f,c,b,w,t,b,s,s,p,g,p,w,o,p,k,v,d
p,x,s,p,f,c,f,c,n,p,e,b,s,s,w,w,p,w,o,p,n,s,d
e,f,f,e,t,n,f,c,b,n,t,b,s,s,g,g,p,w,o,p,n,y,d
e,f,f,e,t,n,f,c,b,u,t,b,s,s,g,g,p,w,o,p,n,y,d
e,f,y,e,t,n,f,c,b,p,t,b,s,s,g,w,p,w,o,p,k,y,d
e,f,y,n,t,n,f,c,b,n,t,b,s,s,w,p,p,w,o,p,k,y,d
p,x,f,g,f,f,f,c,b,p,e,b,k,k,b,p,p,w,o,l,h,y,g
p,f,f,y,f,f,f,c,b,g,e,b,k,k,n,n,p,w,o,l,h,y,p
p,x,s,g,f,c,f,w,n,g,e,b,s,s,w,w,p,w,o,p,k,s,d
e,f,f,e,t,n,f,c,b,u,t,b,s,s,g,p,p,w,o,p,k,v,d
e,f,f,e,t,n,f,c,b,w,t,b,s,s,g,g,p,w,o,p,k,y,d
e,f,y,e,t,n,f,c,b,u,t,b,s,s,p,p,p,w,o,p,k,v,d
e,f,y,n,t,n,f,c,b,w,t,b,s,s,p,g,p,w,o,p,k,y,d
p,x,f,g,f,f,f,c,b,p,e,b,k,k,p,b,p,w,o,l,h,v,g
p,x,f,g,f,c,f,c,n,u,e,b,s,s,w,w,p,w,o,p,k,v,d
e,f,f,g,t,n,f,c,b,w,t,b,s,s,w,p,p,w,o,p,k,y,d
e,f,y,e,t,n,f,c,b,n,t,b,s,s,g,w,p,w,o,p,n,v,d
e,f,y,e,t,n,f,c,b,n,t,b,s,s,g,p,p,w,o,p,k,v,d
e,f,f,g,t,n,f,c,b,w,t,b,s,s,p,p,p,w,o,p,n,v,d
e,f,y,n,t,n,f,c,b,p,t,b,s,s,g,p,p,w,o,p,k,y,d
e,f,y,n,t,n,f,c,b,n,t,b,s,s,g,w,p,w,o,p,k,y,d
e,f,f,e,t,n,f,c,b,n,t,b,s,s,g,p,p,w,o,p,k,v,d
p,x,s,g,f,c,f,c,n,u,e,b,s,s,w,w,p,w,o,p,k,v,d
p,x,f,w,f,c,f,c,n,n,e,b,s,s,w,w,p,w,o,p,n,v,d
e,f,f,g,t,n,f,c,b,u,t,b,s,s,p,g,p,w,o,p,k,y,d
e,f,y,g,t,n,f,c,b,w,t,b,s,s,g,w,p,w,o,p,n,y,d
p,x,f,g,f,f,f,c,b,p,e,b,k,k,n,b,p,w,o,l,h,y,d
e,x,y,e,t,n,f,c,b,n,t,b,s,s,w,g,p,w,o,p,k,v,d
p,x,s,w,f,c,f,w,n,p,e,b,s,s,w,w,p,w,o,p,k,s,d
e,f,y,g,t,n,f,c,b,n,t,b,s,s,p,p,p,w,o,p,n,y,d
e,f,y,g,t,n,f,c,b,n,t,b,s,s,w,p,p,w,o,p,k,y,d
e,f,y,g,t,n,f,c,b,p,t,b,s,s,w,p,p,w,o,p,n,v,d
e,f,f,e,t,n,f,c,b,w,t,b,s,s,p,g,p,w,o,p,n,v,d
e,f,y,n,t,n,f,c,b,w,t,b,s,s,p,w,p,w,o,p,n,y,d
e,f,y,g,t,n,f,c,b,p,t,b,s,s,g,g,p,w,o,p,k,v,d
e,f,y,n,t,n,f,c,b,u,t,b,s,s,w,g,p,w,o,p,n,y,d
e,f,y,g,t,n,f,c,b,p,t,b,s,s,w,p,p,w,o,p,k,y,d
e,f,y,g,t,n,f,c,b,u,t,b,s,s,g,p,p,w,o,p,n,v,d
e,x,f,n,t,n,f,c,b,u,t,b,s,s,w,p,p,w,o,p,k,y,d
e,f,y,e,t,n,f,c,b,p,t,b,s,s,w,p,p,w,o,p,k,y,d
e,f,f,e,t,n,f,c,b,p,t,b,s,s,g,w,p,w,o,p,k,v,d
e,f,y,e,t,n,f,c,b,p,t,b,s,s,w,p,p,w,o,p,n,v,d
p,x,f,y,f,f,f,c,b,g,e,b,k,k,n,n,p,w,o,l,h,v,p
e,f,y,g,t,n,f,c,b,u,t,b,s,s,p,w,p,w,o,p,n,y,d
e,f,y,n,t,n,f,c,b,p,t,b,s,s,p,p,p,w,o,p,k,v,d
p,x,f,g,f,f,f,c,b,p,e,b,k,k,p,b,p,w,o,l,h,y,d
e,f,y,g,t,n,f,c,b,w,t,b,s,s,p,p,p,w,o,p,k,y,d
e,f,y,g,t,n,f,c,b,u,t,b,s,s,w,g,p,w,o,p,k,y,d
e,f,y,g,t,n,f,c,b,p,t,b,s,s,g,w,p,w,o,p,n,y,d
e,f,y,e,t,n,f,c,b,n,t,b,s,s,g,g,p,w,o,p,n,y,d
e,f,y,g,t,n,f,c,b,n,t,b,s,s,g,p,p,w,o,p,k,v,d
p,x,s,w,f,c,f,c,n,g,e,b,s,s,w,w,p,w,o,p,n,s,d
p,x,f,w,f,c,f,w,n,n,e,b,s,s,w,w,p,w,o,p,n,s,d
e,f,f,n,t,n,f,c,b,n,t,b,s,s,w,w,p,w,o,p,k,v,d
e,f,f,e,t,n,f,c,b,u,t,b,s,s,w,p,p,w,o,p,k,y,d
e,f,y,e,t,n,f,c,b,n,t,b,s,s,g,p,p,w,o,p,n,y,d
p,x,f,g,f,f,f,c,b,h,e,b,k,k,n,p,p,w,o,l,h,y,d
e,f,f,g,t,n,f,c,b,p,t,b,s,s,g,w,p,w,o,p,n,v,d
e,f,f,g,t,n,f,c,b,n,t,b,s,s,w,p,p,w,o,p,k,y,d
e,f,f,g,t,n,f,c,b,u,t,b,s,s,w,w,p,w,o,p,k,y,d
p,x,s,w,f,c,f,w,n,g,e,b,s,s,w,w,p,w,o,p,n,s,d
e,x,y,e,t,n,f,c,b,n,t,b,s,s,w,p,p,w,o,p,k,v,d
e,f,y,e,t,n,f,c,b,u,t,b,s,s,p,g,p,w,o,p,k,v,d
p,x,f,g,f,f,f,c,b,g,e,b,k,k,p,b,p,w,o,l,h,y,d
e,f,f,e,t,n,f,c,b,w,t,b,s,s,w,g,p,w,o,p,k,y,d
p,x,f,g,f,f,f,c,b,p,e,b,k,k,n,b,p,w,o,l,h,v,p
p,x,f,p,f,c,f,w,n,g,e,b,s,s,w,w,p,w,o,p,k,s,d
e,f,y,g,t,n,f,c,b,w,t,b,s,s,p,w,p,w,o,p,k,v,d
p,x,f,g,f,f,f,c,b,g,e,b,k,k,n,p,p,w,o,l,h,v,p
p,x,f,w,f,c,f,c,n,g,e,b,s,s,w,w,p,w,o,p,n,s,d
p,x,f,g,f,f,f,c,b,p,e,b,k,k,p,p,p,w,o,l,h,v,p
e,f,y,e,t,n,f,c,b,w,t,b,s,s,p,g,p,w,o,p,n,v,d
p,x,y,g,f,f,f,c,b,p,e,b,k,k,n,p,p,w,o,l,h,v,p
p,x,s,g,f,c,f,w,n,u,e,b,s,s,w,w,p,w,o,p,n,s,d
e,f,y,g,t,n,f,c,b,n,t,b,s,s,g,g,p,w,o,p,n,y,d
e,f,y,n,t,n,f,c,b,p,t,b,s,s,g,p,p,w,o,p,k,v,d
e,f,f,e,t,n,f,c,b,n,t,b,s,s,w,w,p,w,o,p,n,y,d
p,x,f,g,f,f,f,c,b,p,e,b,k,k,n,n,p,w,o,l,h,v,p
p,x,f,p,f,c,f,w,n,g,e,b,s,s,w,w,p,w,o,p,k,v,d
e,x,y,n,t,n,f,c,b,p,t,b,s,s,g,p,p,w,o,p,n,v,d
e,f,f,e,t,n,f,c,b,w,t,b,s,s,p,p,p,w,o,p,k,y,d
e,f,y,n,t,n,f,c,b,w,t,b,s,s,w,g,p,w,o,p,k,y,d
e,f,y,g,t,n,f,c,b,n,t,b,s,s,g,g,p,w,o,p,k,v,d
p,x,y,g,f,f,f,c,b,g,e,b,k,k,n,p,p,w,o,l,h,v,g
e,f,y,n,t,n,f,c,b,u,t,b,s,s,w,w,p,w,o,p,n,v,d
p,x,f,p,f,c,f,c,n,u,e,b,s,s,w,w,p,w,o,p,k,v,d
p,x,f,w,f,c,f,c,n,n,e,b,s,s,w,w,p,w,o,p,k,s,d
e,f,f,e,t,n,f,c,b,w,t,b,s,s,g,w,p,w,o,p,n,y,d
e,f,y,n,t,n,f,c,b,p,t,b,s,s,g,w,p,w,o,p,n,y,d
e,f,y,e,t,n,f,c,b,u,t,b,s,s,g,p,p,w,o,p,k,v,d
e,f,y,g,t,n,f,c,b,u,t,b,s,s,g,w,p,w,o,p,k,v,d
p,x,f,g,f,f,f,c,b,g,e,b,k,k,b,b,p,w,o,l,h,v,d
p,x,f,g,f,f,f,c,b,p,e,b,k,k,n,b,p,w,o,l,h,y,p
e,f,f,e,t,n,f,c,b,p,t,b,s,s,w,w,p,w,o,p,k,y,d
p,x,y,y,f,f,f,c,b,g,e,b,k,k,p,n,p,w,o,l,h,v,g
p,x,s,p,f,c,f,c,n,u,e,b,s,s,w,w,p,w,o,p,k,s,d
e,f,f,e,t,n,f,c,b,p,t,b,s,s,g,w,p,w,o,p,n,y,d
p,f,f,y,f,f,f,c,b,p,e,b,k,k,b,n,p,w,o,l,h,v,d
e,f,y,e,t,n,f,c,b,u,t,b,s,s,g,p,p,w,o,p,k,y,d
e,f,y,e,t,n,f,c,b,n,t,b,s,s,w,g,p,w,o,p,n,v,d
e,x,f,n,t,n,f,c,b,u,t,b,s,s,w,w,p,w,o,p,k,y,d
e,f,f,e,t,n,f,c,b,w,t,b,s,s,g,p,p,w,o,p,k,v,d
e,f,f,g,t,n,f,c,b,w,t,b,s,s,w,p,p,w,o,p,n,v,d
p,x,f,g,f,f,f,c,b,p,e,b,k,k,b,b,p,w,o,l,h,v,g
e,f,y,e,t,n,f,c,b,u,t,b,s,s,p,p,p,w,o,p,n,y,d
p,f,f,g,f,f,f,c,b,h,e,b,k,k,n,b,p,w,o,l,h,y,p
e,f,y,e,t,n,f,c,b,u,t,b,s,s,g,w,p,w,o,p,n,y,d
e,f,f,e,t,n,f,c,b,p,t,b,s,s,p,w,p,w,o,p,k,v,d
e,f,f,g,t,n,f,c,b,w,t,b,s,s,g,g,p,w,o,p,n,y,d
p,x,f,g,f,f,f,c,b,g,e,b,k,k,b,p,p,w,o,l,h,y,g
e,f,y,g,t,n,f,c,b,u,t,b,s,s,p,g,p,w,o,p,k,v,d
e,f,y,g,t,n,f,c,b,u,t,b,s,s,g,p,p,w,o,p,k,y,d
p,x,f,g,f,f,f,c,b,h,e,b,k,k,n,n,p,w,o,l,h,v,g
p,x,f,w,f,c,f,c,n,u,e,b,s,s,w,w,p,w,o,p,n,s,d
e,f,f,e,t,n,f,c,b,w,t,b,s,s,w,g,p,w,o,p,k,v,d
p,x,f,y,f,f,f,c,b,g,e,b,k,k,n,b,p,w,o,l,h,v,d
e,f,y,e,t,n,f,c,b,w,t,b,s,s,p,g,p,w,o,p,n,y,d
e,f,y,g,t,n,f,c,b,n,t,b,s,s,p,p,p,w,o,p,n,v,d
e,f,f,e,t,n,f,c,b,n,t,b,s,s,w,g,p,w,o,p,k,v,d
e,f,f,g,t,n,f,c,b,u,t,b,s,s,w,p,p,w,o,p,n,v,d
e,f,y,g,t,n,f,c,b,w,t,b,s,s,g,g,p,w,o,p,k,v,d
e,f,f,e,t,n,f,c,b,p,t,b,s,s,p,g,p,w,o,p,n,v,d
p,x,s,g,f,c,f,w,n,g,e,b,s,s,w,w,p,w,o,p,k,v,d
e,f,y,g,t,n,f,c,b,u,t,b,s,s,w,w,p,w,o,p,n,y,d
e,f,y,n,t,n,f,c,b,w,t,b,s,s,w,g,p,w,o,p,n,y,d
e,f,y,g,t,n,f,c,b,n,t,b,s,s,p,g,p,w,o,p,n,y,d
e,f,y,g,t,n,f,c,b,n,t,b,s,s,w,p,p,w,o,p,n,y,d
e,f,y,n,t,n,f,c,b,w,t,b,s,s,g,w,p,w,o,p,k,y,d
e,x,f,g,t,n,f,c,b,n,t,b,s,s,w,g,p,w,o,p,n,v,d
e,f,f,g,t,n,f,c,b,u,t,b,s,s,g,p,p,w,o,p,n,y,d
p,x,f,g,f,f,f,c,b,p,e,b,k,k,p,b,p,w,o,l,h,y,p
p,x,s,w,f,c,f,w,n,p,e,b,s,s,w,w,p,w,o,p,k,v,d
e,f,f,g,t,n,f,c,b,u,t,b,s,s,p,g,p,w,o,p,k,v,d
e,f,f,g,t,n,f,c,b,w,t,b,s,s,g,w,p,w,o,p,k,v,d
e,f,y,g,t,n,f,c,b,n,t,b,s,s,w,g,p,w,o,p,n,v,d
p,x,f,g,f,f,f,c,b,h,e,b,k,k,p,b,p,w,o,l,h,y,p
p,x,s,w,f,c,f,w,n,u,e,b,s,s,w,w,p,w,o,p,n,s,d
p,x,f,g,f,f,f,c,b,p,e,b,k,k,n,n,p,w,o,l,h,y,p
e,x,y,g,t,n,f,c,b,n,t,b,s,s,p,p,p,w,o,p,k,y,d
p,x,f,g,f,f,f,c,b,h,e,b,k,k,b,n,p,w,o,l,h,v,g
e,f,y,e,t,n,f,c,b,p,t,b,s,s,w,w,p,w,o,p,n,y,d
e,f,y,g,t,n,f,c,b,p,t,b,s,s,w,p,p,w,o,p,n,y,d
e,x,f,g,t,n,f,c,b,w,t,b,s,s,g,w,p,w,o,p,k,v,d
p,x,f,g,f,f,f,c,b,h,e,b,k,k,b,b,p,w,o,l,h,v,d
e,f,y,g,t,n,f,c,b,p,t,b,s,s,p,w,p,w,o,p,k,y,d
e,f,y,g,t,n,f,c,b,n,t,b,s,s,p,p,p,w,o,p,k,v,d
p,x,s,w,f,c,f,c,n,p,e,b,s,s,w,w,p,w,o,p,k,s,d
p,x,y,y,f,f,f,c,b,g,e,b,k,k,b,n,p,w,o,l,h,y,g
e,f,f,e,t,n,f,c,b,n,t,b,s,s,p,g,p,w,o,p,k,y,d
p,x,f,g,f,f,f,c,b,g,e,b,k,k,p,p,p,w,o,l,h,y,d
p,x,f,g,f,f,f,c,b,g,e,b,k,k,n,n,p,w,o,l,h,y,d
e,x,y,n,t,n,f,c,b,u,t,b,s,s,w,g,p,w,o,p,n,v,d
p,x,f,g,f,f,f,c,b,g,e,b,k,k,b,n,p,w,o,l,h,y,g
e,f,y,n,t,n,f,c,b,u,t,b,s,s,p,g,p,w,o,p,n,y,d
e,f,f,g,t,n,f,c,b,u,t,b,s,s,w,p,p,w,o,p,k,y,d
e,f,y,g,t,n,f,c,b,p,t,b,s,s,g,p,p,w,o,p,n,v,d
e,f,y,g,t,n,f,c,b,u,t,b,s,s,p,p,p,w,o,p,k,y,d
p,x,s,g,f,c,f,w,n,n,e,b,s,s,w,w,p,w,o,p,n,s,d
e,f,f,g,t,n,f,c,b,w,t,b,s,s,p,g,p,w,o,p,k,v,d
e,f,y,e,t,n,f,c,b,n,t,b,s,s,p,g,p,w,o,p,n,v,d
e,f,y,n,t,n,f,c,b,n,t,b,s,s,g,w,p,w,o,p,n,v,d
e,f,y,g,t,n,f,c,b,u,t,b,s,s,g,p,p,w,o,p,k,v,d
p,x,f,p,f,c,f,c,n,g,e,b,s,s,w,w,p,w,o,p,n,v,d
p,x,f,g,f,f,f,c,b,p,e,b,k,k,n,p,p,w,o,l,h,y,g
e,f,y,g,t,n,f,c,b,p,t,b,s,s,g,p,p,w,o,p,k,y,d
e,f,f,g,t,n,f,c,b,u,t,b,s,s,w,g,p,w,o,p,k,y,d
p,x,s,p,f,c,f,w,n,p,e,b,s,s,w,w,p,w,o,p,n,v,d
e,x,y,g,t,n,f,c,b,u,t,b,s,s,w,p,p,w,o,p,n,y,d
p,x,f,g,f,f,f,c,b,h,e,b,k,k,p,n,p,w,o,l,h,y,p
p,x,f,g,f,f,f,c,b,h,e,b,k,k,b,n,p,w,o,l,h,y,p
e,f,y,n,t,n,f,c,b,w,t,b,s,s,p,p,p,w,o,p,n,y,d
e,f,y,n,t,n,f,c,b,p,t,b,s,s,p,w,p,w,o,p,n,v,d
p,x,s,g,f,c,f,c,n,u,e,b,s,s,w,w,p,w,o,p,n,v,d
p,f,f,g,f,f,f,c,b,g,e,b,k,k,n,n,p,w,o,l,h,v,d
p,x,f,p,f,c,f,w,n,p,e,b,s,s,w,w,p,w,o,p,n,s,d
e,f,y,e,t,n,f,c,b,w,t,b,s,s,g,w,p,w,o,p,k,v,d
e,f,y,g,t,n,f,c,b,w,t,b,s,s,w,p,p,w,o,p,k,v,d
e,f,f,e,t,n,f,c,b,n,t,b,s,s,g,p,p,w,o,p,n,y,d
p,x,f,y,f,f,f,c,b,p,e,b,k,k,p,b,p,w,o,l,h,y,g
e,f,f,g,t,n,f,c,b,w,t,b,s,s,g,w,p,w,o,p,k,y,d
p,x,f,w,f,c,f,w,n,p,e,b,s,s,w,w,p,w,o,p,k,v,d
p,x,f,g,f,f,f,c,b,g,e,b,k,k,n,n,p,w,o,l,h,v,d
e,f,f,e,t,n,f,c,b,p,t,b,s,s,p,g,p,w,o,p,n,y,d
e,f,y,g,t,n,f,c,b,w,t,b,s,s,g,p,p,w,o,p,n,y,d
p,x,f,g,f,f,f,c,b,p,e,b,k,k,b,n,p,w,o,l,h,v,p
p,x,f,g,f,f,f,c,b,h,e,b,k,k,n,p,p,w,o,l,h,v,p
p,x,s,p,f,c,f,w,n,p,e,b,s,s,w,w,p,w,o,p,k,v,d
e,x,y,g,t,n,f,c,b,u,t,b,s,s,w,g,p,w,o,p,k,v,d
p,x,f,g,f,f,f,c,b,p,e,b,k,k,b,p,p,w,o,l,h,v,d
e,f,y,n,t,n,f,c,b,w,t,b,s,s,p,g,p,w,o,p,n,y,d
e,x,y,n,t,n,f,c,b,u,t,b,s,s,w,w,p,w,o,p,n,v,d
e,f,y,e,t,n,f,c,b,p,t,b,s,s,g,g,p,w,o,p,n,y,d
e,f,y,g,t,n,f,c,b,p,t,b,s,s,w,g,p,w,o,p,n,y,d
e,f,f,e,t,n,f,c,b,p,t,b,s,s,w,g,p,w,o,p,k,y,d
e,f,y,g,t,n,f,c,b,p,t,b,s,s,g,w,p,w,o,p,k,y,d
e,f,f,g,t,n,f,c,b,w,t,b,s,s,w,g,p,w,o,p,n,y,d
p,x,f,p,f,c,f,w,n,n,e,b,s,s,w,w,p,w,o,p,k,s,d
e,f,f,e,t,n,f,c,b,n,t,b,s,s,g,g,p,w,o,p,n,v,d
e,f,f,e,t,n,f,c,b,u,t,b,s,s,g,w,p,w,o,p,k,v,d
p,x,s,w,f,c,f,w,n,n,e,b,s,s,w,w,p,w,o,p,n,s,d
e,f,f,g,t,n,f,c,b,w,t,b,s,s,g,p,p,w,o,p,k,y,d
e,f,y,n,t,n,f,c,b,n,t,b,s,s,w,w,p,w,o,p,k,v,d
p,x,f,g,f,f,f,c,b,h,e,b,k,k,p,p,p,w,o,l,h,v,g
e,f,f,e,t,n,f,c,b,n,t,b,s,s,w,p,p,w,o,p,n,v,d
p,x,f,g,f,f,f,c,b,h,e,b,k,k,p,p,p,w,o,l,h,y,g
e,f,f,e,t,n,f,c,b,w,t,b,s,s,p,w,p,w,o,p,n,y,d
e,f,y,g,t,n,f,c,b,u,t,b,s,s,p,g,p,w,o,p,n,y,d
e,f,f,g,t,n,f,c,b,w,t,b,s,s,p,g,p,w,o,p,n,v,d
p,x,f,g,f,f,f,c,b,g,e,b,k,k,b,n,p,w,o,l,h,v,g
e,f,y,e,t,n,f,c,b,n,t,b,s,s,g,p,p,w,o,p,n,v,d
p,x,f,w,f,c,f,c,n,p,e,b,s,s,w,w,p,w,o,p,k,s,d
e,f,y,n,t,n,f,c,b,n,t,b,s,s,w,p,p,w,o,p,n,y,d
e,x,y,g,t,n,f,c,b,p,t,b,s,s,p,p,p,w,o,p,k,y,d
e,f,y,n,t,n,f,c,b,u,t,b,s,s,p,p,p,w,o,p,n,y,d
e,f,y,e,t,n,f,c,b,n,t,b,s,s,p,w,p,w,o,p,n,v,d
e,f,y,g,t,n,f,c,b,p,t,b,s,s,p,g,p,w,o,p,n,y,d
e,f,y,e,t,n,f,c,b,u,t,b,s,s,w,g,p,w,o,p,n,v,d
p,x,f,g,f,f,f,c,b,h,e,b,k,k,p,p,p,w,o,l,h,y,d
e,f,y,g,t,n,f,c,b,u,t,b,s,s,w,p,p,w,o,p,k,y,d
e,f,y,g,t,n,f,c,b,w,t,b,s,s,w,g,p,w,o,p,n,v,d
e,f,f,g,t,n,f,c,b,w,t,b,s,s,p,p,p,w,o,p,n,y,d
e,f,y,g,t,n,f,c,b,p,t,b,s,s,p,g,p,w,o,p,n,v,d
e,f,f,e,t,n,f,c,b,p,t,b,s,s,p,g,p,w,o,p,k,y,d
e,f,f,e,t,n,f,c,b,n,t,b,s,s,w,g,p,w,o,p,k,y,d
e,f,y,n,t,n,f,c,b,p,t,b,s,s,g,w,p,w,o,p,n,v,d
e,f,f,n,t,n,f,c,b,w,t,b,s,s,w,p,p,w,o,p,k,v,d
p,x,f,p,f,c,f,c,n,u,e,b,s,s,w,w,p,w,o,p,n,s,d
p,x,f,g,f,f,f,c,b,p,e,b,k,k,n,n,p,w,o,l,h,v,d
e,f,y,g,t,n,f,c,b,n,t,b,s,s,g,w,p,w,o,p,n,v,d
e,f,y,e,t,n,f,c,b,u,t,b,s,s,g,g,p,w,o,p,n,v,d
p,x,s,w,f,c,f,c,n,g,e,b,s,s,w,w,p,w,o,p,k,s,d
p,x,f,p,f,c,f,w,n,g,e,b,s,s,w,w,p,w,o,p,n,v,d
p,x,f,g,f,f,f,c,b,g,e,b,k,k,b,b,p,w,o,l,h,y,p
e,x,f,g,t,n,f,c,b,p,t,b,s,s,w,p,p,w,o,p,k,v,d
e,f,y,e,t,n,f,c,b,u,t,b,s,s,w,p,p,w,o,p,k,v,d
p,x,s,p,f,c,f,w,n,p,e,b,s,s,w,w,p,w,o,p,k,s,d
e,f,y,g,t,n,f,c,b,n,t,b,s,s,g,p,p,w,o,p,n,y,d
e,f,y,n,t,n,f,c,b,n,t,b,s,s,p,p,p,w,o,p,k,y,d
p,x,f,g,f,f,f,c,b,g,e,b,k,k,b,p,p,w,o,l,h,v,g
e,f,y,n,t,n,f,c,b,w,t,b,s,s,g,p,p,w,o,p,k,v,d
e,x,f,e,t,n,f,c,b,p,t,b,s,s,g,g,p,w,o,p,k,y,d
p,x,f,w,f,c,f,w,n,g,e,b,s,s,w,w,p,w,o,p,k,v,d
e,f,y,n,t,n,f,c,b,n,t,b,s,s,p,g,p,w,o,p,n,y,d
p,x,f,g,f,f,f,c,b,g,e,b,k,k,p,n,p,w,o,l,h,v,d
e,f,y,e,t,n,f,c,b,n,t,b,s,s,w,g,p,w,o,p,k,y,d
p,x,f,y,f,f,f,c,b,p,e,b,k,k,n,n,p,w,o,l,h,y,p
e,f,f,g,t,n,f,c,b,u,t,b,s,s,g,g,p,w,o,p,k,v,d
e,x,f,e,t,n,f,c,b,n,t,b,s,s,g,p,p,w,o,p,k,y,d
e,f,y,e,t,n,f,c,b,n,t,b,s,s,p,p,p,w,o,p,n,v,d
e,f,y,g,t,n,f,c,b,u,t,b,s,s,w,g,p,w,o,p,k,v,d
p,x,f,g,f,c,f,w,n,u,e,b,s,s,w,w,p,w,o,p,k,v,d
e,f,y,g,t,n,f,c,b,w,t,b,s,s,w,w,p,w,o,p,n,y,d
e,f,f,e,t,n,f,c,b,n,t,b,s,s,p,w,p,w,o,p,k,v,d
p,x,f,g,f,f,f,c,b,h,e,b,k,k,n,b,p,w,o,l,h,y,p
e,f,y,n,t,n,f,c,b,w,t,b,s,s,g,p,p,w,o,p,n,v,d
p,x,s,g,f,c,f,w,n,g,e,b,s,s,w,w,p,w,o,p,n,s,d
p,x,f,g,f,f,f,c,b,h,e,b,k,k,p,n,p,w,o,l,h,v,g
e,f,f,e,t,n,f,c,b,u,t,b,s,s,w,g,p,w,o,p,k,v,d
e,f,y,n,t,n,f,c,b,u,t,b,s,s,p,w,p,w,o,p,n,v,d
e,f,y,g,t,n,f,c,b,n,t,b,s,s,w,p,p,w,o,p,k,v,d
e,f,f,g,t,n,f,c,b,u,t,b,s,s,w,p,p,w,o,p,n,y,d
p,x,f,w,f,c,f,c,n,p,e,b,s,s,w,w,p,w,o,p,k,v,d
p,x,f,g,f,f,f,c,b,p,e,b,k,k,p,p,p,w,o,l,h,v,g
p,x,f,g,f,c,f,w,n,u,e,b,s,s,w,w,p,w,o,p,n,v,d
e,f,f,e,t,n,f,c,b,n,t,b,s,s,w,w,p,w,o,p,n,v,d
e,f,y,e,t,n,f,c,b,w,t,b,s,s,p,p,p,w,o,p,n,v,d
p,f,y,g,f,f,f,c,b,h,e,b,k,k,b,n,p,w,o,l,h,y,d
p,x,f,g,f,f,f,c,b,h,e,b,k,k,n,n,p,w,o,l,h,y,g
e,f,y,e,t,n,f,c,b,p,t,b,s,s,g,p,p,w,o,p,n,y,d
p,x,f,p,f,c,f,w,n,g,e,b,s,s,w,w,p,w,o,p,n,s,d
p,x,s,g,f,c,f,c,n,u,e,b,s,s,w,w,p,w,o,p,k,s,d
e,f,y,e,t,n,f,c,b,w,t,b,s,s,w,g,p,w,o,p,k,v,d
e,f,f,e,t,n,f,c,b,p,t,b,s,s,g,p,p,w,o,p,n,y,d
e,f,y,e,t,n,f,c,b,w,t,b,s,s,p,g,p,w,o,p,k,y,d
e,f,y,n,t,n,f,c,b,w,t,b,s,s,w,g,p,w,o,p,k,v,d
p,x,s,p,f,c,f,w,n,g,e,b,s,s,w,w,p,w,o,p,n,v,d
p,x,f,g,f,f,f,c,b,p,e,b,k,k,n,n,p,w,o,l,h,y,d
e,f,f,e,t,n,f,c,b,w,t,b,s,s,w,w,p,w,o,p,k,v,d
e,f,y,e,t,n,f,c,b,u,t,b,s,s,w,p,p,w,o,p,n,v,d
e,f,f,g,t,n,f,c,b,u,t,b,s,s,w,g,p,w,o,p,k,v,d
e,f,f,e,t,n,f,c,b,u,t,b,s,s,w,p,p,w,o,p,n,y,d
e,f,y,n,t,n,f,c,b,n,t,b,s,s,g,p,p,w,o,p,n,y,d
e,f,y,e,t,n,f,c,b,w,t,b,s,s,g,g,p,w,o,p,k,v,d
p,f,f,y,f,f,f,c,b,g,e,b,k,k,b,n,p,w,o,l,h,v,p
e,x,f,g,t,n,f,c,b,p,t,b,s,s,w,p,p,w,o,p,k,y,d
p,x,s,p,f,c,f,w,n,p,e,b,s,s,w,w,p,w,o,p,n,s,d
e,x,y,e,t,n,f,c,b,w,t,b,s,s,w,p,p,w,o,p,n,y,d
e,f,f,g,t,n,f,c,b,u,t,b,s,s,g,g,p,w,o,p,k,y,d
e,f,f,e,t,n,f,c,b,u,t,b,s,s,g,w,p,w,o,p,n,v,d
e,x,f,e,t,n,f,c,b,u,t,b,s,s,p,w,p,w,o,p,k,v,d
e,f,y,g,t,n,f,c,b,p,t,b,s,s,w,w,p,w,o,p,k,v,d
e,f,f,e,t,n,f,c,b,n,t,b,s,s,g,w,p,w,o,p,n,v,d
p,x,s,w,f,c,f,w,n,n,e,b,s,s,w,w,p,w,o,p,n,v,d
p,x,y,g,f,f,f,c,b,g,e,b,k,k,p,p,p,w,o,l,h,y,d
p,x,f,p,f,c,f,c,n,n,e,b,s,s,w,w,p,w,o,p,k,v,d
e,f,y,g,t,n,f,c,b,w,t,b,s,s,w,g,p,w,o,p,n,y,d
e,x,y,n,t,n,f,c,b,w,t,b,s,s,g,w,p,w,o,p,n,v,d
p,x,f,g,f,c,f,c,n,n,e,b,s,s,w,w,p,w,o,p,n,s,d
e,f,y,n,t,n,f,c,b,w,t,b,s,s,p,p,p,w,o,p,k,y,d
p,x,f,p,f,c,f,c,n,g,e,b,s,s,w,w,p,w,o,p,k,v,d
e,f,f,e,t,n,f,c,b,n,t,b,s,s,p,w,p,w,o,p,n,y,d
p,x,s,w,f,c,f,w,n,n,e,b,s,s,w,w,p,w,o,p,k,s,d
e,x,y,n,t,n,f,c,b,n,t,b,s,s,g,p,p,w,o,p,n,v,d
p,x,f,g,f,f,f,c,b,g,e,b,k,k,p,n,p,w,o,l,h,y,g
p,x,s,g,f,c,f,c,n,n,e,b,s,s,w,w,p,w,o,p,k,s,d
e,f,y,n,t,n,f,c,b,n,t,b,s,s,g,g,p,w,o,p,n,y,d
p,x,f,g,f,f,f,c,b,g,e,b,k,k,p,p,p,w,o,l,h,y,g
p,x,s,p,f,c,f,c,n,p,e,b,s,s,w,w,p,w,o,p,k,v,d
e,f,y,e,t,n,f,c,b,u,t,b,s,s,p,w,p,w,o,p,k,y,d
p,x,s,g,f,c,f,w,n,p,e,b,s,s,w,w,p,w,o,p,n,s,d
e,x,y,g,t,n,f,c,b,p,t,b,s,s,g,w,p,w,o,p,n,v,d
e,x,y,g,t,n,f,c,b,w,t,b,s,s,p,w,p,w,o,p,k,y,d
e,f,y,n,t,n,f,c,b,n,t,b,s,s,g,w,p,w,o,p,n,y,d
e,f,y,n,t,n,f,c,b,u,t,b,s,s,g,w,p,w,o,p,k,v,d
e,f,f,n,t,n,f,c,b,u,t,b,s,s,g,g,p,w,o,p,n,y,d
p,x,s,g,f,c,f,c,n,n,e,b,s,s,w,w,p,w,o,p,n,s,d
e,f,f,g,t,n,f,c,b,w,t,b,s,s,w,p,p,w,o,p,k,v,d
e,x,f,e,t,n,f,c,b,u,t,b,s,s,p,g,p,w,o,p,n,v,d
e,f,f,g,t,n,f,c,b,w,t,b,s,s,g,w,p,w,o,p,n,y,d
e,f,y,e,t,n,f,c,b,n,t,b,s,s,w,g,p,w,o,p,n,y,d
e,f,y,n,t,n,f,c,b,n,t,b,s,s,p,g,p,w,o,p,k,v,d
p,x,f,g,f,f,f,c,b,g,e,b,k,k,n,p,p,w,o,l,h,y,g
p,x,s,g,f,c,f,c,n,p,e,b,s,s,w,w,p,w,o,p,n,s,d
e,f,y,e,t,n,f,c,b,w,t,b,s,s,g,g,p,w,o,p,k,y,d
e,x,y,g,t,n,f,c,b,w,t,b,s,s,p,w,p,w,o,p,n,y,d
p,x,f,g,f,c,f,w,n,g,e,b,s,s,w,w,p,w,o,p,k,v,d
e,f,y,n,t,n,f,c,b,n,t,b,s,s,w,w,p,w,o,p,k,y,d
e,f,y,g,t,n,f,c,b,n,t,b,s,s,g,w,p,w,o,p,k,y,d
e,f,f,e,t,n,f,c,b,u,t,b,s,s,p,w,p,w,o,p,k,v,d
p,x,f,y,f,f,f,c,b,p,e,b,k,k,n,b,p,w,o,l,h,v,p
p,x,s,g,f,c,f,w,n,p,e,b,s,s,w,w,p,w,o,p,k,v,d
e,f,y,g,t,n,f,c,b,n,t,b,s,s,g,w,p,w,o,p,n,y,d
e,f,y,n,t,n,f,c,b,p,t,b,s,s,g,g,p,w,o,p,n,y,d
e,f,y,n,t,n,f,c,b,u,t,b,s,s,g,g,p,w,o,p,k,y,d
e,f,y,g,t,n,f,c,b,p,t,b,s,s,p,w,p,w,o,p,n,v,d
e,f,y,g,t,n,f,c,b,n,t,b,s,s,p,w,p,w,o,p,k,v,d
p,x,f,g,f,f,f,c,b,g,e,b,k,k,n,n,p,w,o,l,h,v,p
e,f,y,g,t,n,f,c,b,w,t,b,s,s,p,w,p,w,o,p,k,y,d
e,f,f,e,t,n,f,c,b,p,t,b,s,s,g,w,p,w,o,p,n,v,d
p,x,f,g,f,c,f,w,n,g,e,b,s,s,w,w,p,w,o,p,n,v,d
e,f,y,g,t,n,f,c,b,u,t,b,s,s,w,p,p,w,o,p,n,v,d
p,f,y,g,f,f,f,c,b,h,e,b,k,k,p,p,p,w,o,l,h,y,p
e,f,f,e,t,n,f,c,b,u,t,b,s,s,p,g,p,w,o,p,k,y,d
p,x,f,g,f,f,f,c,b,h,e,b,k,k,b,p,p,w,o,l,h,v,p
e,f,y,g,t,n,f,c,b,u,t,b,s,s,w,p,p,w,o,p,k,v,d
p,x,f,p,f,c,f,c,n,n,e,b,s,s,w,w,p,w,o,p,n,s,d
e,f,f,e,t,n,f,c,b,w,t,b,s,s,p,p,p,w,o,p,n,v,d
p,x,f,p,f,c,f,w,n,p,e,b,s,s,w,w,p,w,o,p,n,v,d
p,x,s,w,f,c,f,c,n,u,e,b,s,s,w,w,p,w,o,p,n,s,d
e,f,y,g,t,n,f,c,b,n,t,b,s,s,p,w,p,w,o,p,n,v,d
p,x,s,p,f,c,f,w,n,u,e,b,s,s,w,w,p,w,o,p,n,v,d
p,x,f,g,f,f,f,c,b,g,e,b,k,k,b,b,p,w,o,l,h,y,d
e,x,f,n,t,n,f,c,b,u,t,b,s,s,w,g,p,w,o,p,n,v,d
e,f,y,g,t,n,f,c,b,p,t,b,s,s,p,p,p,w,o,p,k,y,d
e,f,y,e,t,n,f,c,b,u,t,b,s,s,w,w,p,w,o,p,k,y,d
p,x,f,g,f,f,f,c,b,p,e,b,k,k,p,b,p,w,o,l,h,y,g
p,x,f,g,f,c,f,w,n,n,e,b,s,s,w,w,p,w,o,p,n,v,d
p,x,f,g,f,f,f,c,b,g,e,b,k,k,p,b,p,w,o,l,h,v,p
p,x,f,w,f,c,f,w,n,u,e,b,s,s,w,w,p,w,o,p,n,s,d
e,f,y,n,t,n,f,c,b,p,t,b,s,s,g,w,p,w,o,p,k,y,d
e,f,y,g,t,n,f,c,b,p,t,b,s,s,w,w,p,w,o,p,k,y,d
p,x,f,w,f,c,f,w,n,g,e,b,s,s,w,w,p,w,o,p,k,s,d
e,x,y,g,t,n,f,c,b,w,t,b,s,s,g,w,p,w,o,p,k,y,d
e,f,y,n,t,n,f,c,b,w,t,b,s,s,w,p,p,w,o,p,k,v,d
e,f,f,g,t,n,f,c,b,u,t,b,s,s,g,w,p,w,o,p,k,y,d
e,x,y,e,t,n,f,c,b,p,t,b,s,s,p,g,p,w,o,p,k,y,d
e,f,y,e,t,n,f,c,b,n,t,b,s,s,p,g,p,w,o,p,k,y,d
p,x,f,w,f,c,f,w,n,n,e,b,s,s,w,w,p,w,o,p,k,s,d
e,f,f,e,t,n,f,c,b,p,t,b,s,s,g,g,p,w,o,p,n,y,d
p,x,y,y,f,f,f,c,b,h,e,b,k,k,n,p,p,w,o,l,h,y,d
e,f,f,g,t,n,f,c,b,p,t,b,s,s,w,p,p,w,o,p,n,v,d
e,f,y,n,t,n,f,c,b,n,t,b,s,s,p,g,p,w,o,p,n,v,d
p,x,f,g,f,c,f,w,n,p,e,b,s,s,w,w,p,w,o,p,n,v,d
p,x,s,p,f,c,f,c,n,n,e,b,s,s,w,w,p,w,o,p,n,v,d
e,f,f,e,t,n,f,c,b,u,t,b,s,s,g,p,p,w,o,p,n,y,d
e,x,f,g,t,n,f,c,b,p,t,b,s,s,p,p,p,w,o,p,k,v,d
e,f,y,g,t,n,f,c,b,u,t,b,s,s,g,g,p,w,o,p,k,y,d
p,x,f,g,f,f,f,c,b,h,e,b,k,k,n,b,p,w,o,l,h,v,p
e,x,y,n,t,n,f,c,b,u,t,b,s,s,w,w,p,w,o,p,k,v,d
e,f,y,g,t,n,f,c,b,n,t,b,s,s,p,w,p,w,o,p,k,y,d
e,f,f,g,t,n,f,c,b,u,t,b,s,s,g,g,p,w,o,p,n,y,d
p,x,f,g,f,c,f,c,n,p,e,b,s,s,w,w,p,w,o,p,k,s,d
e,f,y,n,t,n,f,c,b,p,t,b,s,s,w,p,p,w,o,p,n,v,d
p,x,f,g,f,f,f,c,b,h,e,b,k,k,p,p,p,w,o,l,h,v,p
e,f,y,g,t,n,f,c,b,u,t,b,s,s,p,p,p,w,o,p,k,v,d
e,f,f,e,t,n,f,c,b,u,t,b,s,s,p,g,p,w,o,p,k,v,d
e,f,f,e,t,n,f,c,b,n,t,b,s,s,w,p,p,w,o,p,k,y,d
p,x,s,w,f,c,f,c,n,u,e,b,s,s,w,w,p,w,o,p,n,v,d
p,x,f,w,f,c,f,w,n,p,e,b,s,s,w,w,p,w,o,p,n,s,d
e,f,f,e,t,n,f,c,b,w,t,b,s,s,p,w,p,w,o,p,k,v,d
e,f,f,e,t,n,f,c,b,p,t,b,s,s,w,w,p,w,o,p,k,v,d
e,f,y,n,t,n,f,c,b,u,t,b,s,s,p,g,p,w,o,p,k,y,d
p,x,f,g,f,f,f,c,b,h,e,b,k,k,n,b,p,w,o,l,h,v,g
e,f,y,g,t,n,f,c,b,w,t,b,s,s,g,g,p,w,o,p,k,y,d
p,x,f,g,f,f,f,c,b,p,e,b,k,k,p,n,p,w,o,l,h,y,p
e,f,f,e,t,n,f,c,b,w,t,b,s,s,g,p,p,w,o,p,n,y,d
p,x,f,g,f,f,f,c,b,h,e,b,k,k,n,p,p,w,o,l,h,v,g
e,f,y,g,t,n,f,c,b,u,t,b,s,s,p,w,p,w,o,p,n,v,d
e,f,f,e,t,n,f,c,b,u,t,b,s,s,w,w,p,w,o,p,k,y,d
e,f,y,n,t,n,f,c,b,w,t,b,s,s,w,w,p,w,o,p,n,v,d
p,x,f,g,f,f,f,c,b,h,e,b,k,k,p,n,p,w,o,l,h,y,d
e,f,f,e,t,n,f,c,b,u,t,b,s,s,g,g,p,w,o,p,k,y,d
e,x,f,g,t,n,f,c,b,p,t,b,s,s,g,g,p,w,o,p,n,v,d
e,f,y,g,t,n,f,c,b,n,t,b,s,s,p,g,p,w,o,p,n,v,d
p,x,f,w,f,c,f,w,n,u,e,b,s,s,w,w,p,w,o,p,k,s,d
e,f,f,e,t,n,f,c,b,p,t,b,s,s,w,p,p,w,o,p,k,y,d
e,f,f,e,t,n,f,c,b,n,t,b,s,s,p,p,p,w,o,p,k,y,d
e,f,y,e,t,n,f,c,b,u,t,b,s,s,w,g,p,w,o,p,n,y,d
e,x,f,e,t,n,f,c,b,n,t,b,s,s,g,p,p,w,o,p,k,v,d
e,f,y,n,t,n,f,c,b,u,t,b,s,s,p,w,p,w,o,p,k,v,d
p,x,f,g,f,f,f,c,b,p,e,b,k,k,p,n,p,w,o,l,h,v,g
e,x,f,g,t,n,f,c,b,n,t,b,s,s,p,w,p,w,o,p,k,v,d
p,x,f,g,f,f,f,c,b,g,e,b,k,k,b,n,p,w,o,l,h,y,d
e,f,y,g,t,n,f,c,b,n,t,b,s,s,g,w,p,w,o,p,k,v,d
e,f,y,n,t,n,f,c,b,p,t,b,s,s,p,p,p,w,o,p,n,y,d
p,x,y,g,f,f,f,c,b,h,e,b,k,k,b,p,p,w,o,l,h,v,d
e,f,y,g,t,n,f,c,b,w,t,b,s,s,w,p,p,w,o,p,n,y,d
p,f,f,g,f,f,f,c,b,p,e,b,k,k,n,p,p,w,o,l,h,v,d
e,f,y,e,t,n,f,c,b,w,t,b,s,s,p,p,p,w,o,p,k,y,d
p,x,s,g,f,c,f,c,n,g,e,b,s,s,w,w,p,w,o,p,n,v,d
e,f,y,e,t,n,f,c,b,u,t,b,s,s,p,w,p,w,o,p,k,v,d
e,f,y,n,t,n,f,c,b,u,t,b,s,s,g,w,p,w,o,p,k,y,d
e,x,f,e,t,n,f,c,b,n,t,b,s,s,g,w,p,w,o,p,k,v,d
e,f,y,e,t,n,f,c,b,n,t,b,s,s,p,w,p,w,o,p,k,v,d
e,f,y,g,t,n,f,c,b,w,t,b,s,s,p,g,p,w,o,p,n,v,d
p,x,s,p,f,c,f,w,n,n,e,b,s,s,w,w,p,w,o,p,k,s,d
p,f,f,g,f,f,f,c,b,h,e,b,k,k,b,p,p,w,o,l,h,v,d
e,f,f,g,t,n,f,c,b,w,t,b,s,s,p,w,p,w,o,p,n,v,d
e,f,f,e,t,n,f,c,b,w,t,b,s,s,w,g,p,w,o,p,n,y,d
p,x,f,p,f,c,f,c,n,u,e,b,s,s,w,w,p,w,o,p,n,v,d
e,f,f,n,t,n,f,c,b,p,t,b,s,s,g,g,p,w,o,p,n,y,d
e,f,y,g,t,n,f,c,b,p,t,b,s,s,p,w,p,w,o,p,k,v,d
e,f,y,e,t,n,f,c,b,p,t,b,s,s,p,w,p,w,o,p,k,y,d
e,f,y,e,t,n,f,c,b,w,t,b,s,s,w,w,p,w,o,p,k,y,d
e,x,f,g,t,n,f,c,b,n,t,b,s,s,p,g,p,w,o,p,n,y,d
p,x,s,w,f,c,f,w,n,p,e,b,s,s,w,w,p,w,o,p,n,v,d
e,f,y,g,t,n,f,c,b,n,t,b,s,s,g,g,p,w,o,p,k,y,d
p,x,y,g,f,f,f,c,b,p,e,b,k,k,b,p,p,w,o,l,h,v,d
e,f,y,n,t,n,f,c,b,p,t,b,s,s,p,w,p,w,o,p,k,v,d
e,f,y,n,t,n,f,c,b,p,t,b,s,s,g,g,p,w,o,p,k,v,d
p,x,s,g,f,c,f,w,n,n,e,b,s,s,w,w,p,w,o,p,k,s,d
e,f,y,g,t,n,f,c,b,p,t,b,s,s,p,w,p,w,o,p,n,y,d
e,f,y,e,t,n,f,c,b,w,t,b,s,s,w,w,p,w,o,p,n,v,d
p,x,f,g,f,f,f,c,b,g,e,b,k,k,p,n,p,w,o,l,h,y,d
e,x,y,n,t,n,f,c,b,w,t,b,s,s,g,p,p,w,o,p,n,y,d
e,f,y,e,t,n,f,c,b,u,t,b,s,s,p,g,p,w,o,p,n,v,d
e,f,f,e,t,n,f,c,b,n,t,b,s,s,p,g,p,w,o,p,k,v,d
p,x,s,p,f,c,f,c,n,n,e,b,s,s,w,w,p,w,o,p,n,s,d
p,x,f,g,f,f,f,c,b,h,e,b,k,k,p,p,p,w,o,l,h,v,d
e,f,y,e,t,n,f,c,b,p,t,b,s,s,p,w,p,w,o,p,k,v,d
e,f,y,g,t,n,f,c,b,p,t,b,s,s,g,w,p,w,o,p,k,v,d
p,x,s,p,f,c,f,c,n,p,e,b,s,s,w,w,p,w,o,p,n,v,d
e,f,f,g,t,n,f,c,b,u,t,b,s,s,w,g,p,w,o,p,n,y,d
e,f,f,e,t,n,f,c,b,n,t,b,s,s,w,w,p,w,o,p,k,y,d
e,f,f,n,t,n,f,c,b,u,t,b,s,s,g,w,p,w,o,p,k,v,d
e,x,y,g,t,n,f,c,b,n,t,b,s,s,w,w,p,w,o,p,n,v,d
e,x,y,n,t,n,f,c,b,w,t,b,s,s,w,p,p,w,o,p,n,y,d
e,f,y,n,t,n,f,c,b,u,t,b,s,s,g,p,p,w,o,p,n,y,d
p,x,f,p,f,c,f,c,n,p,e,b,s,s,w,w,p,w,o,p,k,v,d
e,f,f,e,t,n,f,c,b,p,t,b,s,s,w,p,p,w,o,p,k,v,d
p,x,y,y,f,f,f,c,b,p,e,b,k,k,n,n,p,w,o,l,h,y,d
p,x,s,g,f,c,f,w,n,p,e,b,s,s,w,w,p,w,o,p,n,v,d
e,f,y,n,t,n,f,c,b,w,t,b,s,s,w,w,p,w,o,p,k,v,d
p,f,f,g,f,f,f,c,b,p,e,b,k,k,n,n,p,w,o,l,h,v,d
p,x,f,g,f,c,f,w,n,n,e,b,s,s,w,w,p,w,o,p,k,s,d
e,f,y,g,t,n,f,c,b,p,t,b,s,s,p,g,p,w,o,p,k,y,d
e,f,y,g,t,n,f,c,b,u,t,b,s,s,g,g,p,w,o,p,k,v,d
e,f,y,g,t,n,f,c,b,w,t,b,s,s,g,p,p,w,o,p,n,v,d
e,x,y,n,t,n,f,c,b,w,t,b,s,s,g,w,p,w,o,p,n,y,d
p,x,f,y,f,f,f,c,b,p,e,b,k,k,b,n,p,w,o,l,h,v,g
e,f,f,g,t,n,f,c,b,u,t,b,s,s,g,w,p,w,o,p,n,y,d
p,x,f,g,f,f,f,c,b,p,e,b,k,k,b,p,p,w,o,l,h,v,p
e,f,y,e,t,n,f,c,b,u,t,b,s,s,g,w,p,w,o,p,n,v,d
e,f,f,e,t,n,f,c,b,w,t,b,s,s,p,g,p,w,o,p,n,y,d
p,f,f,g,f,f,f,c,b,p,e,b,k,k,n,p,p,w,o,l,h,y,d
e,f,f,e,t,n,f,c,b,p,t,b,s,s,p,g,p,w,o,p,k,v,d
p,x,f,y,f,f,f,c,b,g,e,b,k,k,p,n,p,w,o,l,h,y,p
e,f,f,e,t,n,f,c,b,u,t,b,s,s,g,g,p,w,o,p,n,v,d
e,f,f,g,t,n,f,c,b,u,t,b,s,s,w,w,p,w,o,p,n,v,d
e,f,f,e,t,n,f,c,b,p,t,b,s,s,g,g,p,w,o,p,k,v,d
e,f,y,e,t,n,f,c,b,n,t,b,s,s,w,w,p,w,o,p,n,v,d
e,f,y,e,t,n,f,c,b,n,t,b,s,s,g,w,p,w,o,p,k,y,d
e,f,y,n,t,n,f,c,b,n,t,b,s,s,g,p,p,w,o,p,n,v,d
e,f,f,g,t,n,f,c,b,w,t,b,s,s,g,g,p,w,o,p,n,v,d
e,f,f,e,t,n,f,c,b,p,t,b,s,s,p,w,p,w,o,p,n,v,d
p,x,f,g,f,f,f,c,b,g,e,b,k,k,b,b,p,w,o,l,h,v,g
e,f,y,n,t,n,f,c,b,u,t,b,s,s,w,g,p,w,o,p,k,y,d
p,x,f,g,f,c,f,c,n,n,e,b,s,s,w,w,p,w,o,p,k,v,d
e,f,y,n,t,n,f,c,b,w,t,b,s,s,g,w,p,w,o,p,n,v,d
e,f,y,g,t,n,f,c,b,w,t,b,s,s,w,g,p,w,o,p,k,v,d
e,x,f,e,t,n,f,c,b,p,t,b,s,s,p,g,p,w,o,p,k,y,d
e,f,y,e,t,n,f,c,b,p,t,b,s,s,p,p,p,w,o,p,k,y,d
e,f,f,g,t,n,f,c,b,p,t,b,s,s,p,p,p,w,o,p,n,v,d
e,x,y,g,t,n,f,c,b,p,t,b,s,s,g,g,p,w,o,p,n,v,d
p,x,f,p,f,c,f,c,n,g,e,b,s,s,w,w,p,w,o,p,k,s,d
e,x,y,n,t,n,f,c,b,n,t,b,s,s,p,p,p,w,o,p,n,y,d
e,f,y,n,t,n,f,c,b,n,t,b,s,s,w,g,p,w,o,p,k,v,d
e,f,y,g,t,n,f,c,b,w,t,b,s,s,p,g,p,w,o,p,k,y,d
p,f,f,g,f,f,f,c,b,g,e,b,k,k,n,n,p,w,o,l,h,y,g
e,f,y,g,t,n,f,c,b,w,t,b,s,s,p,p,p,w,o,p,n,v,d
e,f,y,e,t,n,f,c,b,n,t,b,s,s,g,g,p,w,o,p,k,y,d
p,x,f,g,f,f,f,c,b,g,e,b,k,k,p,b,p,w,o,l,h,y,g
e,f,y,n,t,n,f,c,b,n,t,b,s,s,p,g,p,w,o,p,k,y,d
p,x,f,g,f,f,f,c,b,h,e,b,k,k,p,b,p,w,o,l,h,v,g
e,f,f,e,t,n,f,c,b,w,t,b,s,s,w,p,p,w,o,p,k,y,d
e,x,y,n,t,n,f,c,b,w,t,b,s,s,g,w,p,w,o,p,k,y,d
e,x,y,g,t,n,f,c,b,p,t,b,s,s,p,w,p,w,o,p,k,y,d
e,f,y,e,t,n,f,c,b,u,t,b,s,s,w,g,p,w,o,p,k,v,d
p,x,y,g,f,f,f,c,b,p,e,b,k,k,b,n,p,w,o,l,h,v,d
p,x,s,g,f,c,f,c,n,g,e,b,s,s,w,w,p,w,o,p,k,v,d
p,x,f,g,f,f,f,c,b,p,e,b,k,k,b,n,p,w,o,l,h,v,g
p,x,f,g,f,f,f,c,b,p,e,b,k,k,b,b,p,w,o,l,h,v,p
p,f,f,g,f,f,f,c,b,p,e,b,k,k,b,b,p,w,o,l,h,y,p
e,f,f,g,t,n,f,c,b,u,t,b,s,s,w,w,p,w,o,p,k,v,d
p,x,f,g,f,f,f,c,b,g,e,b,k,k,b,n,p,w,o,l,h,v,d
e,f,y,e,t,n,f,c,b,p,t,b,s,s,w,p,p,w,o,p,k,v,d
e,f,y,n,t,n,f,c,b,w,t,b,s,s,p,g,p,w,o,p,n,v,d
e,f,y,n,t,n,f,c,b,n,t,b,s,s,w,g,p,w,o,p,k,y,d
p,x,y,y,f,f,f,c,b,p,e,b,k,k,n,b,p,w,o,l,h,y,d
e,f,y,g,t,n,f,c,b,n,t,b,s,s,w,w,p,w,o,p,k,y,d
p,x,f,p,f,c,f,w,n,u,e,b,s,s,w,w,p,w,o,p,n,s,d
e,f,f,e,t,n,f,c,b,w,t,b,s,s,w,w,p,w,o,p,n,y,d
e,f,y,n,t,n,f,c,b,n,t,b,s,s,g,p,p,w,o,p,k,y,d
e,x,y,n,t,n,f,c,b,n,t,b,s,s,w,g,p,w,o,p,k,v,d
e,f,f,e,t,n,f,c,b,p,t,b,s,s,w,w,p,w,o,p,n,y,d
p,x,f,g,f,f,f,c,b,h,e,b,k,k,p,n,p,w,o,l,h,y,g
p,x,f,g,f,f,f,c,b,h,e,b,k,k,p,n,p,w,o,l,h,v,p
e,f,f,g,t,n,f,c,b,n,t,b,s,s,p,g,p,w,o,p,k,v,d
e,x,f,n,t,n,f,c,b,u,t,b,s,s,p,w,p,w,o,p,n,v,d
p,x,f,g,f,f,f,c,b,p,e,b,k,k,p,p,p,w,o,l,h,v,d
e,f,f,g,t,n,f,c,b,w,t,b,s,s,p,g,p,w,o,p,n,y,d
p,x,f,p,f,c,f,c,n,g,e,b,s,s,w,w,p,w,o,p,n,s,d
e,f,y,n,t,n,f,c,b,n,t,b,s,s,w,w,p,w,o,p,n,v,d
e,f,y,g,t,n,f,c,b,n,t,b,s,s,g,p,p,w,o,p,k,y,d
p,x,f,g,f,f,f,c,b,g,e,b,k,k,n,n,p,w,o,l,h,y,p
e,x,f,e,t,n,f,c,b,w,t,b,s,s,g,g,p,w,o,p,k,y,d
p,x,s,g,f,c,f,w,n,u,e,b,s,s,w,w,p,w,o,p,k,s,d
p,x,f,g,f,f,f,c,b,h,e,b,k,k,b,p,p,w,o,l,h,v,g
e,f,y,n,t,n,f,c,b,n,t,b,s,s,w,p,p,w,o,p,n,v,d
p,x,f,g,f,f,f,c,b,g,e,b,k,k,n,b,p,w,o,l,h,v,d
e,f,y,e,t,n,f,c,b,p,t,b,s,s,p,g,p,w,o,p,k,v,d
e,f,f,g,t,n,f,c,b,u,t,b,s,s,p,w,p,w,o,p,n,y,d
e,f,f,g,t,n,f,c,b,w,t,b,s,s,g,p,p,w,o,p,n,y,d
e,f,y,n,t,n,f,c,b,w,t,b,s,s,w,p,p,w,o,p,n,y,d
e,f,y,e,t,n,f,c,b,u,t,b,s,s,w,p,p,w,o,p,n,y,d
e,f,y,g,t,n,f,c,b,p,t,b,s,s,g,g,p,w,o,p,k,y,d
e,f,y,e,t,n,f,c,b,u,t,b,s,s,w,g,p,w,o,p,k,y,d
e,f,y,n,t,n,f,c,b,n,t,b,s,s,p,w,p,w,o,p,k,y,d
p,x,y,y,f,f,f,c,b,p,e,b,k,k,p,n,p,w,o,l,h,y,g
e,f,f,g,t,n,f,c,b,u,t,b,s,s,p,p,p,w,o,p,k,y,d
e,f,y,n,t,n,f,c,b,u,t,b,s,s,g,w,p,w,o,p,n,v,d
p,x,f,g,f,f,f,c,b,g,e,b,k,k,n,b,p,w,o,l,h,y,g
p,x,f,g,f,f,f,c,b,p,e,b,k,k,p,b,p,w,o,l,h,v,d
p,x,f,g,f,f,f,c,b,p,e,b,k,k,b,n,p,w,o,l,h,y,p
e,f,y,e,t,n,f,c,b,u,t,b,s,s,g,p,p,w,o,p,n,y,d
e,f,y,n,t,n,f,c,b,p,t,b,s,s,w,p,p,w,o,p,k,v,d
p,x,y,g,f,f,f,c,b,p,e,b,k,k,n,n,p,w,o,l,h,y,d
p,x,f,g,f,f,f,c,b,p,e,b,k,k,p,b,p,w,o,l,h,v,p
p,f,y,g,f,f,f,c,b,p,e,b,k,k,b,b,p,w,o,l,h,v,p
e,f,y,n,t,n,f,c,b,w,t,b,s,s,p,w,p,w,o,p,n,v,d
p,x,f,g,f,c,f,w,n,n,e,b,s,s,w,w,p,w,o,p,n,s,d
e,f,f,e,t,n,f,c,b,n,t,b,s,s,p,p,p,w,o,p,n,v,d
p,f,f,y,f,f,f,c,b,h,e,b,k,k,n,b,p,w,o,l,h,y,d
e,f,y,n,t,n,f,c,b,u,t,b,s,s,g,p,p,w,o,p,n,v,d
e,x,y,e,t,n,f,c,b,u,t,b,s,s,w,p,p,w,o,p,k,y,d
p,x,f,g,f,f,f,c,b,h,e,b,k,k,b,b,p,w,o,l,h,y,p
e,x,y,n,t,n,f,c,b,p,t,b,s,s,w,w,p,w,o,p,k,y,d
p,x,s,w,f,c,f,c,n,g,e,b,s,s,w,w,p,w,o,p,n,v,d
e,f,y,g,t,n,f,c,b,p,t,b,s,s,w,g,p,w,o,p,k,v,d
e,f,f,e,t,n,f,c,b,p,t,b,s,s,p,p,p,w,o,p,n,v,d
e,f,y,g,t,n,f,c,b,p,t,b,s,s,p,p,p,w,o,p,n,y,d
p,x,f,g,f,f,f,c,b,g,e,b,k,k,p,b,p,w,o,l,h,v,d
e,f,y,e,t,n,f,c,b,u,t,b,s,s,w,w,p,w,o,p,n,v,d
e,f,y,e,t,n,f,c,b,p,t,b,s,s,w,g,p,w,o,p,n,y,d
p,x,s,p,f,c,f,c,n,g,e,b,s,s,w,w,p,w,o,p,k,s,d
e,f,f,e,t,n,f,c,b,u,t,b,s,s,w,w,p,w,o,p,k,v,d
e,f,f,g,t,n,f,c,b,u,t,b,s,s,g,p,p,w,o,p,k,y,d
e,f,f,g,t,n,f,c,b,w,t,b,s,s,w,w,p,w,o,p,n,y,d
e,f,f,g,t,n,f,c,b,u,t,b,s,s,g,p,p,w,o,p,n,v,d
p,x,f,g,f,f,f,c,b,h,e,b,k,k,b,b,p,w,o,l,h,v,p
e,f,y,n,t,n,f,c,b,p,t,b,s,s,p,g,p,w,o,p,n,y,d
e,f,y,g,t,n,f,c,b,n,t,b,s,s,w,g,p,w,o,p,k,v,d
e,f,y,n,t,n,f,c,b,u,t,b,s,s,p,p,p,w,o,p,k,y,d
p,x,s,p,f,c,f,c,n,n,e,b,s,s,w,w,p,w,o,p,k,s,d
e,f,y,e,t,n,f,c,b,n,t,b,s,s,p,p,p,w,o,p,k,y,d
e,f,y,g,t,n,f,c,b,p,t,b,s,s,g,p,p,w,o,p,k,v,d
e,f,y,e,t,n,f,c,b,n,t,b,s,s,w,p,p,w,o,p,k,y,d
p,x,s,w,f,c,f,c,n,u,e,b,s,s,w,w,p,w,o,p,k,s,d
p,x,f,g,f,f,f,c,b,h,e,b,k,k,n,n,p,w,o,l,h,v,p
e,f,y,n,t,n,f,c,b,w,t,b,s,s,w,p,p,w,o,p,n,v,d
p,x,f,g,f,f,f,c,b,g,e,b,k,k,p,p,p,w,o,l,h,v,g
p,x,f,w,f,c,f,c,n,n,e,b,s,s,w,w,p,w,o,p,n,s,d
e,f,y,n,t,n,f,c,b,w,t,b,s,s,g,g,p,w,o,p,k,y,d
e,f,y,g,t,n,f,c,b,p,t,b,s,s,w,w,p,w,o,p,n,v,d
e,f,y,g,t,n,f,c,b,n,t,b,s,s,w,w,p,w,o,p,n,v,d
e,f,y,g,t,n,f,c,b,w,t,b,s,s,w,p,p,w,o,p,n,v,d
p,x,f,w,f,c,f,w,n,p,e,b,s,s,w,w,p,w,o,p,n,v,d
e,f,f,e,t,n,f,c,b,u,t,b,s,s,w,w,p,w,o,p,n,v,d
p,x,f,g,f,f,f,c,b,g,e,b,k,k,p,b,p,w,o,l,h,v,g
e,f,y,n,t,n,f,c,b,w,t,b,s,s,g,w,p,w,o,p,n,y,d
e,f,y,n,t,n,f,c,b,p,t,b,s,s,p,g,p,w,o,p,n,v,d
p,x,s,p,f,c,f,c,n,u,e,b,s,s,w,w,p,w,o,p,k,v,d
e,f,y,g,t,n,f,c,b,n,t,b,s,s,w,g,p,w,o,p,n,y,d
p,x,s,p,f,c,f,c,n,g,e,b,s,s,w,w,p,w,o,p,n,v,d
e,x,y,n,t,n,f,c,b,n,t,b,s,s,w,p,p,w,o,p,n,y,d
p,x,y,g,f,f,f,c,b,p,e,b,k,k,b,b,p,w,o,l,h,y,g
e,f,y,e,t,n,f,c,b,w,t,b,s,s,g,w,p,w,o,p,k,y,d
p,x,f,p,f,c,f,c,n,p,e,b,s,s,w,w,p,w,o,p,n,s,d
p,x,f,g,f,f,f,c,b,p,e,b,k,k,p,n,p,w,o,l,h,v,p
e,f,f,e,t,n,f,c,b,u,t,b,s,s,w,g,p,w,o,p,n,y,d
e,f,f,e,t,n,f,c,b,w,t,b,s,s,g,w,p,w,o,p,k,y,d
p,x,f,g,f,c,f,c,n,u,e,b,s,s,w,w,p,w,o,p,n,s,d
p,x,f,g,f,f,f,c,b,p,e,b,k,k,n,n,p,w,o,l,h,v,g
e,f,y,g,t,n,f,c,b,n,t,b,s,s,w,w,p,w,o,p,n,y,d
p,x,f,g,f,f,f,c,b,p,e,b,k,k,n,b,p,w,o,l,h,v,d
e,f,f,e,t,n,f,c,b,w,t,b,s,s,p,p,p,w,o,p,k,v,d
e,f,y,n,t,n,f,c,b,u,t,b,s,s,w,p,p,w,o,p,k,v,d
p,f,y,y,f,f,f,c,b,h,e,b,k,k,b,n,p,w,o,l,h,y,d
e,f,y,e,t,n,f,c,b,n,t,b,s,s,w,w,p,w,o,p,k,y,d
e,f,y,e,t,n,f,c,b,p,t,b,s,s,w,w,p,w,o,p,k,v,d
e,f,y,n,t,n,f,c,b,w,t,b,s,s,g,g,p,w,o,p,n,y,d
e,x,f,n,t,n,f,c,b,w,t,b,s,s,g,p,p,w,o,p,k,v,d
p,f,y,g,f,f,f,c,b,g,e,b,k,k,p,b,p,w,o,l,h,v,d
e,f,y,g,t,n,f,c,b,u,t,b,s,s,g,w,p,w,o,p,n,v,d
e,f,f,e,t,n,f,c,b,w,t,b,s,s,p,w,p,w,o,p,k,y,d
e,f,y,n,t,n,f,c,b,p,t,b,s,s,p,p,p,w,o,p,n,v,d
e,x,y,g,t,n,f,c,b,p,t,b,s,s,p,w,p,w,o,p,n,y,d
e,x,y,n,t,n,f,c,b,w,t,b,s,s,g,w,p,w,o,p,k,v,d
p,x,f,g,f,f,f,c,b,p,e,b,k,k,b,b,p,w,o,l,h,v,d
p,x,s,w,f,c,f,w,n,g,e,b,s,s,w,w,p,w,o,p,n,v,d
p,f,f,y,f,f,f,c,b,g,e,b,k,k,n,b,p,w,o,l,h,v,p
e,f,y,n,t,n,f,c,b,u,t,b,s,s,p,g,p,w,o,p,n,v,d
e,f,y,e,t,n,f,c,b,p,t,b,s,s,p,g,p,w,o,p,k,y,d
e,f,f,e,t,n,f,c,b,u,t,b,s,s,p,g,p,w,o,p,n,y,d
e,f,f,e,t,n,f,c,b,w,t,b,s,s,p,p,p,w,o,p,n,y,d
e,f,y,e,t,n,f,c,b,w,t,b,s,s,g,p,p,w,o,p,n,v,d
e,f,y,n,t,n,f,c,b,n,t,b,s,s,g,g,p,w,o,p,k,y,d
e,f,y,e,t,n,f,c,b,n,t,b,s,s,w,g,p,w,o,p,k,v,d
p,x,y,g,f,f,f,c,b,h,e,b,k,k,n,n,p,w,o,l,h,y,g
e,f,y,e,t,n,f,c,b,w,t,b,s,s,p,p,p,w,o,p,n,y,d
e,f,y,n,t,n,f,c,b,p,t,b,s,s,w,w,p,w,o,p,n,y,d
p,x,f,g,f,f,f,c,b,p,e,b,k,k,p,n,p,w,o,l,h,v,d
p,x,f,w,f,c,f,w,n,p,e,b,s,s,w,w,p,w,o,p,k,s,d
p,x,f,g,f,c,f,w,n,p,e,b,s,s,w,w,p,w,o,p,k,v,d
e,x,y,n,t,n,f,c,b,u,t,b,s,s,w,g,p,w,o,p,n,y,d
p,f,f,y,f,f,f,c,b,h,e,b,k,k,p,p,p,w,o,l,h,v,p
p,x,s,g,f,c,f,w,n,n,e,b,s,s,w,w,p,w,o,p,n,v,d
e,f,y,e,t,n,f,c,b,w,t,b,s,s,g,w,p,w,o,p,n,v,d
e,f,y,e,t,n,f,c,b,u,t,b,s,s,w,w,p,w,o,p,n,y,d
e,f,f,e,t,n,f,c,b,p,t,b,s,s,g,p,p,w,o,p,k,v,d
p,x,f,y,f,f,f,c,b,p,e,b,k,k,b,n,p,w,o,l,h,v,d
e,f,y,n,t,n,f,c,b,u,t,b,s,s,g,g,p,w,o,p,n,v,d
e,f,f,e,t,n,f,c,b,w,t,b,s,s,w,w,p,w,o,p,n,v,d
e,f,y,e,t,n,f,c,b,u,t,b,s,s,p,w,p,w,o,p,n,v,d
p,x,f,y,f,f,f,c,b,p,e,b,k,k,p,p,p,w,o,l,h,v,p
p,x,f,g,f,c,f,c,n,n,e,b,s,s,w,w,p,w,o,p,n,v,d
e,f,f,e,t,n,f,c,b,u,t,b,s,s,w,p,p,w,o,p,k,v,d
p,x,s,g,f,c,f,c,n,g,e,b,s,s,w,w,p,w,o,p,n,s,d
p,x,f,w,f,c,f,c,n,u,e,b,s,s,w,w,p,w,o,p,n,v,d
p,x,f,g,f,f,f,c,b,h,e,b,k,k,p,b,p,w,o,l,h,y,g
e,f,y,g,t,n,f,c,b,n,t,b,s,s,w,p,p,w,o,p,n,v,d
e,f,f,e,t,n,f,c,b,n,t,b,s,s,g,g,p,w,o,p,k,v,d
p,f,f,y,f,f,f,c,b,p,e,b,k,k,b,p,p,w,o,l,h,y,p
e,f,f,e,t,n,f,c,b,u,t,b,s,s,g,w,p,w,o,p,k,y,d
e,f,y,e,t,n,f,c,b,w,t,b,s,s,w,p,p,w,o,p,n,v,d
e,f,f,g,t,n,f,c,b,u,t,b,s,s,p,w,p,w,o,p,n,v,d
e,f,y,e,t,n,f,c,b,n,t,b,s,s,g,w,p,w,o,p,n,y,d
e,f,f,g,t,n,f,c,b,u,t,b,s,s,w,p,p,w,o,p,k,v,d
e,f,y,n,t,n,f,c,b,u,t,b,s,s,w,p,p,w,o,p,k,y,d
e,f,y,e,t,n,f,c,b,w,t,b,s,s,p,w,p,w,o,p,k,v,d
e,f,y,n,t,n,f,c,b,w,t,b,s,s,g,g,p,w,o,p,n,v,d
e,f,f,e,t,n,f,c,b,n,t,b,s,s,p,p,p,w,o,p,n,y,d
e,f,y,e,t,n,f,c,b,w,t,b,s,s,w,p,p,w,o,p,n,y,d
e,f,f,g,t,n,f,c,b,w,t,b,s,s,w,g,p,w,o,p,k,y,d
e,x,f,g,t,n,f,c,b,p,t,b,s,s,p,w,p,w,o,p,n,y,d
e,f,y,n,t,n,f,c,b,p,t,b,s,s,w,p,p,w,o,p,n,y,d
e,f,y,n,t,n,f,c,b,p,t,b,s,s,g,p,p,w,o,p,n,v,d
e,x,f,e,t,n,f,c,b,n,t,b,s,s,g,w,p,w,o,p,k,y,d
e,f,f,n,t,n,f,c,b,p,t,b,s,s,w,p,p,w,o,p,k,y,d
p,x,f,g,f,f,f,c,b,h,e,b,k,k,n,n,p,w,o,l,h,y,p
e,f,y,e,t,n,f,c,b,p,t,b,s,s,w,p,p,w,o,p,n,y,d
e,x,y,g,t,n,f,c,b,n,t,b,s,s,w,g,p,w,o,p,k,y,d
e,f,y,n,t,n,f,c,b,w,t,b,s,s,p,p,p,w,o,p,n,v,d
e,f,y,n,t,n,f,c,b,w,t,b,s,s,g,p,p,w,o,p,k,y,d
e,f,y,g,t,n,f,c,b,w,t,b,s,s,p,g,p,w,o,p,n,y,d
p,x,f,g,f,f,f,c,b,h,e,b,k,k,p,n,p,w,o,l,h,v,d
e,f,f,e,t,n,f,c,b,w,t,b,s,s,p,w,p,w,o,p,n,v,d
p,f,f,g,f,f,f,c,b,g,e,b,k,k,p,b,p,w,o,l,h,v,d
e,f,y,g,t,n,f,c,b,u,t,b,s,s,p,p,p,w,o,p,n,y,d
e,f,y,g,t,n,f,c,b,n,t,b,s,s,g,g,p,w,o,p,n,v,d
e,f,f,g,t,n,f,c,b,u,t,b,s,s,p,w,p,w,o,p,k,y,d
p,f,f,y,f,f,f,c,b,h,e,b,k,k,p,b,p,w,o,l,h,v,p
e,x,y,n,t,n,f,c,b,n,t,b,s,s,g,w,p,w,o,p,n,v,d
e,f,y,g,t,n,f,c,b,p,t,b,s,s,g,g,p,w,o,p,n,y,d
p,f,f,g,f,f,f,c,b,h,e,b,k,k,b,n,p,w,o,l,h,v,d
e,f,y,n,t,n,f,c,b,w,t,b,s,s,g,w,p,w,o,p,k,v,d
p,x,f,g,f,c,f,w,n,u,e,b,s,s,w,w,p,w,o,p,k,s,d
e,f,y,e,t,n,f,c,b,w,t,b,s,s,p,w,p,w,o,p,n,y,d
p,x,s,w,f,c,f,w,n,g,e,b,s,s,w,w,p,w,o,p,k,s,d
e,f,y,n,t,n,f,c,b,n,t,b,s,s,w,p,p,w,o,p,k,v,d
p,x,s,w,f,c,f,c,n,n,e,b,s,s,w,w,p,w,o,p,n,v,d
e,f,y,e,t,n,f,c,b,p,t,b,s,s,p,p,p,w,o,p,n,y,d
e,f,f,g,t,n,f,c,b,u,t,b,s,s,w,g,p,w,o,p,n,v,d
e,f,f,e,t,n,f,c,b,p,t,b,s,s,p,w,p,w,o,p,k,y,d
e,f,y,e,t,n,f,c,b,w,t,b,s,s,g,w,p,w,o,p,n,y,d
p,x,s,g,f,c,f,c,n,p,e,b,s,s,w,w,p,w,o,p,k,s,d
e,f,y,e,t,n,f,c,b,n,t,b,s,s,p,w,p,w,o,p,k,y,d
e,f,y,e,t,n,f,c,b,n,t,b,s,s,g,g,p,w,o,p,k,v,d
p,x,f,p,f,c,f,w,n,n,e,b,s,s,w,w,p,w,o,p,k,v,d
e,f,f,e,t,n,f,c,b,u,t,b,s,s,p,p,p,w,o,p,k,y,d
p,x,s,p,f,c,f,c,n,u,e,b,s,s,w,w,p,w,o,p,n,v,d
e,f,f,e,t,n,f,c,b,w,t,b,s,s,p,g,p,w,o,p,k,y,d
p,f,f,g,f,f,f,c,b,g,e,b,k,k,b,p,p,w,o,l,h,y,g
e,f,y,g,t,n,f,c,b,p,t,b,s,s,g,p,p,w,o,p,n,y,d
p,x,f,g,f,f,f,c,b,h,e,b,k,k,n,p,p,w,o,l,h,y,g
e,f,y,n,t,n,f,c,b,n,t,b,s,s,p,p,p,w,o,p,k,v,d
e,f,y,e,t,n,f,c,b,u,t,b,s,s,p,p,p,w,o,p,n,v,d
e,f,y,n,t,n,f,c,b,u,t,b,s,s,p,p,p,w,o,p,k,v,d
p,x,s,p,f,c,f,w,n,g,e,b,s,s,w,w,p,w,o,p,k,s,d
p,x,y,g,f,f,f,c,b,h,e,b,k,k,n,p,p,w,o,l,h,y,p
e,f,f,e,t,n,f,c,b,p,t,b,s,s,g,p,p,w,o,p,n,v,d
e,f,f,g,t,n,f,c,b,w,t,b,s,s,w,w,p,w,o,p,k,v,d
e,f,y,g,t,n,f,c,b,n,t,b,s,s,w,w,p,w,o,p,k,v,d
e,f,y,e,t,n,f,c,b,p,t,b,s,s,g,w,p,w,o,p,n,y,d
e,f,y,e,t,n,f,c,b,u,t,b,s,s,w,w,p,w,o,p,k,v,d
e,x,f,g,t,n,f,c,b,n,t,b,s,s,w,p,p,w,o,p,n,y,d
p,x,f,g,f,f,f,c,b,g,e,b,k,k,n,p,p,w,o,l,h,y,d
e,x,y,n,t,n,f,c,b,u,t,b,s,s,g,p,p,w,o,p,n,y,d
e,f,y,e,t,n,f,c,b,u,t,b,s,s,w,p,p,w,o,p,k,y,d
e,f,f,e,t,n,f,c,b,n,t,b,s,s,p,w,p,w,o,p,k,y,d
p,x,f,w,f,c,f,c,n,n,e,b,s,s,w,w,p,w,o,p,k,v,d
e,f,y,e,t,n,f,c,b,p,t,b,s,s,g,p,p,w,o,p,k,y,d
e,f,y,g,t,n,f,c,b,p,t,b,s,s,w,w,p,w,o,p,n,y,d
p,x,f,g,f,f,f,c,b,p,e,b,k,k,n,b,p,w,o,l,h,y,g
e,f,y,g,t,n,f,c,b,n,t,b,s,s,p,w,p,w,o,p,n,y,d
p,x,s,w,f,c,f,w,n,n,e,b,s,s,w,w,p,w,o,p,k,v,d
e,f,f,e,t,n,f,c,b,n,t,b,s,s,p,p,p,w,o,p,k,v,d
p,x,s,w,f,c,f,c,n,n,e,b,s,s,w,w,p,w,o,p,k,s,d
p,x,f,g,f,f,f,c,b,g,e,b,k,k,p,p,p,w,o,l,h,v,d
p,x,f,g,f,f,f,c,b,h,e,b,k,k,b,p,p,w,o,l,h,y,d
e,f,y,g,t,n,f,c,b,u,t,b,s,s,g,g,p,w,o,p,n,v,d
e,f,y,g,t,n,f,c,b,p,t,b,s,s,w,g,p,w,o,p,n,v,d
e,f,y,e,t,n,f,c,b,p,t,b,s,s,p,w,p,w,o,p,n,y,d
e,f,y,e,t,n,f,c,b,p,t,b,s,s,w,g,p,w,o,p,k,y,d
p,x,f,g,f,f,f,c,b,h,e,b,k,k,b,n,p,w,o,l,h,v,p
e,f,f,e,t,n,f,c,b,u,t,b,s,s,p,w,p,w,o,p,n,y,d
e,f,f,e,t,n,f,c,b,n,t,b,s,s,g,p,p,w,o,p,k,y,d
p,x,y,g,f,f,f,c,b,g,e,b,k,k,n,n,p,w,o,l,h,v,g
e,f,f,e,t,n,f,c,b,u,t,b,s,s,w,g,p,w,o,p,k,y,d
p,x,f,g,f,c,f,w,n,p,e,b,s,s,w,w,p,w,o,p,n,s,d
e,f,y,g,t,n,f,c,b,u,t,b,s,s,g,w,p,w,o,p,k,y,d
e,f,y,e,t,n,f,c,b,w,t,b,s,s,g,g,p,w,o,p,n,y,d
e,f,y,e,t,n,f,c,b,n,t,b,s,s,p,w,p,w,o,p,n,y,d
e,f,y,g,t,n,f,c,b,w,t,b,s,s,w,p,p,w,o,p,k,y,d
e,x,f,e,t,n,f,c,b,n,t,b,s,s,w,w,p,w,o,p,n,y,d
e,f,y,g,t,n,f,c,b,u,t,b,s,s,p,w,p,w,o,p,k,y,d
p,x,s,p,f,c,f,c,n,p,e,b,s,s,w,w,p,w,o,p,k,s,d
e,f,y,n,t,n,f,c,b,u,t,b,s,s,w,p,p,w,o,p,n,v,d
p,x,f,g,f,f,f,c,b,p,e,b,k,k,b,n,p,w,o,l,h,y,g
e,f,y,e,t,n,f,c,b,n,t,b,s,s,w,p,p,w,o,p,k,v,d
e,f,y,g,t,n,f,c,b,w,t,b,s,s,g,w,p,w,o,p,n,v,d
e,f,f,e,t,n,f,c,b,n,t,b,s,s,p,g,p,w,o,p,n,v,d
p,x,s,w,f,c,f,w,n,u,e,b,s,s,w,w,p,w,o,p,n,v,d
p,x,f,w,f,c,f,w,n,n,e,b,s,s,w,w,p,w,o,p,n,v,d
e,x,y,n,t,n,f,c,b,n,t,b,s,s,w,w,p,w,o,p,n,v,d
e,f,f,e,t,n,f,c,b,w,t,b,s,s,p,g,p,w,o,p,k,v,d
e,f,y,e,t,n,f,c,b,w,t,b,s,s,g,p,p,w,o,p,k,v,d
e,x,y,g,t,n,f,c,b,u,t,b,s,s,g,p,p,w,o,p,n,y,d
p,x,f,g,f,f,f,c,b,p,e,b,k,k,n,p,p,w,o,l,h,v,d
p,x,f,w,f,c,f,w,n,n,e,b,s,s,w,w,p,w,o,p,k,v,d
e,f,y,n,t,n,f,c,b,w,t,b,s,s,w,w,p,w,o,p,k,y,d
e,f,f,e,t,n,f,c,b,w,t,b,s,s,g,g,p,w,o,p,k,v,d
p,x,f,w,f,c,f,w,n,u,e,b,s,s,w,w,p,w,o,p,k,v,d
p,x,s,g,f,c,f,w,n,p,e,b,s,s,w,w,p,w,o,p,k,s,d
e,x,y,e,t,n,f,c,b,p,t,b,s,s,p,p,p,w,o,p,k,v,d
p,x,f,g,f,f,f,c,b,h,e,b,k,k,b,p,p,w,o,l,h,v,d
p,x,f,g,f,c,f,c,n,p,e,b,s,s,w,w,p,w,o,p,n,v,d
p,x,f,g,f,f,f,c,b,h,e,b,k,k,n,p,p,w,o,l,h,v,d
p,x,s,g,f,c,f,c,n,n,e,b,s,s,w,w,p,w,o,p,n,v,d
e,x,f,g,t,n,f,c,b,w,t,b,s,s,p,g,p,w,o,p,k,v,d
p,x,f,p,f,c,f,c,n,u,e,b,s,s,w,w,p,w,o,p,k,s,d
e,f,f,e,t,n,f,c,b,n,t,b,s,s,g,p,p,w,o,p,n,v,d
p,x,s,p,f,c,f,c,n,n,e,b,s,s,w,w,p,w,o,p,k,v,d
p,x,f,g,f,c,f,w,n,p,e,b,s,s,w,w,p,w,o,p,k,s,d
e,f,y,e,t,n,f,c,b,p,t,b,s,s,g,g,p,w,o,p,k,y,d
p,x,f,g,f,c,f,c,n,n,e,b,s,s,w,w,p,w,o,p,k,s,d
p,x,s,g,f,c,f,w,n,n,e,b,s,s,w,w,p,w,o,p,k,v,d
e,f,y,g,t,n,f,c,b,u,t,b,s,s,w,g,p,w,o,p,n,y,d
e,f,y,n,t,n,f,c,b,u,t,b,s,s,g,w,p,w,o,p,n,y,d
p,x,f,g,f,c,f,w,n,g,e,b,s,s,w,w,p,w,o,p,n,s,d
e,f,f,e,t,n,f,c,b,p,t,b,s,s,w,g,p,w,o,p,k,v,d
p,x,s,w,f,c,f,c,n,n,e,b,s,s,w,w,p,w,o,p,n,s,d
e,f,y,n,t,n,f,c,b,w,t,b,s,s,g,g,p,w,o,p,k,v,d
p,x,f,g,f,f,f,c,b,h,e,b,k,k,n,b,p,w,o,l,h,v,d
p,f,y,g,f,f,f,c,b,g,e,b,k,k,b,b,p,w,o,l,h,y,g
e,f,y,g,t,n,f,c,b,n,t,b,s,s,p,g,p,w,o,p,k,v,d
p,x,f,g,f,f,f,c,b,g,e,b,k,k,n,b,p,w,o,l,h,v,g
e,f,y,g,t,n,f,c,b,p,t,b,s,s,g,w,p,w,o,p,n,v,d
p,x,f,g,f,f,f,c,b,g,e,b,k,k,n,n,p,w,o,l,h,y,g
p,f,f,g,f,f,f,c,b,p,e,b,k,k,n,p,p,w,o,l,h,y,p
e,f,f,e,t,n,f,c,b,n,t,b,s,s,w,w,p,w,o,p,k,v,d
e,f,f,g,t,n,f,c,b,w,t,b,s,s,g,g,p,w,o,p,k,v,d
p,x,f,w,f,c,f,c,n,p,e,b,s,s,w,w,p,w,o,p,n,v,d
e,f,f,g,t,n,f,c,b,n,t,b,s,s,w,w,p,w,o,p,n,y,d
p,x,f,g,f,f,f,c,b,p,e,b,k,k,b,p,p,w,o,l,h,y,p
p,x,y,y,f,f,f,c,b,h,e,b,k,k,n,b,p,w,o,l,h,v,d
p,f,y,g,f,f,f,c,b,p,e,b,k,k,n,p,p,w,o,l,h,y,p
p,x,f,y,f,f,f,c,b,p,e,b,k,k,p,b,p,w,o,l,h,v,g
p,x,f,w,f,c,f,w,n,g,e,b,s,s,w,w,p,w,o,p,n,v,d
p,x,y,y,f,f,f,c,b,h,e,b,k,k,b,n,p,w,o,l,h,y,d
p,x,y,y,f,f,f,c,b,g,e,b,k,k,b,p,p,w,o,l,h,v,d
p,x,f,y,f,f,f,c,b,h,e,b,k,k,n,n,p,w,o,l,h,v,p
p,f,f,y,f,f,f,c,b,h,e,b,k,k,p,n,p,w,o,l,h,v,d
p,f,f,y,f,f,f,c,b,g,e,b,k,k,n,n,p,w,o,l,h,y,d
e,f,y,g,t,n,f,c,b,n,t,b,s,s,w,g,p,w,o,p,k,y,d
p,x,y,g,f,f,f,c,b,g,e,b,k,k,b,n,p,w,o,l,h,y,g
p,f,f,y,f,f,f,c,b,p,e,b,k,k,n,b,p,w,o,l,h,y,p
p,f,f,y,f,f,f,c,b,g,e,b,k,k,p,b,p,w,o,l,h,y,g
e,x,f,g,t,n,f,c,b,w,t,b,s,s,w,w,p,w,o,p,k,y,d
e,f,y,n,t,n,f,c,b,n,t,b,s,s,w,g,p,w,o,p,n,v,d
e,f,y,e,t,n,f,c,b,n,t,b,s,s,w,p,p,w,o,p,n,v,d
p,x,y,y,f,f,f,c,b,h,e,b,k,k,n,p,p,w,o,l,h,v,g
p,f,y,g,f,f,f,c,b,g,e,b,k,k,b,b,p,w,o,l,h,v,g
p,f,y,g,f,f,f,c,b,h,e,b,k,k,n,b,p,w,o,l,h,v,d
e,f,y,e,t,n,f,c,b,w,t,b,s,s,p,w,p,w,o,p,k,y,d
p,f,y,g,f,f,f,c,b,p,e,b,k,k,n,b,p,w,o,l,h,v,g
e,f,f,e,t,n,f,c,b,n,t,b,s,s,g,w,p,w,o,p,k,v,d
e,f,f,g,t,n,f,c,b,p,t,b,s,s,g,w,p,w,o,p,k,v,d
e,f,f,g,t,n,f,c,b,w,t,b,s,s,g,p,p,w,o,p,n,v,d
p,x,f,g,f,f,f,c,b,p,e,b,k,k,b,b,p,w,o,l,h,y,d
p,x,y,y,f,f,f,c,b,p,e,b,k,k,b,b,p,w,o,l,h,y,g
p,f,f,y,f,f,f,c,b,h,e,b,k,k,b,n,p,w,o,l,h,y,g
e,f,y,e,t,n,f,c,b,p,t,b,s,s,g,p,p,w,o,p,n,v,d
p,x,f,y,f,f,f,c,b,h,e,b,k,k,p,n,p,w,o,l,h,y,d
p,f,y,g,f,f,f,c,b,h,e,b,k,k,p,b,p,w,o,l,h,y,p
p,f,f,y,f,f,f,c,b,g,e,b,k,k,p,p,p,w,o,l,h,v,g
p,f,y,y,f,f,f,c,b,g,e,b,k,k,p,b,p,w,o,l,h,v,d
p,x,y,g,f,f,f,c,b,p,e,b,k,k,n,n,p,w,o,l,h,y,p
p,f,f,y,f,f,f,c,b,h,e,b,k,k,b,b,p,w,o,l,h,v,p
p,x,s,p,f,c,f,c,n,g,e,b,s,s,w,w,p,w,o,p,n,s,d
p,x,y,y,f,f,f,c,b,p,e,b,k,k,n,n,p,w,o,l,h,v,g
e,f,f,e,t,n,f,c,b,u,t,b,s,s,g,g,p,w,o,p,k,v,d
e,f,y,e,t,n,f,c,b,n,t,b,s,s,g,p,p,w,o,p,k,y,d
p,x,f,p,f,c,f,c,n,n,e,b,s,s,w,w,p,w,o,p,n,v,d
p,x,f,y,f,f,f,c,b,h,e,b,k,k,b,b,p,w,o,l,h,v,g
p,f,y,g,f,f,f,c,b,p,e,b,k,k,b,p,p,w,o,l,h,v,g
e,x,y,g,t,n,f,c,b,p,t,b,s,s,w,p,p,w,o,p,k,y,d
e,f,f,e,t,n,f,c,b,p,t,b,s,s,w,g,p,w,o,p,n,y,d
p,f,y,g,f,f,f,c,b,p,e,b,k,k,b,b,p,w,o,l,h,v,d
e,f,y,g,t,n,f,c,b,u,t,b,s,s,w,g,p,w,o,p,n,v,d
p,x,f,y,f,f,f,c,b,g,e,b,k,k,n,p,p,w,o,l,h,v,d
p,f,y,g,f,f,f,c,b,g,e,b,k,k,n,n,p,w,o,l,h,y,g
e,f,f,e,t,n,f,c,b,p,t,b,s,s,g,g,p,w,o,p,n,v,d
p,x,y,y,f,f,f,c,b,h,e,b,k,k,n,n,p,w,o,l,h,v,g
p,f,f,y,f,f,f,c,b,g,e,b,k,k,n,b,p,w,o,l,h,y,g
p,x,y,y,f,f,f,c,b,p,e,b,k,k,p,p,p,w,o,l,h,v,g
p,f,f,g,f,f,f,c,b,g,e,b,k,k,p,b,p,w,o,l,h,y,g
p,x,s,p,f,c,f,w,n,n,e,b,s,s,w,w,p,w,o,p,n,s,d
p,x,f,g,f,c,f,c,n,g,e,b,s,s,w,w,p,w,o,p,k,s,d
p,x,y,g,f,f,f,c,b,g,e,b,k,k,b,p,p,w,o,l,h,v,p
p,x,y,y,f,f,f,c,b,h,e,b,k,k,b,p,p,w,o,l,h,y,p
p,f,f,g,f,f,f,c,b,h,e,b,k,k,p,n,p,w,o,l,h,v,d
e,f,y,g,t,n,f,c,b,u,t,b,s,s,w,w,p,w,o,p,n,v,d
p,x,s,g,t,f,f,c,b,w,t,b,f,s,w,w,p,w,o,p,h,v,u
p,x,y,y,f,f,f,c,b,g,e,b,k,k,p,b,p,w,o,l,h,y,d
e,f,f,g,t,n,f,c,b,w,t,b,s,s,p,p,p,w,o,p,k,v,d
p,f,f,y,f,f,f,c,b,g,e,b,k,k,p,b,p,w,o,l,h,y,d
p,x,y,g,f,f,f,c,b,h,e,b,k,k,b,b,p,w,o,l,h,y,p
p,f,f,y,f,f,f,c,b,g,e,b,k,k,b,b,p,w,o,l,h,v,p
p,x,y,g,f,f,f,c,b,h,e,b,k,k,b,n,p,w,o,l,h,y,g
p,f,y,g,f,f,f,c,b,h,e,b,k,k,b,p,p,w,o,l,h,y,g
p,f,y,y,f,f,f,c,b,h,e,b,k,k,n,b,p,w,o,l,h,y,p
p,x,f,y,f,f,f,c,b,p,e,b,k,k,p,n,p,w,o,l,h,y,p
p,x,s,w,f,c,f,c,n,g,e,b,s,s,w,w,p,w,o,p,k,v,d
p,x,y,g,f,f,f,c,b,g,e,b,k,k,b,n,p,w,o,l,h,v,p
p,x,f,g,f,f,f,c,b,p,e,b,k,k,b,b,p,w,o,l,h,y,p
e,f,y,n,t,n,f,c,b,u,t,b,s,s,p,p,p,w,o,p,n,v,d
e,f,f,g,t,n,f,c,b,w,t,b,s,s,p,w,p,w,o,p,k,v,d
p,x,f,y,f,f,f,c,b,g,e,b,k,k,n,b,p,w,o,l,h,y,p
p,x,s,p,f,c,f,c,n,u,e,b,s,s,w,w,p,w,o,p,n,s,d
p,f,f,g,f,f,f,c,b,p,e,b,k,k,n,n,p,w,o,l,h,v,g
p,x,f,g,f,f,f,c,b,h,e,b,k,k,b,b,p,w,o,l,h,v,g
p,x,s,w,f,c,f,c,n,u,e,b,s,s,w,w,p,w,o,p,k,v,d
e,f,f,e,t,n,f,c,b,w,t,b,s,s,w,p,p,w,o,p,n,v,d
p,f,y,g,f,f,f,c,b,p,e,b,k,k,b,n,p,w,o,l,h,v,g
p,x,f,p,f,c,f,w,n,p,e,b,s,s,w,w,p,w,o,p,k,v,d
p,f,s,w,t,f,f,c,b,p,t,b,f,s,w,w,p,w,o,p,h,v,g
p,x,y,y,f,f,f,c,b,p,e,b,k,k,n,n,p,w,o,l,h,v,p
e,x,y,b,t,n,f,c,b,e,e,?,s,s,e,w,p,w,t,e,w,c,w
p,f,f,g,f,f,f,c,b,g,e,b,k,k,n,p,p,w,o,l,h,y,g
p,x,f,g,f,f,f,c,b,p,e,b,k,k,p,n,p,w,o,l,h,y,g
p,x,f,y,f,f,f,c,b,h,e,b,k,k,n,b,p,w,o,l,h,y,g
p,f,f,y,f,f,f,c,b,h,e,b,k,k,p,p,p,w,o,l,h,y,g
e,f,f,g,t,n,f,c,b,u,t,b,s,s,p,g,p,w,o,p,n,y,d
p,x,f,y,f,f,f,c,b,h,e,b,k,k,p,p,p,w,o,l,h,v,d
p,x,y,g,f,f,f,c,b,h,e,b,k,k,p,p,p,w,o,l,h,v,d
p,f,f,g,f,f,f,c,b,p,e,b,k,k,n,n,p,w,o,l,h,y,g
p,x,f,g,f,c,f,w,n,u,e,b,s,s,w,w,p,w,o,p,n,s,d
p,x,f,g,f,c,f,c,n,u,e,b,s,s,w,w,p,w,o,p,n,v,d
p,x,y,g,f,f,f,c,b,p,e,b,k,k,p,n,p,w,o,l,h,v,g
p,x,s,g,t,f,f,c,b,h,t,b,s,s,w,w,p,w,o,p,h,s,g
p,x,y,g,f,f,f,c,b,h,e,b,k,k,p,b,p,w,o,l,h,v,g
e,f,y,g,t,n,f,c,b,n,t,b,s,s,p,g,p,w,o,p,k,y,d
p,f,f,y,f,f,f,c,b,p,e,b,k,k,b,b,p,w,o,l,h,v,d
e,f,f,e,t,n,f,c,b,p,t,b,s,s,p,p,p,w,o,p,k,v,d
p,f,y,g,f,f,f,c,b,p,e,b,k,k,p,b,p,w,o,l,h,y,p
e,f,y,n,t,n,f,c,b,n,t,b,s,s,g,w,p,w,o,p,k,v,d
e,f,f,e,t,n,f,c,b,w,t,b,s,s,g,p,p,w,o,p,k,y,d
p,x,y,g,f,f,f,c,b,g,e,b,k,k,n,p,p,w,o,l,h,y,p
p,x,y,g,f,f,f,c,b,h,e,b,k,k,b,p,p,w,o,l,h,y,d
e,f,f,e,t,n,f,c,b,w,t,b,s,s,g,g,p,w,o,p,n,v,d
p,f,f,g,f,f,f,c,b,p,e,b,k,k,b,b,p,w,o,l,h,v,p
e,f,f,g,t,n,f,c,b,w,t,b,s,s,p,p,p,w,o,p,k,y,d
e,f,y,e,t,n,f,c,b,w,t,b,s,s,w,g,p,w,o,p,k,y,d
e,f,y,e,t,n,f,c,b,w,t,b,s,s,g,g,p,w,o,p,n,v,d
p,f,f,g,f,f,f,c,b,g,e,b,k,k,n,n,p,w,o,l,h,y,p
e,x,f,e,t,n,f,c,b,u,t,b,s,s,g,p,p,w,o,p,k,v,d
p,f,y,g,f,f,f,c,b,p,e,b,k,k,p,b,p,w,o,l,h,v,d
p,x,y,y,f,f,f,c,b,p,e,b,k,k,p,n,p,w,o,l,h,v,p
p,f,y,y,f,f,f,c,b,p,e,b,k,k,b,b,p,w,o,l,h,v,d
p,x,f,y,f,f,f,c,b,g,e,b,k,k,n,p,p,w,o,l,h,v,p
p,x,y,y,f,f,f,c,b,p,e,b,k,k,n,n,p,w,o,l,h,v,d
e,x,f,g,t,n,f,c,b,u,t,b,s,s,g,g,p,w,o,p,n,v,d
e,x,y,g,t,n,f,c,b,u,t,b,s,s,g,w,p,w,o,p,n,v,d
p,f,y,g,f,f,f,c,b,g,e,b,k,k,b,p,p,w,o,l,h,v,g
p,f,f,y,f,f,f,c,b,h,e,b,k,k,p,p,p,w,o,l,h,y,d
p,x,y,g,f,f,f,c,b,p,e,b,k,k,p,b,p,w,o,l,h,y,p
p,x,y,e,f,y,f,c,n,b,t,?,k,s,w,w,p,w,o,e,w,v,p
p,x,y,g,f,f,f,c,b,h,e,b,k,k,n,n,p,w,o,l,h,y,p
p,x,y,g,f,f,f,c,b,g,e,b,k,k,p,p,p,w,o,l,h,v,g
p,x,s,g,f,c,f,w,n,u,e,b,s,s,w,w,p,w,o,p,n,v,d
p,f,f,g,f,f,f,c,b,p,e,b,k,k,p,b,p,w,o,l,h,v,g
p,f,s,b,t,f,f,c,b,p,t,b,s,f,w,w,p,w,o,p,h,s,g
p,x,y,g,f,f,f,c,b,p,e,b,k,k,n,p,p,w,o,l,h,v,d
p,x,y,y,f,f,f,c,b,p,e,b,k,k,p,p,p,w,o,l,h,y,d
p,x,s,w,f,c,f,w,n,u,e,b,s,s,w,w,p,w,o,p,k,s,d
p,x,y,y,f,f,f,c,b,h,e,b,k,k,p,n,p,w,o,l,h,v,d
e,f,f,e,t,n,f,c,b,w,t,b,s,s,w,p,p,w,o,p,k,v,d
p,x,y,g,f,f,f,c,b,h,e,b,k,k,p,p,p,w,o,l,h,y,g
p,x,f,y,f,f,f,c,b,p,e,b,k,k,n,p,p,w,o,l,h,v,d
p,x,f,y,f,f,f,c,b,p,e,b,k,k,p,b,p,w,o,l,h,v,p
p,f,f,g,f,f,f,c,b,p,e,b,k,k,p,n,p,w,o,l,h,v,g
p,x,f,y,f,f,f,c,b,h,e,b,k,k,n,b,p,w,o,l,h,y,d
e,f,f,g,t,n,f,c,b,u,t,b,s,s,g,w,p,w,o,p,k,v,d
p,x,f,g,f,f,f,c,b,p,e,b,k,k,p,p,p,w,o,l,h,y,d
e,f,y,n,t,n,f,c,b,u,t,b,s,s,w,p,p,w,o,p,n,y,d
p,f,y,g,f,f,f,c,b,h,e,b,k,k,b,p,p,w,o,l,h,v,d
p,f,f,g,f,f,f,c,b,p,e,b,k,k,p,p,p,w,o,l,h,y,p
p,f,f,g,f,f,f,c,b,g,e,b,k,k,b,b,p,w,o,l,h,v,d
p,x,s,w,f,c,f,w,n,u,e,b,s,s,w,w,p,w,o,p,k,v,d
p,x,y,g,f,f,f,c,b,h,e,b,k,k,n,n,p,w,o,l,h,y,d
e,f,y,n,t,n,f,c,b,p,t,b,s,s,g,w,p,w,o,p,k,v,d
p,x,f,w,f,c,f,c,n,u,e,b,s,s,w,w,p,w,o,p,k,s,d
p,x,f,y,f,f,f,c,b,p,e,b,k,k,p,b,p,w,o,l,h,v,d
p,x,f,y,f,f,f,c,b,p,e,b,k,k,b,n,p,w,o,l,h,y,d
p,x,f,p,f,c,f,w,n,u,e,b,s,s,w,w,p,w,o,p,n,v,d
p,f,f,y,f,f,f,c,b,p,e,b,k,k,p,p,p,w,o,l,h,y,d
p,f,f,g,f,f,f,c,b,h,e,b,k,k,p,n,p,w,o,l,h,v,p
e,f,y,e,t,n,f,c,b,p,t,b,s,s,g,g,p,w,o,p,k,v,d
p,x,y,y,f,f,f,c,b,g,e,b,k,k,p,b,p,w,o,l,h,v,p
p,f,f,y,f,f,f,c,b,g,e,b,k,k,b,p,p,w,o,l,h,v,p
p,x,f,g,f,c,f,c,n,g,e,b,s,s,w,w,p,w,o,p,n,s,d
p,x,s,p,f,c,f,w,n,u,e,b,s,s,w,w,p,w,o,p,k,v,d
e,x,f,e,t,n,f,c,b,n,t,b,s,s,w,p,p,w,o,p,n,v,d
p,x,y,y,f,f,f,c,b,h,e,b,k,k,b,b,p,w,o,l,h,v,g
e,f,f,n,t,n,f,c,b,n,t,b,s,s,w,w,p,w,o,p,n,y,d
e,f,y,e,t,n,f,c,b,p,t,b,s,s,w,w,p,w,o,p,k,y,d
p,f,y,y,f,f,f,c,b,p,e,b,k,k,b,p,p,w,o,l,h,y,d
p,x,f,y,f,f,f,c,b,p,e,b,k,k,b,n,p,w,o,l,h,y,g
p,x,y,g,f,f,f,c,b,g,e,b,k,k,n,p,p,w,o,l,h,v,d
p,f,f,g,f,f,f,c,b,g,e,b,k,k,n,b,p,w,o,l,h,y,d
p,f,f,y,f,f,f,c,b,g,e,b,k,k,p,n,p,w,o,l,h,y,p
e,f,y,g,t,n,f,c,b,w,t,b,s,s,p,p,p,w,o,p,n,y,d
p,x,y,g,f,f,f,c,b,p,e,b,k,k,b,p,p,w,o,l,h,v,p
p,x,y,y,f,f,f,c,b,h,e,b,k,k,n,n,p,w,o,l,h,v,p
p,f,f,g,f,f,f,c,b,p,e,b,k,k,b,n,p,w,o,l,h,v,p
p,f,f,y,f,f,f,c,b,p,e,b,k,k,b,n,p,w,o,l,h,y,p
e,f,f,e,t,n,f,c,b,u,t,b,s,s,w,g,p,w,o,p,n,v,d
e,f,y,n,t,n,f,c,b,p,t,b,s,s,g,g,p,w,o,p,n,v,d
p,x,f,y,f,f,f,c,b,h,e,b,k,k,p,n,p,w,o,l,h,y,g
e,f,y,u,f,n,f,c,n,h,e,?,s,f,w,w,p,w,o,f,h,y,d
e,f,y,n,t,n,f,c,b,u,t,b,s,s,p,w,p,w,o,p,n,y,d
p,f,y,y,f,f,f,c,b,p,e,b,k,k,p,p,p,w,o,l,h,v,g
p,f,f,y,f,f,f,c,b,g,e,b,k,k,b,b,p,w,o,l,h,v,g
p,x,y,g,f,f,f,c,b,g,e,b,k,k,n,p,p,w,o,l,h,y,d
p,x,y,g,f,f,f,c,b,p,e,b,k,k,n,p,p,w,o,l,h,y,p
p,f,f,y,f,f,f,c,b,g,e,b,k,k,p,b,p,w,o,l,h,v,p
p,x,y,y,f,f,f,c,b,g,e,b,k,k,b,b,p,w,o,l,h,y,d
p,x,f,y,f,f,f,c,b,h,e,b,k,k,b,b,p,w,o,l,h,v,p
p,x,y,g,f,f,f,c,b,p,e,b,k,k,b,n,p,w,o,l,h,v,p
p,x,f,y,f,f,f,c,b,h,e,b,k,k,n,b,p,w,o,l,h,y,p
e,x,f,g,t,n,f,c,b,u,t,b,s,s,p,g,p,w,o,p,n,v,d
p,f,y,g,f,f,f,c,b,h,e,b,k,k,n,p,p,w,o,l,h,y,d
e,f,y,e,t,n,f,c,b,p,t,b,s,s,g,g,p,w,o,p,n,v,d
p,x,f,g,f,f,f,c,b,p,e,b,k,k,b,n,p,w,o,l,h,v,d
p,f,f,y,f,f,f,c,b,h,e,b,k,k,b,b,p,w,o,l,h,v,d
e,f,y,n,t,n,f,c,b,n,t,b,s,s,w,w,p,w,o,p,n,y,d
e,f,f,g,t,n,f,c,b,w,t,b,s,s,p,g,p,w,o,p,k,y,d
p,f,y,g,f,f,f,c,b,p,e,b,k,k,n,p,p,w,o,l,h,v,g
e,x,f,e,t,n,f,c,b,w,t,b,s,s,p,p,p,w,o,p,k,v,d
e,f,f,e,t,n,f,c,b,p,t,b,s,s,p,w,p,w,o,p,n,y,d
p,f,y,y,f,f,f,c,b,h,e,b,k,k,b,b,p,w,o,l,h,v,p
p,x,f,w,f,c,f,c,n,u,e,b,s,s,w,w,p,w,o,p,k,v,d
p,x,y,g,f,f,f,c,b,p,e,b,k,k,b,n,p,w,o,l,h,y,d
p,x,y,e,f,y,f,c,n,b,t,?,k,s,p,p,p,w,o,e,w,v,d
p,x,f,y,f,f,f,c,b,p,e,b,k,k,b,p,p,w,o,l,h,v,p
p,f,y,g,f,f,f,c,b,p,e,b,k,k,b,p,p,w,o,l,h,y,d
e,f,y,g,t,n,f,c,b,u,t,b,s,s,w,p,p,w,o,p,n,y,d
p,x,y,n,f,f,f,c,n,b,t,?,s,s,p,p,p,w,o,e,w,v,l
e,f,y,e,t,n,f,c,b,n,t,b,s,s,g,g,p,w,o,p,n,v,d
p,b,s,b,t,n,f,c,b,g,e,b,s,s,w,w,p,w,t,p,r,v,m
e,f,f,g,t,n,f,c,b,w,t,b,s,s,g,g,p,w,o,p,k,y,d
p,f,f,g,f,f,f,c,b,p,e,b,k,k,b,n,p,w,o,l,h,v,g
e,f,y,g,t,n,f,c,b,w,t,b,s,s,w,g,p,w,o,p,k,y,d
p,f,f,y,f,f,f,c,b,p,e,b,k,k,p,n,p,w,o,l,h,y,p
p,f,f,y,f,f,f,c,b,g,e,b,k,k,n,n,p,w,o,l,h,y,g
p,f,f,g,f,f,f,c,b,g,e,b,k,k,n,p,p,w,o,l,h,v,g
e,f,f,e,t,n,f,c,b,u,t,b,s,s,p,w,p,w,o,p,n,v,d
p,x,f,g,f,f,f,c,b,p,e,b,k,k,n,p,p,w,o,l,h,y,p
p,f,f,y,f,f,f,c,b,g,e,b,k,k,p,b,p,w,o,l,h,v,g
p,x,f,y,f,f,f,c,b,g,e,b,k,k,n,n,p,w,o,l,h,v,d
p,x,f,y,f,f,f,c,b,g,e,b,k,k,b,b,p,w,o,l,h,y,p
p,f,f,y,f,f,f,c,b,p,e,b,k,k,p,n,p,w,o,l,h,v,g
p,f,f,y,f,f,f,c,b,h,e,b,k,k,n,b,p,w,o,l,h,v,g
p,x,y,g,f,f,f,c,b,p,e,b,k,k,n,b,p,w,o,l,h,v,p
e,f,y,e,t,n,f,c,b,u,t,b,s,s,g,g,p,w,o,p,k,v,d
p,f,f,g,f,f,f,c,b,g,e,b,k,k,n,p,p,w,o,l,h,v,d
p,f,f,y,f,f,f,c,b,h,e,b,k,k,n,p,p,w,o,l,h,v,g
e,f,f,n,t,n,f,c,b,u,t,b,s,s,w,p,p,w,o,p,k,v,d
p,x,y,y,f,f,f,c,b,g,e,b,k,k,p,p,p,w,o,l,h,v,p
p,x,y,y,f,f,f,c,b,h,e,b,k,k,b,p,p,w,o,l,h,v,p
e,f,y,n,t,n,f,c,b,p,t,b,s,s,p,p,p,w,o,p,k,y,d
p,f,y,g,f,f,f,c,b,p,e,b,k,k,b,p,p,w,o,l,h,y,p
e,f,f,e,t,n,f,c,b,p,t,b,s,s,g,g,p,w,o,p,k,y,d
p,x,y,y,f,f,f,c,b,g,e,b,k,k,b,b,p,w,o,l,h,v,g
p,f,y,g,f,f,f,c,b,h,e,b,k,k,b,b,p,w,o,l,h,v,d
p,x,y,y,f,f,f,c,b,p,e,b,k,k,b,b,p,w,o,l,h,v,d
p,x,s,g,f,c,f,c,n,g,e,b,s,s,w,w,p,w,o,p,k,s,d
e,f,f,g,t,n,f,c,b,w,t,b,s,s,g,p,p,w,o,p,k,v,d
p,f,y,g,f,f,f,c,b,g,e,b,k,k,p,p,p,w,o,l,h,y,g
p,x,f,g,f,f,f,c,b,h,e,b,k,k,b,b,p,w,o,l,h,y,d
p,f,y,g,f,f,f,c,b,h,e,b,k,k,b,n,p,w,o,l,h,v,p
e,f,y,n,t,n,f,c,b,w,t,b,s,s,p,w,p,w,o,p,k,v,d
p,x,y,y,f,f,f,c,b,p,e,b,k,k,b,n,p,w,o,l,h,y,d
p,f,f,g,f,f,f,c,b,g,e,b,k,k,p,b,p,w,o,l,h,y,d
e,f,y,e,t,n,f,c,b,w,t,b,s,s,w,g,p,w,o,p,n,v,d
e,f,y,e,t,n,f,c,b,w,t,b,s,s,p,g,p,w,o,p,k,v,d
p,f,s,g,t,f,f,c,b,p,t,b,f,f,w,w,p,w,o,p,h,v,u
p,x,f,g,f,f,f,c,b,g,e,b,k,k,p,n,p,w,o,l,h,y,p
p,f,y,g,f,f,f,c,b,g,e,b,k,k,n,b,p,w,o,l,h,v,p
p,x,y,g,f,f,f,c,b,g,e,b,k,k,p,b,p,w,o,l,h,v,p
p,x,f,y,f,f,f,c,b,h,e,b,k,k,b,n,p,w,o,l,h,v,d
p,f,y,g,f,f,f,c,b,p,e,b,k,k,b,n,p,w,o,l,h,v,d
p,f,y,g,f,f,f,c,b,p,e,b,k,k,n,p,p,w,o,l,h,v,p
e,f,y,e,t,n,f,c,b,w,t,b,s,s,w,w,p,w,o,p,n,y,d
p,x,y,g,f,f,f,c,b,h,e,b,k,k,b,n,p,w,o,l,h,v,g
p,f,y,g,f,f,f,c,b,p,e,b,k,k,p,p,p,w,o,l,h,v,g
p,x,y,g,f,f,f,c,b,p,e,b,k,k,b,b,p,w,o,l,h,y,p
e,f,f,e,t,n,f,c,b,p,t,b,s,s,w,p,p,w,o,p,n,v,d
e,f,y,e,t,n,f,c,b,p,t,b,s,s,p,w,p,w,o,p,n,v,d
e,f,y,e,t,n,f,c,b,n,t,b,s,s,p,p,p,w,o,p,n,y,d
p,f,f,y,f,f,f,c,b,h,e,b,k,k,b,n,p,w,o,l,h,v,g
p,f,f,g,f,f,f,c,b,h,e,b,k,k,b,p,p,w,o,l,h,y,p
e,f,y,n,t,n,f,c,b,u,t,b,s,s,g,p,p,w,o,p,k,y,d
p,x,y,g,f,f,f,c,b,g,e,b,k,k,p,b,p,w,o,l,h,y,g
e,f,f,g,t,n,f,c,b,u,t,b,s,s,g,w,p,w,o,p,n,v,d
p,x,f,y,f,f,f,c,b,p,e,b,k,k,n,p,p,w,o,l,h,v,p
p,x,y,y,f,f,f,c,b,p,e,b,k,k,p,n,p,w,o,l,h,v,d
p,x,y,y,f,f,f,c,b,p,e,b,k,k,n,p,p,w,o,l,h,v,d
e,f,f,c,f,n,f,w,n,w,e,b,f,f,w,n,p,w,o,e,w,v,l
p,x,f,g,f,f,f,c,b,h,e,b,k,k,n,n,p,w,o,l,h,v,d
p,f,f,g,f,f,f,c,b,p,e,b,k,k,n,p,p,w,o,l,h,y,g
p,x,y,g,f,f,f,c,b,h,e,b,k,k,p,n,p,w,o,l,h,v,g
p,f,y,g,f,f,f,c,b,p,e,b,k,k,p,b,p,w,o,l,h,y,g
p,x,s,b,t,f,f,c,b,w,t,b,f,s,w,w,p,w,o,p,h,s,u
p,f,f,g,f,f,f,c,b,h,e,b,k,k,n,n,p,w,o,l,h,v,d
p,x,y,g,f,f,f,c,b,p,e,b,k,k,n,p,p,w,o,l,h,v,g
p,f,f,y,f,f,f,c,b,g,e,b,k,k,b,b,p,w,o,l,h,y,p
p,f,f,g,f,f,f,c,b,h,e,b,k,k,n,p,p,w,o,l,h,v,p
p,f,f,g,f,f,f,c,b,g,e,b,k,k,p,p,p,w,o,l,h,y,d
e,f,f,g,t,n,f,c,b,w,t,b,s,s,p,w,p,w,o,p,k,y,d
p,x,f,y,f,f,f,c,b,p,e,b,k,k,b,b,p,w,o,l,h,y,p
p,x,f,y,f,f,f,c,b,h,e,b,k,k,b,b,p,w,o,l,h,y,p
e,f,y,e,t,n,f,c,b,u,t,b,s,s,p,p,p,w,o,p,k,y,d
p,f,y,g,f,f,f,c,b,h,e,b,k,k,b,p,p,w,o,l,h,v,p
p,f,f,g,f,f,f,c,b,h,e,b,k,k,b,b,p,w,o,l,h,y,d
p,x,y,y,f,f,f,c,b,g,e,b,k,k,p,n,p,w,o,l,h,y,d
e,f,f,g,t,n,f,c,b,w,t,b,s,s,w,w,p,w,o,p,k,y,d
p,x,f,g,f,f,f,c,b,g,e,b,k,k,n,p,p,w,o,l,h,v,g
p,x,f,g,f,f,f,c,b,g,e,b,k,k,p,p,p,w,o,l,h,y,p
e,f,y,n,t,n,f,c,b,p,t,b,s,s,p,w,p,w,o,p,n,y,d
e,f,f,g,t,n,f,c,b,u,t,b,s,s,p,g,p,w,o,p,n,v,d
p,x,y,g,f,f,f,c,b,h,e,b,k,k,n,n,p,w,o,l,h,v,d
p,f,y,y,f,f,f,c,b,h,e,b,k,k,p,p,p,w,o,l,h,v,p
p,f,f,y,f,f,f,c,b,h,e,b,k,k,n,b,p,w,o,l,h,v,d
p,f,f,g,f,f,f,c,b,g,e,b,k,k,n,p,p,w,o,l,h,v,p
p,f,f,g,f,f,f,c,b,h,e,b,k,k,b,b,p,w,o,l,h,y,p
p,f,y,g,f,f,f,c,b,p,e,b,k,k,p,n,p,w,o,l,h,y,g
p,f,s,b,t,f,f,c,b,w,t,b,f,f,w,w,p,w,o,p,h,s,u
e,f,f,e,t,n,f,c,b,u,t,b,s,s,p,p,p,w,o,p,n,y,d
p,x,y,n,f,y,f,c,n,b,t,?,k,k,p,p,p,w,o,e,w,v,d
e,x,y,g,t,n,f,c,b,n,t,b,s,s,g,w,p,w,o,p,n,v,d
p,x,f,g,f,c,f,w,n,n,e,b,s,s,w,w,p,w,o,p,k,v,d
p,x,f,p,f,c,f,w,n,n,e,b,s,s,w,w,p,w,o,p,n,v,d
p,x,y,n,f,y,f,c,n,b,t,?,s,k,p,w,p,w,o,e,w,v,l
p,f,f,g,f,f,f,c,b,g,e,b,k,k,n,p,p,w,o,l,h,y,p
p,x,f,y,f,f,f,c,b,g,e,b,k,k,b,b,p,w,o,l,h,v,g
p,x,s,g,t,f,f,c,b,w,t,b,s,f,w,w,p,w,o,p,h,s,u
p,f,y,g,f,f,f,c,b,h,e,b,k,k,b,p,p,w,o,l,h,y,p
p,x,f,y,f,f,f,c,b,p,e,b,k,k,b,b,p,w,o,l,h,y,d
p,f,y,g,f,f,f,c,b,g,e,b,k,k,n,p,p,w,o,l,h,y,p
p,f,f,g,f,f,f,c,b,h,e,b,k,k,n,b,p,w,o,l,h,y,d
p,f,y,g,f,f,f,c,b,h,e,b,k,k,b,b,p,w,o,l,h,y,d
p,x,y,g,f,f,f,c,b,g,e,b,k,k,n,p,p,w,o,l,h,y,g
p,f,f,g,f,f,f,c,b,h,e,b,k,k,p,p,p,w,o,l,h,y,g
p,x,f,y,f,f,f,c,b,p,e,b,k,k,b,b,p,w,o,l,h,y,g
p,f,f,y,f,f,f,c,b,p,e,b,k,k,n,n,p,w,o,l,h,v,g
p,x,f,y,f,f,f,c,b,h,e,b,k,k,n,b,p,w,o,l,h,v,g
p,x,f,y,f,f,f,c,b,g,e,b,k,k,b,p,p,w,o,l,h,y,g
p,x,y,y,f,f,f,c,b,p,e,b,k,k,n,p,p,w,o,l,h,v,g
p,f,s,g,t,f,f,c,b,h,t,b,s,s,w,w,p,w,o,p,h,v,u
p,x,f,y,f,f,f,c,b,h,e,b,k,k,n,n,p,w,o,l,h,y,g
p,f,f,y,f,f,f,c,b,p,e,b,k,k,p,b,p,w,o,l,h,y,g
p,f,y,g,f,f,f,c,b,p,e,b,k,k,n,p,p,w,o,l,h,y,d
p,f,f,y,f,f,f,c,b,p,e,b,k,k,p,n,p,w,o,l,h,y,d
p,f,f,y,f,f,f,c,b,g,e,b,k,k,b,p,p,w,o,l,h,v,d
p,x,y,g,f,f,f,c,b,h,e,b,k,k,b,n,p,w,o,l,h,v,p
p,x,y,g,f,f,f,c,b,p,e,b,k,k,n,b,p,w,o,l,h,y,p
e,f,y,e,t,n,f,c,b,p,t,b,s,s,w,w,p,w,o,p,n,v,d
p,f,f,y,f,f,f,c,b,h,e,b,k,k,n,p,p,w,o,l,h,v,d
p,f,f,g,f,f,f,c,b,h,e,b,k,k,b,p,p,w,o,l,h,y,d
p,f,y,g,f,f,f,c,b,h,e,b,k,k,n,p,p,w,o,l,h,v,p
p,x,f,y,f,f,f,c,b,g,e,b,k,k,b,p,p,w,o,l,h,v,g
p,x,f,y,f,f,f,c,b,g,e,b,k,k,p,p,p,w,o,l,h,v,p
p,x,f,g,f,f,f,c,b,h,e,b,k,k,n,b,p,w,o,l,h,y,d
p,x,y,y,f,f,f,c,b,p,e,b,k,k,p,p,p,w,o,l,h,y,p
p,f,s,w,t,f,f,c,b,p,t,b,f,f,w,w,p,w,o,p,h,s,u
p,f,f,y,f,f,f,c,b,h,e,b,k,k,p,n,p,w,o,l,h,v,g
p,f,f,y,f,f,f,c,b,p,e,b,k,k,b,p,p,w,o,l,h,v,d
p,f,y,g,f,f,f,c,b,h,e,b,k,k,n,n,p,w,o,l,h,y,p
p,f,f,y,f,f,f,c,b,p,e,b,k,k,p,b,p,w,o,l,h,y,d
p,f,f,y,f,f,f,c,b,h,e,b,k,k,b,n,p,w,o,l,h,v,d
p,f,f,g,f,f,f,c,b,g,e,b,k,k,b,b,p,w,o,l,h,v,p
p,x,y,g,f,f,f,c,b,p,e,b,k,k,n,b,p,w,o,l,h,y,g
p,x,f,y,f,f,f,c,b,h,e,b,k,k,b,p,p,w,o,l,h,y,p
p,f,f,g,f,f,f,c,b,g,e,b,k,k,p,b,p,w,o,l,h,v,g
p,x,f,y,f,f,f,c,b,p,e,b,k,k,n,b,p,w,o,l,h,y,d
p,f,y,g,f,f,f,c,b,p,e,b,k,k,n,n,p,w,o,l,h,v,d
p,x,y,y,f,f,f,c,b,g,e,b,k,k,n,b,p,w,o,l,h,v,d
p,x,s,w,t,f,f,c,b,h,t,b,f,s,w,w,p,w,o,p,h,s,g
p,f,f,g,f,f,f,c,b,p,e,b,k,k,n,b,p,w,o,l,h,y,g
p,x,s,b,t,f,f,c,b,p,t,b,f,s,w,w,p,w,o,p,h,s,g
p,f,y,g,f,f,f,c,b,h,e,b,k,k,p,b,p,w,o,l,h,v,d
p,x,y,g,f,f,f,c,b,p,e,b,k,k,n,n,p,w,o,l,h,v,d
p,x,f,y,f,f,f,c,b,g,e,b,k,k,n,b,p,w,o,l,h,y,g
p,x,f,y,f,f,f,c,b,p,e,b,k,k,n,n,p,w,o,l,h,y,g
p,x,y,y,f,f,f,c,b,g,e,b,k,k,p,p,p,w,o,l,h,v,g
e,f,y,g,t,n,f,c,b,u,t,b,s,s,g,g,p,w,o,p,n,y,d
p,f,y,y,f,f,f,c,b,h,e,b,k,k,p,p,p,w,o,l,h,y,p
p,x,y,g,f,f,f,c,b,h,e,b,k,k,p,n,p,w,o,l,h,y,p
p,f,f,y,f,f,f,c,b,h,e,b,k,k,p,b,p,w,o,l,h,v,g
p,f,y,y,f,f,f,c,b,h,e,b,k,k,n,p,p,w,o,l,h,v,p
p,f,f,y,f,f,f,c,b,g,e,b,k,k,n,p,p,w,o,l,h,y,d
p,x,y,g,f,f,f,c,b,h,e,b,k,k,p,p,p,w,o,l,h,v,p
p,f,f,g,f,f,f,c,b,g,e,b,k,k,b,b,p,w,o,l,h,y,g
p,x,y,g,f,f,f,c,b,g,e,b,k,k,p,p,p,w,o,l,h,y,p
p,x,f,p,f,c,f,c,n,p,e,b,s,s,w,w,p,w,o,p,k,s,d
p,x,y,y,f,f,f,c,b,g,e,b,k,k,n,n,p,w,o,l,h,y,d
p,x,f,y,f,f,f,c,b,g,e,b,k,k,n,n,p,w,o,l,h,y,g
p,f,f,y,f,f,f,c,b,h,e,b,k,k,b,p,p,w,o,l,h,y,g
p,x,y,g,f,f,f,c,b,g,e,b,k,k,p,n,p,w,o,l,h,v,g
p,f,f,g,f,f,f,c,b,g,e,b,k,k,p,n,p,w,o,l,h,v,g
p,x,y,g,f,f,f,c,b,h,e,b,k,k,p,n,p,w,o,l,h,v,d
p,x,f,y,f,f,f,c,b,h,e,b,k,k,b,n,p,w,o,l,h,y,g
p,x,f,y,f,f,f,c,b,g,e,b,k,k,b,p,p,w,o,l,h,v,p
p,x,y,g,f,f,f,c,b,h,e,b,k,k,p,b,p,w,o,l,h,y,d
p,x,y,y,f,f,f,c,b,g,e,b,k,k,n,p,p,w,o,l,h,v,d
p,f,y,g,f,f,f,c,b,g,e,b,k,k,b,b,p,w,o,l,h,y,p
p,f,y,g,f,f,f,c,b,p,e,b,k,k,p,n,p,w,o,l,h,v,d
p,x,f,y,f,f,f,c,b,h,e,b,k,k,b,n,p,w,o,l,h,y,p
e,k,y,n,f,n,f,w,n,w,e,b,f,f,w,n,p,w,o,e,w,v,l
p,f,f,g,f,f,f,c,b,p,e,b,k,k,n,n,p,w,o,l,h,y,p
p,x,y,y,f,f,f,c,b,h,e,b,k,k,n,p,p,w,o,l,h,y,g
p,f,f,y,f,f,f,c,b,p,e,b,k,k,p,p,p,w,o,l,h,y,g
p,x,y,g,f,f,f,c,b,h,e,b,k,k,n,b,p,w,o,l,h,v,d
p,x,f,g,f,f,f,c,b,h,e,b,k,k,b,p,p,w,o,l,h,y,p
p,f,f,y,f,f,f,c,b,p,e,b,k,k,p,p,p,w,o,l,h,v,g
e,f,s,p,t,n,f,c,b,e,e,?,s,s,w,w,p,w,t,e,w,c,w
p,f,f,y,f,f,f,c,b,p,e,b,k,k,n,b,p,w,o,l,h,v,p
p,x,f,y,f,f,f,c,b,g,e,b,k,k,b,b,p,w,o,l,h,y,d
p,x,y,g,f,f,f,c,b,p,e,b,k,k,p,b,p,w,o,l,h,y,d
p,f,y,g,f,f,f,c,b,g,e,b,k,k,b,p,p,w,o,l,h,y,p
p,x,f,y,f,f,f,c,b,g,e,b,k,k,b,b,p,w,o,l,h,v,d
p,f,y,g,f,f,f,c,b,h,e,b,k,k,p,n,p,w,o,l,h,y,g
p,f,y,g,f,f,f,c,b,h,e,b,k,k,n,b,p,w,o,l,h,v,g
e,k,s,p,t,n,f,c,b,e,e,?,s,s,w,e,p,w,t,e,w,c,w
p,x,f,y,f,f,f,c,b,p,e,b,k,k,p,n,p,w,o,l,h,v,d
p,f,f,y,f,f,f,c,b,p,e,b,k,k,p,n,p,w,o,l,h,v,p
p,f,f,g,f,f,f,c,b,h,e,b,k,k,b,n,p,w,o,l,h,y,p
p,f,f,g,f,f,f,c,b,p,e,b,k,k,n,b,p,w,o,l,h,v,g
p,x,f,y,f,f,f,c,b,h,e,b,k,k,n,p,p,w,o,l,h,y,p
p,f,f,g,f,f,f,c,b,p,e,b,k,k,n,b,p,w,o,l,h,y,p
p,x,y,g,f,f,f,c,b,g,e,b,k,k,p,p,p,w,o,l,h,y,g
p,f,y,y,f,f,f,c,b,g,e,b,k,k,b,n,p,w,o,l,h,y,g
p,f,f,g,f,f,f,c,b,h,e,b,k,k,n,n,p,w,o,l,h,y,d
p,x,f,y,f,f,f,c,b,g,e,b,k,k,p,p,p,w,o,l,h,v,d
p,f,f,g,f,f,f,c,b,g,e,b,k,k,n,n,p,w,o,l,h,v,g
p,f,f,g,f,f,f,c,b,g,e,b,k,k,p,n,p,w,o,l,h,y,d
p,f,f,y,f,f,f,c,b,h,e,b,k,k,p,b,p,w,o,l,h,y,g
e,f,y,g,t,n,f,c,b,w,t,b,s,s,p,w,p,w,o,p,n,y,d
p,f,y,g,f,f,f,c,b,h,e,b,k,k,p,b,p,w,o,l,h,y,d
p,f,y,g,f,f,f,c,b,g,e,b,k,k,n,p,p,w,o,l,h,v,d
p,f,y,g,f,f,f,c,b,g,e,b,k,k,b,n,p,w,o,l,h,v,g
p,x,y,y,f,f,f,c,b,p,e,b,k,k,p,b,p,w,o,l,h,v,g
p,x,y,g,f,f,f,c,b,p,e,b,k,k,b,n,p,w,o,l,h,y,g
p,x,y,y,f,f,f,c,b,g,e,b,k,k,p,b,p,w,o,l,h,y,p
p,f,f,y,f,f,f,c,b,p,e,b,k,k,b,b,p,w,o,l,h,y,d
p,x,f,y,f,f,f,c,b,g,e,b,k,k,p,n,p,w,o,l,h,v,g
p,x,y,y,f,f,f,c,b,p,e,b,k,k,n,b,p,w,o,l,h,y,p
p,f,f,g,f,f,f,c,b,p,e,b,k,k,b,p,p,w,o,l,h,v,g
p,x,f,y,f,f,f,c,b,h,e,b,k,k,p,b,p,w,o,l,h,v,d
p,f,f,g,f,f,f,c,b,h,e,b,k,k,b,b,p,w,o,l,h,v,g
p,f,y,g,f,f,f,c,b,g,e,b,k,k,b,p,p,w,o,l,h,y,d
p,f,f,g,f,f,f,c,b,h,e,b,k,k,n,n,p,w,o,l,h,y,g
p,f,y,y,f,f,f,c,b,h,e,b,k,k,p,p,p,w,o,l,h,v,g
p,f,f,g,f,f,f,c,b,p,e,b,k,k,p,b,p,w,o,l,h,y,g
p,x,f,y,f,f,f,c,b,g,e,b,k,k,b,p,p,w,o,l,h,y,p
p,f,y,g,f,f,f,c,b,p,e,b,k,k,n,b,p,w,o,l,h,y,g
p,f,y,g,f,f,f,c,b,h,e,b,k,k,b,b,p,w,o,l,h,y,g
p,f,y,g,f,f,f,c,b,p,e,b,k,k,n,b,p,w,o,l,h,v,p
e,x,y,r,f,n,f,c,n,p,e,?,s,f,w,w,p,w,o,f,h,v,d
p,f,y,y,f,f,f,c,b,p,e,b,k,k,n,b,p,w,o,l,h,y,g
p,x,f,y,f,f,f,c,b,g,e,b,k,k,b,p,p,w,o,l,h,y,d
p,x,y,n,f,s,f,c,n,b,t,?,k,s,w,w,p,w,o,e,w,v,p
p,f,y,y,f,f,f,c,b,h,e,b,k,k,b,n,p,w,o,l,h,v,d
p,k,y,n,f,n,f,c,n,w,e,?,k,y,w,n,p,w,o,e,w,v,d
p,f,f,y,f,f,f,c,b,p,e,b,k,k,b,p,p,w,o,l,h,y,d
p,x,y,g,f,f,f,c,b,h,e,b,k,k,b,n,p,w,o,l,h,v,d
p,x,y,g,f,f,f,c,b,h,e,b,k,k,b,p,p,w,o,l,h,y,g
p,f,y,g,f,f,f,c,b,g,e,b,k,k,n,p,p,w,o,l,h,y,g
p,x,f,y,f,f,f,c,b,p,e,b,k,k,p,p,p,w,o,l,h,v,d
p,x,f,g,f,f,f,c,b,g,e,b,k,k,n,p,p,w,o,l,h,v,d
p,x,y,g,f,f,f,c,b,g,e,b,k,k,n,b,p,w,o,l,h,v,d
p,x,y,g,f,f,f,c,b,p,e,b,k,k,n,n,p,w,o,l,h,y,g
p,x,y,g,f,f,f,c,b,g,e,b,k,k,p,n,p,w,o,l,h,y,g
e,f,y,e,t,n,f,c,b,w,t,b,s,s,g,p,p,w,o,p,k,y,d
p,f,f,y,f,f,f,c,b,h,e,b,k,k,n,n,p,w,o,l,h,y,p
p,x,y,y,f,f,f,c,b,h,e,b,k,k,p,p,p,w,o,l,h,v,g
p,f,f,y,f,f,f,c,b,g,e,b,k,k,n,n,p,w,o,l,h,v,g
p,x,f,y,f,f,f,c,b,p,e,b,k,k,b,b,p,w,o,l,h,v,p
p,f,f,g,f,f,f,c,b,h,e,b,k,k,n,b,p,w,o,l,h,y,g
p,f,f,g,f,f,f,c,b,h,e,b,k,k,p,p,p,w,o,l,h,v,g
p,x,y,y,f,f,f,c,b,g,e,b,k,k,p,p,p,w,o,l,h,y,g
p,f,s,b,t,f,f,c,b,w,t,b,s,s,w,w,p,w,o,p,h,s,u
p,x,y,g,f,f,f,c,b,p,e,b,k,k,p,b,p,w,o,l,h,v,g
p,x,y,y,f,f,f,c,b,g,e,b,k,k,n,n,p,w,o,l,h,v,p
p,f,f,g,f,f,f,c,b,g,e,b,k,k,n,n,p,w,o,l,h,v,p
p,f,y,g,f,f,f,c,b,g,e,b,k,k,b,n,p,w,o,l,h,y,d
p,f,f,y,f,f,f,c,b,p,e,b,k,k,p,b,p,w,o,l,h,v,d
p,f,y,g,f,f,f,c,b,h,e,b,k,k,n,n,p,w,o,l,h,y,g
p,x,y,g,f,f,f,c,b,p,e,b,k,k,b,n,p,w,o,l,h,v,g
e,x,s,e,t,n,f,c,b,e,e,?,s,s,w,e,p,w,t,e,w,c,w
p,f,f,g,f,f,f,c,b,g,e,b,k,k,p,p,p,w,o,l,h,v,d
p,f,f,y,f,f,f,c,b,p,e,b,k,k,n,p,p,w,o,l,h,y,d
p,f,y,g,f,f,f,c,b,g,e,b,k,k,n,n,p,w,o,l,h,y,d
p,x,y,y,f,f,f,c,b,g,e,b,k,k,p,p,p,w,o,l,h,y,p
p,f,y,g,f,f,f,c,b,g,e,b,k,k,n,n,p,w,o,l,h,v,d
p,x,f,y,f,f,f,c,b,h,e,b,k,k,b,b,p,w,o,l,h,y,g
p,b,y,w,t,n,f,w,n,w,e,b,s,s,w,w,p,w,o,p,w,c,l
p,f,s,b,t,f,f,c,b,h,t,b,s,s,w,w,p,w,o,p,h,v,u
p,x,y,y,f,f,f,c,b,p,e,b,k,k,b,p,p,w,o,l,h,y,p
p,f,y,g,f,f,f,c,b,g,e,b,k,k,b,b,p,w,o,l,h,y,d
p,f,y,g,f,f,f,c,b,g,e,b,k,k,p,p,p,w,o,l,h,v,p
p,f,y,y,f,f,f,c,b,p,e,b,k,k,b,p,p,w,o,l,h,v,p
p,f,f,g,f,f,f,c,b,g,e,b,k,k,n,n,p,w,o,l,h,y,d
p,x,y,y,f,f,f,c,b,h,e,b,k,k,p,p,p,w,o,l,h,v,d
p,x,f,y,f,f,f,c,b,p,e,b,k,k,b,p,p,w,o,l,h,v,g
p,f,f,g,f,f,f,c,b,p,e,b,k,k,b,p,p,w,o,l,h,y,g
p,x,s,w,t,f,f,c,b,w,t,b,f,f,w,w,p,w,o,p,h,s,u
e,f,y,g,t,n,f,c,b,n,t,b,s,s,g,p,p,w,o,p,n,v,d
p,x,y,n,f,y,f,c,n,b,t,?,s,k,w,p,p,w,o,e,w,v,d
p,f,y,g,f,f,f,c,b,p,e,b,k,k,p,p,p,w,o,l,h,y,d
p,f,f,g,f,f,f,c,b,g,e,b,k,k,p,n,p,w,o,l,h,y,g
e,f,y,e,t,n,f,c,b,n,t,b,s,s,p,g,p,w,o,p,k,v,d
e,x,y,b,t,n,f,c,b,e,e,?,s,s,w,e,p,w,t,e,w,c,w
p,x,y,y,f,f,f,c,b,h,e,b,k,k,n,n,p,w,o,l,h,y,g
p,x,y,y,f,f,f,c,b,g,e,b,k,k,b,n,p,w,o,l,h,y,d
p,x,y,y,f,f,f,c,b,h,e,b,k,k,n,b,p,w,o,l,h,v,p
p,x,y,y,f,f,f,c,b,p,e,b,k,k,n,n,p,w,o,l,h,y,g
p,f,f,y,f,f,f,c,b,g,e,b,k,k,b,n,p,w,o,l,h,y,g
p,f,y,g,f,f,f,c,b,p,e,b,k,k,b,b,p,w,o,l,h,y,g
p,x,f,g,f,f,f,c,b,p,e,b,k,k,n,n,p,w,o,l,h,y,g
p,f,y,y,f,f,f,c,b,p,e,b,k,k,b,b,p,w,o,l,h,v,g
p,x,y,g,f,f,f,c,b,h,e,b,k,k,p,p,p,w,o,l,h,v,g
p,x,y,y,f,f,f,c,b,g,e,b,k,k,p,n,p,w,o,l,h,y,g
p,f,y,g,f,f,f,c,b,h,e,b,k,k,b,n,p,w,o,l,h,y,p
p,f,y,y,f,f,f,c,b,h,e,b,k,k,n,b,p,w,o,l,h,y,g
p,x,y,g,f,f,f,c,b,g,e,b,k,k,p,b,p,w,o,l,h,y,d
p,f,y,g,f,f,f,c,b,h,e,b,k,k,p,p,p,w,o,l,h,v,d
p,f,y,g,f,f,f,c,b,p,e,b,k,k,b,n,p,w,o,l,h,y,p
e,x,y,u,f,n,f,c,n,h,e,?,s,f,w,w,p,w,o,f,h,y,d
p,x,f,g,f,f,f,c,b,g,e,b,k,k,n,n,p,w,o,l,h,v,g
p,f,f,y,f,f,f,c,b,g,e,b,k,k,n,p,p,w,o,l,h,v,g
p,f,f,y,f,f,f,c,b,h,e,b,k,k,p,n,p,w,o,l,h,y,g
p,x,f,y,f,f,f,c,b,h,e,b,k,k,p,n,p,w,o,l,h,v,g
p,f,f,y,f,f,f,c,b,h,e,b,k,k,b,b,p,w,o,l,h,v,g
p,f,f,g,f,f,f,c,b,h,e,b,k,k,p,b,p,w,o,l,h,v,g
p,f,y,g,f,f,f,c,b,p,e,b,k,k,b,b,p,w,o,l,h,y,d
p,f,f,g,f,f,f,c,b,h,e,b,k,k,b,n,p,w,o,l,h,v,g
p,f,f,y,f,f,f,c,b,h,e,b,k,k,b,n,p,w,o,l,h,y,d
p,f,y,y,f,f,f,c,b,h,e,b,k,k,b,n,p,w,o,l,h,v,p
p,f,f,g,f,f,f,c,b,g,e,b,k,k,p,n,p,w,o,l,h,v,p
p,f,y,g,f,f,f,c,b,g,e,b,k,k,n,b,p,w,o,l,h,y,g
p,f,f,y,f,f,f,c,b,g,e,b,k,k,n,b,p,w,o,l,h,y,d
e,f,f,e,t,n,f,c,b,u,t,b,s,s,g,w,p,w,o,p,n,y,d
p,f,s,b,t,f,f,c,b,h,t,b,s,f,w,w,p,w,o,p,h,v,u
p,f,y,g,f,f,f,c,b,g,e,b,k,k,p,n,p,w,o,l,h,v,d
p,f,f,g,f,f,f,c,b,h,e,b,k,k,p,p,p,w,o,l,h,v,p
p,x,y,y,f,f,f,c,b,p,e,b,k,k,p,b,p,w,o,l,h,y,g
p,f,f,y,f,f,f,c,b,p,e,b,k,k,p,b,p,w,o,l,h,y,p
p,f,y,y,f,f,f,c,b,h,e,b,k,k,n,n,p,w,o,l,h,v,d
e,f,y,n,t,n,f,c,b,u,t,b,s,s,w,g,p,w,o,p,k,v,d
p,f,y,y,f,f,f,c,b,h,e,b,k,k,b,n,p,w,o,l,h,y,g
e,x,s,b,t,n,f,c,b,e,e,?,s,s,w,w,p,w,t,e,w,c,w
p,x,y,y,f,f,f,c,b,p,e,b,k,k,n,p,p,w,o,l,h,y,g
p,x,f,y,f,f,f,c,b,p,e,b,k,k,p,b,p,w,o,l,h,y,d
p,x,y,y,f,f,f,c,b,h,e,b,k,k,p,n,p,w,o,l,h,y,g
p,f,y,g,f,f,f,c,b,g,e,b,k,k,b,b,p,w,o,l,h,v,p
e,f,f,e,t,n,f,c,b,n,t,b,s,s,g,g,p,w,o,p,k,y,d
p,f,f,y,f,f,f,c,b,p,e,b,k,k,p,n,p,w,o,l,h,v,d
p,f,f,y,f,f,f,c,b,p,e,b,k,k,b,n,p,w,o,l,h,v,g
p,x,y,y,f,f,f,c,b,h,e,b,k,k,n,n,p,w,o,l,h,v,d
p,x,f,y,f,f,f,c,b,p,e,b,k,k,n,b,p,w,o,l,h,v,g
p,x,y,n,f,y,f,c,n,b,t,?,k,s,w,p,p,w,o,e,w,v,d
p,f,f,y,f,f,f,c,b,p,e,b,k,k,p,b,p,w,o,l,h,v,p
p,x,y,y,f,f,f,c,b,h,e,b,k,k,n,b,p,w,o,l,h,v,g
p,f,f,y,f,f,f,c,b,g,e,b,k,k,n,n,p,w,o,l,h,v,p
p,f,f,y,f,f,f,c,b,g,e,b,k,k,n,b,p,w,o,l,h,v,d
p,f,y,g,f,f,f,c,b,p,e,b,k,k,b,p,p,w,o,l,h,v,p
p,f,y,g,f,f,f,c,b,h,e,b,k,k,b,b,p,w,o,l,h,v,g
p,f,y,g,f,f,f,c,b,h,e,b,k,k,b,n,p,w,o,l,h,v,d
p,f,f,g,f,f,f,c,b,g,e,b,k,k,b,n,p,w,o,l,h,v,g
p,x,s,g,f,c,f,c,n,p,e,b,s,s,w,w,p,w,o,p,k,v,d
p,x,y,y,f,f,f,c,b,g,e,b,k,k,b,p,p,w,o,l,h,y,g
p,f,s,g,t,f,f,c,b,h,t,b,f,f,w,w,p,w,o,p,h,s,u
p,x,y,g,f,f,f,c,b,p,e,b,k,k,n,n,p,w,o,l,h,v,g
p,x,y,y,f,f,f,c,b,p,e,b,k,k,p,b,p,w,o,l,h,y,p
p,x,y,y,f,f,f,c,b,h,e,b,k,k,n,b,p,w,o,l,h,y,d
e,f,y,g,t,n,f,c,b,u,t,b,s,s,p,g,p,w,o,p,k,y,d
p,f,f,g,f,f,f,c,b,g,e,b,k,k,b,n,p,w,o,l,h,y,d
p,f,y,y,f,f,f,c,b,h,e,b,k,k,n,p,p,w,o,l,h,v,g
p,f,y,g,f,f,f,c,b,h,e,b,k,k,n,b,p,w,o,l,h,y,p
p,x,y,y,f,f,f,c,b,h,e,b,k,k,b,b,p,w,o,l,h,y,g
p,x,y,g,f,f,f,c,b,p,e,b,k,k,b,p,p,w,o,l,h,y,d
p,x,f,y,f,f,f,c,b,p,e,b,k,k,b,p,p,w,o,l,h,y,p
e,f,y,n,t,n,f,c,b,n,t,b,s,s,g,g,p,w,o,p,n,v,d
p,x,y,g,f,f,f,c,b,g,e,b,k,k,n,n,p,w,o,l,h,y,g
p,f,f,y,f,f,f,c,b,g,e,b,k,k,b,p,p,w,o,l,h,v,g
p,x,y,g,f,f,f,c,b,p,e,b,k,k,p,n,p,w,o,l,h,v,p
p,x,y,y,f,f,f,c,b,p,e,b,k,k,p,p,p,w,o,l,h,y,g
p,f,f,g,f,f,f,c,b,g,e,b,k,k,n,b,p,w,o,l,h,y,p
p,f,f,g,f,f,f,c,b,h,e,b,k,k,p,b,p,w,o,l,h,y,g
p,x,y,y,f,f,f,c,b,h,e,b,k,k,b,n,p,w,o,l,h,y,g
e,k,y,b,t,n,f,c,b,e,e,?,s,s,e,e,p,w,t,e,w,c,w
p,x,y,y,f,f,f,c,b,p,e,b,k,k,b,b,p,w,o,l,h,y,p
p,x,y,n,f,s,f,c,n,b,t,?,s,k,p,w,p,w,o,e,w,v,d
p,f,y,g,f,f,f,c,b,p,e,b,k,k,n,n,p,w,o,l,h,y,p
p,x,y,g,f,f,f,c,b,g,e,b,k,k,n,n,p,w,o,l,h,y,p
p,f,y,y,f,f,f,c,b,h,e,b,k,k,b,b,p,w,o,l,h,v,g
p,f,y,g,f,f,f,c,b,g,e,b,k,k,p,p,p,w,o,l,h,v,d
p,f,f,g,f,f,f,c,b,h,e,b,k,k,b,p,p,w,o,l,h,y,g
p,f,y,y,f,f,f,c,b,h,e,b,k,k,n,n,p,w,o,l,h,y,g
p,x,f,y,f,f,f,c,b,g,e,b,k,k,n,b,p,w,o,l,h,y,d
p,x,s,w,t,f,f,c,b,p,t,b,f,f,w,w,p,w,o,p,h,v,u
p,x,y,y,f,f,f,c,b,g,e,b,k,k,p,b,p,w,o,l,h,v,g
p,f,f,y,f,f,f,c,b,g,e,b,k,k,p,p,p,w,o,l,h,y,p
p,x,f,y,f,f,f,c,b,p,e,b,k,k,p,n,p,w,o,l,h,y,g
p,x,y,y,f,f,f,c,b,g,e,b,k,k,n,b,p,w,o,l,h,v,p
p,f,y,y,f,f,f,c,b,h,e,b,k,k,b,n,p,w,o,l,h,v,g
p,x,y,y,f,f,f,c,b,h,e,b,k,k,n,b,p,w,o,l,h,y,g
p,x,y,y,f,f,f,c,b,p,e,b,k,k,b,n,p,w,o,l,h,v,p
p,f,y,g,f,f,f,c,b,p,e,b,k,k,p,n,p,w,o,l,h,y,p
p,f,f,y,f,f,f,c,b,h,e,b,k,k,b,b,p,w,o,l,h,y,p
p,f,f,g,f,f,f,c,b,h,e,b,k,k,b,b,p,w,o,l,h,v,p
e,f,y,n,t,n,f,c,b,p,t,b,s,s,w,p,p,w,o,p,k,y,d
p,x,y,y,f,f,f,c,b,h,e,b,k,k,b,p,p,w,o,l,h,v,d
p,x,y,g,f,f,f,c,b,g,e,b,k,k,n,n,p,w,o,l,h,v,p
p,f,y,g,f,f,f,c,b,h,e,b,k,k,b,p,p,w,o,l,h,v,g
p,f,y,g,f,f,f,c,b,g,e,b,k,k,p,b,p,w,o,l,h,v,g
p,x,y,y,f,f,f,c,b,g,e,b,k,k,b,p,p,w,o,l,h,y,d
p,f,f,g,f,f,f,c,b,g,e,b,k,k,n,b,p,w,o,l,h,v,p
p,x,y,g,f,f,f,c,b,p,e,b,k,k,p,p,p,w,o,l,h,v,d
p,x,y,y,f,f,f,c,b,p,e,b,k,k,b,n,p,w,o,l,h,v,d
p,x,f,y,f,f,f,c,b,h,e,b,k,k,n,n,p,w,o,l,h,y,d
p,f,f,y,f,f,f,c,b,g,e,b,k,k,p,n,p,w,o,l,h,y,d
e,f,f,c,f,n,f,w,n,w,e,b,s,f,w,n,p,w,o,e,w,v,l
p,f,y,g,f,f,f,c,b,h,e,b,k,k,p,b,p,w,o,l,h,v,g
p,x,y,g,f,f,f,c,b,p,e,b,k,k,p,n,p,w,o,l,h,y,p
p,f,f,y,f,n,f,c,n,w,e,?,k,y,w,y,p,w,o,e,w,v,d
p,f,f,y,f,f,f,c,b,h,e,b,k,k,p,b,p,w,o,l,h,y,p
p,x,s,g,t,f,f,c,b,p,t,b,f,s,w,w,p,w,o,p,h,v,g
e,f,s,n,t,n,f,c,b,e,e,?,s,s,w,w,p,w,t,e,w,c,w
p,x,y,n,f,y,f,c,n,b,t,?,s,k,p,p,p,w,o,e,w,v,p
p,x,s,g,f,c,f,w,n,u,e,b,s,s,w,w,p,w,o,p,k,v,d
p,x,f,y,f,f,f,c,b,g,e,b,k,k,n,n,p,w,o,l,h,y,d
p,f,y,g,f,f,f,c,b,h,e,b,k,k,b,n,p,w,o,l,h,v,g
p,f,y,g,f,f,f,c,b,g,e,b,k,k,p,b,p,w,o,l,h,y,d
p,x,y,y,f,f,f,c,b,p,e,b,k,k,n,b,p,w,o,l,h,v,g
p,x,y,y,f,f,f,c,b,p,e,b,k,k,b,b,p,w,o,l,h,v,g
p,x,y,g,f,f,f,c,b,p,e,b,k,k,b,b,p,w,o,l,h,y,d
p,f,y,g,f,f,f,c,b,g,e,b,k,k,p,p,p,w,o,l,h,y,d
p,f,y,g,f,f,f,c,b,h,e,b,k,k,b,n,p,w,o,l,h,y,g
p,f,f,y,f,f,f,c,b,g,e,b,k,k,p,n,p,w,o,l,h,y,g
p,x,f,y,f,f,f,c,b,p,e,b,k,k,b,b,p,w,o,l,h,v,d
p,f,f,y,f,f,f,c,b,p,e,b,k,k,b,n,p,w,o,l,h,v,p
p,f,f,g,f,f,f,c,b,p,e,b,k,k,p,b,p,w,o,l,h,y,p
p,f,f,y,f,f,f,c,b,h,e,b,k,k,b,p,p,w,o,l,h,y,p
p,f,y,y,f,f,f,c,b,h,e,b,k,k,n,n,p,w,o,l,h,y,d
p,f,f,y,f,f,f,c,b,h,e,b,k,k,n,n,p,w,o,l,h,v,p
p,f,f,y,f,f,f,c,b,h,e,b,k,k,b,p,p,w,o,l,h,v,d
p,x,y,g,f,f,f,c,b,h,e,b,k,k,b,p,p,w,o,l,h,v,g
p,x,y,g,f,f,f,c,b,p,e,b,k,k,b,b,p,w,o,l,h,v,g
p,x,y,g,f,f,f,c,b,g,e,b,k,k,b,n,p,w,o,l,h,v,d
e,x,s,b,t,n,f,c,b,w,e,?,s,s,e,w,p,w,t,e,w,c,w
p,f,f,g,f,f,f,c,b,g,e,b,k,k,p,n,p,w,o,l,h,v,d
p,x,f,y,f,f,f,c,b,g,e,b,k,k,p,b,p,w,o,l,h,v,d
p,x,y,n,f,s,f,c,n,b,t,?,s,s,p,p,p,w,o,e,w,v,l
p,x,y,g,f,f,f,c,b,g,e,b,k,k,b,b,p,w,o,l,h,y,d
p,f,y,g,f,f,f,c,b,h,e,b,k,k,n,b,p,w,o,l,h,v,p
p,f,y,g,f,f,f,c,b,p,e,b,k,k,p,n,p,w,o,l,h,y,d
p,f,f,y,f,f,f,c,b,g,e,b,k,k,b,p,p,w,o,l,h,y,g
p,x,y,y,f,f,f,c,b,g,e,b,k,k,n,n,p,w,o,l,h,v,d
p,x,f,y,f,f,f,c,b,h,e,b,k,k,p,b,p,w,o,l,h,v,g
p,f,f,g,f,f,f,c,b,h,e,b,k,k,n,n,p,w,o,l,h,y,p
p,x,y,g,f,f,f,c,b,g,e,b,k,k,n,p,p,w,o,l,h,v,p
p,f,f,y,f,f,f,c,b,h,e,b,k,k,b,b,p,w,o,l,h,y,g
p,x,f,y,f,f,f,c,b,p,e,b,k,k,n,p,p,w,o,l,h,y,g
e,x,y,u,f,n,f,c,n,h,e,?,s,f,w,w,p,w,o,f,h,v,d
e,f,y,b,t,n,f,c,b,e,e,?,s,s,e,e,p,w,t,e,w,c,w
p,f,y,y,f,f,f,c,b,h,e,b,k,k,b,p,p,w,o,l,h,y,d
p,x,y,y,f,f,f,c,b,g,e,b,k,k,n,p,p,w,o,l,h,y,p
p,x,y,g,f,f,f,c,b,g,e,b,k,k,p,b,p,w,o,l,h,v,g
p,f,f,g,f,f,f,c,b,p,e,b,k,k,p,n,p,w,o,l,h,y,d
p,f,y,g,f,f,f,c,b,h,e,b,k,k,n,n,p,w,o,l,h,v,g
p,f,f,g,f,f,f,c,b,h,e,b,k,k,b,b,p,w,o,l,h,y,g
p,f,y,g,f,f,f,c,b,p,e,b,k,k,n,n,p,w,o,l,h,v,g
p,x,f,y,f,f,f,c,b,g,e,b,k,k,p,n,p,w,o,l,h,y,g
p,f,f,y,f,f,f,c,b,h,e,b,k,k,p,p,p,w,o,l,h,v,d
p,f,f,g,f,f,f,c,b,p,e,b,k,k,p,p,p,w,o,l,h,v,d
p,f,y,y,f,f,f,c,b,h,e,b,k,k,n,b,p,w,o,l,h,v,g
p,f,y,y,f,f,f,c,b,h,e,b,k,k,n,p,p,w,o,l,h,y,g
p,f,f,g,f,f,f,c,b,h,e,b,k,k,n,p,p,w,o,l,h,v,g
p,f,s,b,t,f,f,c,b,w,t,b,s,f,w,w,p,w,o,p,h,v,g
p,f,s,w,t,n,f,c,b,g,e,b,s,s,w,w,p,w,t,p,r,v,m
p,x,y,y,f,f,f,c,b,p,e,b,k,k,p,n,p,w,o,l,h,y,p
p,f,f,y,f,f,f,c,b,p,e,b,k,k,b,b,p,w,o,l,h,v,p
p,f,y,g,f,f,f,c,b,g,e,b,k,k,p,p,p,w,o,l,h,v,g
p,x,y,y,f,f,f,c,b,h,e,b,k,k,n,p,p,w,o,l,h,v,d
p,x,f,y,f,f,f,c,b,g,e,b,k,k,p,n,p,w,o,l,h,v,p
p,x,f,y,f,f,f,c,b,g,e,b,k,k,p,b,p,w,o,l,h,y,d
e,f,f,g,t,n,f,c,b,u,t,b,s,s,g,g,p,w,o,p,n,v,d
e,x,y,u,f,n,f,c,n,u,e,?,s,f,w,w,p,w,o,f,h,v,d
p,x,y,g,f,f,f,c,b,h,e,b,k,k,p,p,p,w,o,l,h,y,d
p,f,f,y,f,f,f,c,b,p,e,b,k,k,n,b,p,w,o,l,h,v,g
p,x,y,y,f,f,f,c,b,p,e,b,k,k,n,b,p,w,o,l,h,v,d
p,f,y,g,f,f,f,c,b,p,e,b,k,k,n,p,p,w,o,l,h,v,d
p,x,y,y,f,f,f,c,b,h,e,b,k,k,n,p,p,w,o,l,h,y,p
p,x,f,y,f,f,f,c,b,p,e,b,k,k,b,p,p,w,o,l,h,v,d
p,x,y,y,f,f,f,c,b,g,e,b,k,k,b,n,p,w,o,l,h,y,p
p,f,f,y,f,f,f,c,b,h,e,b,k,k,n,n,p,w,o,l,h,v,g
p,x,y,g,f,f,f,c,b,g,e,b,k,k,p,n,p,w,o,l,h,y,p
p,f,y,g,f,f,f,c,b,p,e,b,k,k,n,n,p,w,o,l,h,y,g
p,f,y,g,f,f,f,c,b,g,e,b,k,k,p,n,p,w,o,l,h,v,p
p,x,f,y,f,f,f,c,b,g,e,b,k,k,p,p,p,w,o,l,h,y,p
e,f,f,e,t,n,f,c,b,w,t,b,s,s,w,g,p,w,o,p,n,v,d
p,x,y,y,f,f,f,c,b,h,e,b,k,k,p,p,p,w,o,l,h,y,d
p,f,f,g,f,f,f,c,b,g,e,b,k,k,n,b,p,w,o,l,h,v,d
p,x,y,g,f,f,f,c,b,g,e,b,k,k,b,n,p,w,o,l,h,y,p
p,f,y,g,f,f,f,c,b,g,e,b,k,k,b,p,p,w,o,l,h,v,p
p,f,f,g,f,f,f,c,b,p,e,b,k,k,b,n,p,w,o,l,h,y,p
p,f,f,g,f,f,f,c,b,p,e,b,k,k,n,b,p,w,o,l,h,y,d
p,f,f,g,f,f,f,c,b,p,e,b,k,k,n,p,p,w,o,l,h,v,g
p,f,y,g,f,f,f,c,b,h,e,b,k,k,p,n,p,w,o,l,h,y,d
p,f,f,y,f,f,f,c,b,h,e,b,k,k,p,b,p,w,o,l,h,v,d
p,x,f,y,f,f,f,c,b,h,e,b,k,k,p,p,p,w,o,l,h,y,d
p,x,y,g,f,f,f,c,b,p,e,b,k,k,n,n,p,w,o,l,h,v,p
p,x,y,g,f,f,f,c,b,p,e,b,k,k,b,n,p,w,o,l,h,y,p
p,x,f,w,f,c,f,c,n,g,e,b,s,s,w,w,p,w,o,p,n,v,d
p,f,f,g,f,f,f,c,b,p,e,b,k,k,b,p,p,w,o,l,h,y,d
p,x,f,y,f,f,f,c,b,h,e,b,k,k,p,p,p,w,o,l,h,v,p
p,f,y,g,f,f,f,c,b,p,e,b,k,k,p,p,p,w,o,l,h,v,d
p,x,f,y,f,f,f,c,b,p,e,b,k,k,p,n,p,w,o,l,h,v,g
p,f,y,g,f,f,f,c,b,h,e,b,k,k,p,n,p,w,o,l,h,v,d
p,f,y,g,f,f,f,c,b,g,e,b,k,k,n,b,p,w,o,l,h,v,d
p,f,f,y,f,f,f,c,b,g,e,b,k,k,b,n,p,w,o,l,h,y,p
p,x,y,g,f,f,f,c,b,g,e,b,k,k,b,p,p,w,o,l,h,v,g
p,f,y,y,f,f,f,c,b,p,e,b,k,k,n,b,p,w,o,l,h,v,g
p,f,f,y,f,f,f,c,b,h,e,b,k,k,n,p,p,w,o,l,h,y,p
p,x,f,y,f,f,f,c,b,h,e,b,k,k,b,p,p,w,o,l,h,v,d
p,f,f,y,f,f,f,c,b,g,e,b,k,k,n,b,p,w,o,l,h,v,g
p,x,y,y,f,f,f,c,b,p,e,b,k,k,b,n,p,w,o,l,h,y,p
p,f,f,y,f,f,f,c,b,g,e,b,k,k,b,b,p,w,o,l,h,y,d
p,x,f,y,f,f,f,c,b,p,e,b,k,k,b,b,p,w,o,l,h,v,g
p,f,y,g,f,f,f,c,b,h,e,b,k,k,n,n,p,w,o,l,h,y,d
p,f,f,g,f,f,f,c,b,p,e,b,k,k,p,b,p,w,o,l,h,y,d
p,f,f,y,f,f,f,c,b,g,e,b,k,k,p,n,p,w,o,l,h,v,g
p,f,f,g,f,f,f,c,b,p,e,b,k,k,b,b,p,w,o,l,h,v,d
p,f,f,g,f,f,f,c,b,h,e,b,k,k,p,n,p,w,o,l,h,y,g
p,f,f,y,f,f,f,c,b,g,e,b,k,k,p,n,p,w,o,l,h,v,d
p,x,y,y,f,f,f,c,b,g,e,b,k,k,p,p,p,w,o,l,h,y,d
p,x,y,y,f,f,f,c,b,p,e,b,k,k,b,p,p,w,o,l,h,v,d
p,f,f,y,f,f,f,c,b,h,e,b,k,k,n,n,p,w,o,l,h,y,d
p,x,y,y,f,f,f,c,b,h,e,b,k,k,b,b,p,w,o,l,h,v,d
p,x,y,y,f,f,f,c,b,g,e,b,k,k,b,p,p,w,o,l,h,v,g
p,x,y,n,f,y,f,c,n,b,t,?,s,s,p,w,p,w,o,e,w,v,d
e,f,y,b,t,n,f,c,b,w,e,?,s,s,w,w,p,w,t,e,w,c,w
p,x,f,y,f,f,f,c,b,h,e,b,k,k,b,p,p,w,o,l,h,v,g
p,x,y,y,f,f,f,c,b,h,e,b,k,k,b,b,p,w,o,l,h,y,d
p,f,y,g,f,f,f,c,b,p,e,b,k,k,n,b,p,w,o,l,h,y,d
p,x,y,y,f,f,f,c,b,p,e,b,k,k,n,p,p,w,o,l,h,y,d
p,f,y,g,f,f,f,c,b,p,e,b,k,k,p,b,p,w,o,l,h,v,p
p,f,y,g,f,f,f,c,b,p,e,b,k,k,p,b,p,w,o,l,h,y,d
p,f,f,g,f,f,f,c,b,p,e,b,k,k,p,b,p,w,o,l,h,v,p
p,x,f,y,f,f,f,c,b,p,e,b,k,k,p,n,p,w,o,l,h,v,p
p,f,f,y,f,f,f,c,b,p,e,b,k,k,b,n,p,w,o,l,h,y,g
p,f,f,y,f,f,f,c,b,g,e,b,k,k,p,p,p,w,o,l,h,y,d
p,f,y,g,f,f,f,c,b,h,e,b,k,k,p,b,p,w,o,l,h,v,p
p,f,y,g,f,f,f,c,b,h,e,b,k,k,n,b,p,w,o,l,h,y,g
p,f,f,g,f,f,f,c,b,g,e,b,k,k,n,b,p,w,o,l,h,y,g
p,f,y,g,f,f,f,c,b,g,e,b,k,k,b,n,p,w,o,l,h,v,d
p,f,f,g,f,f,f,c,b,h,e,b,k,k,p,b,p,w,o,l,h,v,d
p,f,y,g,f,f,f,c,b,g,e,b,k,k,p,b,p,w,o,l,h,v,p
p,x,f,g,f,c,f,c,n,u,e,b,s,s,w,w,p,w,o,p,k,s,d
p,f,s,b,t,f,f,c,b,w,t,b,f,f,w,w,p,w,o,p,h,v,g
e,f,f,e,t,n,f,c,b,w,t,b,s,s,g,w,p,w,o,p,k,v,d
p,x,y,y,f,f,f,c,b,g,e,b,k,k,p,n,p,w,o,l,h,v,p
p,x,y,g,f,f,f,c,b,p,e,b,k,k,p,n,p,w,o,l,h,y,d
p,f,y,g,f,f,f,c,b,g,e,b,k,k,n,b,p,w,o,l,h,v,g
e,f,f,g,t,n,f,c,b,u,t,b,s,s,p,w,p,w,o,p,k,v,d
p,x,y,y,f,f,f,c,b,p,e,b,k,k,b,p,p,w,o,l,h,y,d
p,x,y,y,f,f,f,c,b,p,e,b,k,k,p,b,p,w,o,l,h,v,p
p,f,f,y,f,f,f,c,b,p,e,b,k,k,n,p,p,w,o,l,h,y,p
p,x,f,y,f,f,f,c,b,h,e,b,k,k,b,p,p,w,o,l,h,v,p
p,x,f,y,f,f,f,c,b,h,e,b,k,k,b,b,p,w,o,l,h,y,d
p,x,y,g,f,f,f,c,b,h,e,b,k,k,n,p,p,w,o,l,h,v,g
p,f,s,w,t,f,f,c,b,w,t,b,s,f,w,w,p,w,o,p,h,s,u
p,x,y,g,f,f,f,c,b,p,e,b,k,k,p,n,p,w,o,l,h,v,d
p,x,f,y,f,f,f,c,b,g,e,b,k,k,b,n,p,w,o,l,h,v,g
p,f,y,g,f,f,f,c,b,g,e,b,k,k,p,p,p,w,o,l,h,y,p
p,x,y,g,f,f,f,c,b,p,e,b,k,k,p,p,p,w,o,l,h,v,p
p,x,f,y,f,f,f,c,b,p,e,b,k,k,n,b,p,w,o,l,h,v,d
e,f,y,u,f,n,f,c,n,h,e,?,s,f,w,w,p,w,o,f,h,v,d
p,f,f,y,f,f,f,c,b,h,e,b,k,k,b,b,p,w,o,l,h,y,d
p,f,y,g,f,f,f,c,b,p,e,b,k,k,b,b,p,w,o,l,h,v,g
p,x,y,y,f,f,f,c,b,h,e,b,k,k,b,p,p,w,o,l,h,y,g
p,f,f,g,f,f,f,c,b,g,e,b,k,k,b,n,p,w,o,l,h,y,g
e,f,y,n,t,n,f,c,b,n,t,b,s,s,p,p,p,w,o,p,n,y,d
p,x,f,y,f,f,f,c,b,h,e,b,k,k,p,n,p,w,o,l,h,v,p
p,f,f,g,f,f,f,c,b,h,e,b,k,k,n,p,p,w,o,l,h,y,d
p,x,y,g,f,f,f,c,b,h,e,b,k,k,n,b,p,w,o,l,h,y,p
p,f,f,y,f,f,f,c,b,p,e,b,k,k,n,n,p,w,o,l,h,y,g
p,x,f,y,f,f,f,c,b,h,e,b,k,k,b,b,p,w,o,l,h,v,d
p,x,y,y,f,f,f,c,b,g,e,b,k,k,b,n,p,w,o,l,h,v,p
p,x,f,y,f,f,f,c,b,g,e,b,k,k,b,n,p,w,o,l,h,v,p
p,f,y,g,f,f,f,c,b,g,e,b,k,k,n,p,p,w,o,l,h,v,g
p,x,s,w,t,f,f,c,b,h,t,b,f,f,w,w,p,w,o,p,h,s,u
e,f,y,e,t,n,f,c,b,w,e,?,s,s,w,w,p,w,t,e,w,c,w
e,x,y,u,f,n,f,c,n,w,e,?,s,f,w,w,p,w,o,f,h,y,d
p,x,y,y,f,f,f,c,b,p,e,b,k,k,b,n,p,w,o,l,h,v,g
p,x,y,g,f,f,f,c,b,p,e,b,k,k,n,p,p,w,o,l,h,y,d
p,x,f,y,f,f,f,c,b,p,e,b,k,k,p,p,p,w,o,l,h,y,p
p,f,f,g,f,f,f,c,b,h,e,b,k,k,p,n,p,w,o,l,h,y,d
p,x,y,g,f,f,f,c,b,g,e,b,k,k,p,b,p,w,o,l,h,y,p
p,f,f,g,f,f,f,c,b,h,e,b,k,k,b,n,p,w,o,l,h,y,g
p,f,f,y,f,f,f,c,b,p,e,b,k,k,p,n,p,w,o,l,h,y,g
p,x,y,g,f,f,f,c,b,h,e,b,k,k,p,p,p,w,o,l,h,y,p
p,f,y,g,f,f,f,c,b,g,e,b,k,k,n,b,p,w,o,l,h,y,p
e,f,s,p,t,n,f,c,b,w,e,?,s,s,w,e,p,w,t,e,w,c,w
p,f,f,g,f,f,f,c,b,h,e,b,k,k,p,n,p,w,o,l,h,y,p
p,x,y,y,f,f,f,c,b,g,e,b,k,k,b,p,p,w,o,l,h,y,p
p,x,y,g,f,f,f,c,b,g,e,b,k,k,n,b,p,w,o,l,h,y,p
p,f,f,y,f,f,f,c,b,g,e,b,k,k,b,n,p,w,o,l,h,v,g
p,x,f,y,f,f,f,c,b,p,e,b,k,k,p,n,p,w,o,l,h,y,d
p,f,y,g,f,f,f,c,b,g,e,b,k,k,n,b,p,w,o,l,h,y,d
p,f,y,y,f,f,f,c,b,g,e,b,k,k,n,p,p,w,o,l,h,y,p
p,x,y,g,f,f,f,c,b,p,e,b,k,k,b,p,p,w,o,l,h,y,g
p,x,y,g,f,f,f,c,b,g,e,b,k,k,b,n,p,w,o,l,h,y,d
p,f,f,y,f,f,f,c,b,g,e,b,k,k,n,p,p,w,o,l,h,y,p
p,f,f,g,f,f,f,c,b,p,e,b,k,k,b,n,p,w,o,l,h,y,d
p,x,y,g,f,f,f,c,b,h,e,b,k,k,b,n,p,w,o,l,h,y,p
p,f,f,y,f,f,f,c,b,p,e,b,k,k,p,p,p,w,o,l,h,v,p
p,f,y,g,f,f,f,c,b,h,e,b,k,k,n,p,p,w,o,l,h,v,d
p,x,y,g,f,f,f,c,b,p,e,b,k,k,n,p,p,w,o,l,h,y,g
p,f,f,g,f,f,f,c,b,h,e,b,k,k,b,b,p,w,o,l,h,v,d
p,x,y,g,f,f,f,c,b,h,e,b,k,k,n,p,p,w,o,l,h,y,g
p,f,f,g,f,f,f,c,b,p,e,b,k,k,p,n,p,w,o,l,h,v,d
p,x,y,y,f,f,f,c,b,g,e,b,k,k,b,b,p,w,o,l,h,y,p
p,x,f,y,f,f,f,c,b,p,e,b,k,k,p,p,p,w,o,l,h,y,g
p,x,y,g,f,f,f,c,b,h,e,b,k,k,b,p,p,w,o,l,h,v,p
p,f,f,y,f,f,f,c,b,h,e,b,k,k,n,p,p,w,o,l,h,v,p
e,f,y,n,t,n,f,c,b,n,t,b,s,s,w,g,p,w,o,p,n,y,d
p,f,f,g,f,f,f,c,b,h,e,b,k,k,p,b,p,w,o,l,h,y,d
p,x,y,y,f,f,f,c,b,h,e,b,k,k,n,n,p,w,o,l,h,y,p
p,x,s,g,t,f,f,c,b,h,t,b,f,f,w,w,p,w,o,p,h,s,g
p,f,y,y,f,f,f,c,b,h,e,b,k,k,n,n,p,w,o,l,h,v,p
p,x,y,y,f,f,f,c,b,p,e,b,k,k,n,p,p,w,o,l,h,v,p
p,x,f,w,f,c,f,c,n,g,e,b,s,s,w,w,p,w,o,p,k,s,d
p,x,f,y,f,f,f,c,b,g,e,b,k,k,n,p,p,w,o,l,h,y,d
p,f,s,b,t,f,f,c,b,h,t,b,f,s,w,w,p,w,o,p,h,s,u
p,x,y,y,f,f,f,c,b,h,e,b,k,k,p,b,p,w,o,l,h,y,g
p,x,y,g,f,f,f,c,b,h,e,b,k,k,n,p,p,w,o,l,h,y,d
p,f,f,y,f,f,f,c,b,g,e,b,k,k,b,b,p,w,o,l,h,y,g
p,f,s,p,t,n,f,c,b,w,e,b,s,s,w,w,p,w,t,p,r,v,g
p,f,s,b,t,f,f,c,b,p,t,b,f,f,w,w,p,w,o,p,h,v,u
p,x,y,g,f,f,f,c,b,g,e,b,k,k,b,b,p,w,o,l,h,v,g
p,x,y,g,f,f,f,c,b,h,e,b,k,k,p,b,p,w,o,l,h,y,g
p,x,y,g,f,f,f,c,b,p,e,b,k,k,b,p,p,w,o,l,h,v,g
p,f,f,g,f,f,f,c,b,g,e,b,k,k,p,n,p,w,o,l,h,y,p
p,f,f,g,f,f,f,c,b,g,e,b,k,k,p,p,p,w,o,l,h,v,p
p,x,f,y,f,f,f,c,b,h,e,b,k,k,p,p,p,w,o,l,h,y,p
p,f,f,y,f,f,f,c,b,h,e,b,k,k,p,n,p,w,o,l,h,v,p
e,f,y,u,f,n,f,c,n,u,e,?,s,f,w,w,p,w,o,f,h,v,d
p,x,f,y,f,f,f,c,b,g,e,b,k,k,b,b,p,w,o,l,h,y,g
e,f,f,e,t,n,f,c,b,w,t,b,s,s,g,w,p,w,o,p,n,v,d
p,f,f,y,f,f,f,c,b,g,e,b,k,k,n,p,p,w,o,l,h,y,g
p,x,f,y,f,f,f,c,b,g,e,b,k,k,p,p,p,w,o,l,h,v,g
p,x,y,n,f,f,f,c,n,b,t,?,k,s,p,p,p,w,o,e,w,v,l
p,x,y,g,f,f,f,c,b,g,e,b,k,k,b,b,p,w,o,l,h,y,g
p,x,f,y,f,f,f,c,b,p,e,b,k,k,b,p,p,w,o,l,h,y,d
p,f,f,g,f,f,f,c,b,p,e,b,k,k,p,p,p,w,o,l,h,y,g
p,x,y,g,f,f,f,c,b,g,e,b,k,k,b,b,p,w,o,l,h,v,p
p,x,y,g,f,f,f,c,b,h,e,b,k,k,b,b,p,w,o,l,h,y,g
p,x,f,y,f,f,f,c,b,h,e,b,k,k,b,p,p,w,o,l,h,y,d
p,f,f,y,f,f,f,c,b,h,e,b,k,k,n,n,p,w,o,l,h,y,g
p,f,y,g,f,f,f,c,b,g,e,b,k,k,n,p,p,w,o,l,h,v,p
p,f,y,g,f,f,f,c,b,h,e,b,k,k,p,b,p,w,o,l,h,y,g
e,f,y,n,t,n,f,c,b,n,t,b,s,s,p,w,p,w,o,p,n,y,d
p,x,y,y,f,f,f,c,b,g,e,b,k,k,n,p,p,w,o,l,h,v,g
e,f,f,e,t,n,f,c,b,w,t,b,s,s,w,w,p,w,o,p,k,y,d
p,x,f,y,f,f,f,c,b,h,e,b,k,k,b,n,p,w,o,l,h,y,d
p,x,y,g,f,f,f,c,b,h,e,b,k,k,p,b,p,w,o,l,h,y,p
p,f,y,g,f,f,f,c,b,h,e,b,k,k,p,n,p,w,o,l,h,y,p
p,x,f,y,f,f,f,c,b,p,e,b,k,k,p,b,p,w,o,l,h,y,p
p,f,f,g,f,f,f,c,b,h,e,b,k,k,n,b,p,w,o,l,h,v,d
p,f,f,g,f,f,f,c,b,p,e,b,k,k,p,b,p,w,o,l,h,v,d
p,f,y,g,f,f,f,c,b,p,e,b,k,k,n,b,p,w,o,l,h,y,p
p,f,y,g,f,f,f,c,b,g,e,b,k,k,p,n,p,w,o,l,h,y,g
p,x,f,y,f,f,f,c,b,g,e,b,k,k,b,p,p,w,o,l,h,v,d
p,x,y,y,f,f,f,c,b,h,e,b,k,k,p,n,p,w,o,l,h,y,p
p,f,f,y,f,f,f,c,b,g,e,b,k,k,n,p,p,w,o,l,h,v,d
p,x,y,g,f,f,f,c,b,g,e,b,k,k,b,p,p,w,o,l,h,y,d
p,f,f,y,f,f,f,c,b,g,e,b,k,k,p,b,p,w,o,l,h,y,p
p,f,y,g,f,f,f,c,b,g,e,b,k,k,b,p,p,w,o,l,h,v,d
p,x,f,p,f,c,f,w,n,p,e,b,s,s,w,w,p,w,o,p,k,s,d
p,f,f,y,f,f,f,c,b,g,e,b,k,k,p,b,p,w,o,l,h,v,d
p,x,y,g,f,f,f,c,b,h,e,b,k,k,n,p,p,w,o,l,h,v,d
p,x,y,y,f,f,f,c,b,p,e,b,k,k,b,p,p,w,o,l,h,y,g
p,x,y,g,f,f,f,c,b,h,e,b,k,k,p,b,p,w,o,l,h,v,d
p,f,y,y,f,f,f,c,b,h,e,b,k,k,n,b,p,w,o,l,h,v,p
p,x,y,g,f,f,f,c,b,g,e,b,k,k,b,p,p,w,o,l,h,y,p
p,x,f,y,f,f,f,c,b,g,e,b,k,k,p,n,p,w,o,l,h,v,d
p,f,y,g,f,f,f,c,b,g,e,b,k,k,b,b,p,w,o,l,h,v,d
p,f,y,g,f,f,f,c,b,p,e,b,k,k,p,b,p,w,o,l,h,v,g
p,x,y,y,f,f,f,c,b,p,e,b,k,k,p,n,p,w,o,l,h,y,d
p,f,f,y,f,f,f,c,b,h,e,b,k,k,p,b,p,w,o,l,h,y,d
p,x,y,g,f,f,f,c,b,g,e,b,k,k,p,n,p,w,o,l,h,v,d
p,x,y,y,f,f,f,c,b,p,e,b,k,k,b,b,p,w,o,l,h,y,d
p,x,y,g,f,f,f,c,b,g,e,b,k,k,b,p,p,w,o,l,h,v,d
p,x,y,g,f,f,f,c,b,g,e,b,k,k,b,p,p,w,o,l,h,y,g
p,x,f,y,f,f,f,c,b,g,e,b,k,k,n,b,p,w,o,l,h,v,g
p,x,y,g,f,f,f,c,b,p,e,b,k,k,n,b,p,w,o,l,h,y,d
p,f,f,g,f,f,f,c,b,g,e,b,k,k,p,b,p,w,o,l,h,y,p
p,f,f,g,f,f,f,c,b,p,e,b,k,k,b,b,p,w,o,l,h,v,g
p,x,y,g,f,f,f,c,b,h,e,b,k,k,n,n,p,w,o,l,h,v,p
p,x,f,y,f,f,f,c,b,h,e,b,k,k,n,p,p,w,o,l,h,v,d
p,x,y,g,f,f,f,c,b,g,e,b,k,k,p,n,p,w,o,l,h,y,d
p,f,f,g,f,f,f,c,b,p,e,b,k,k,n,b,p,w,o,l,h,v,p
p,x,y,y,f,f,f,c,b,h,e,b,k,k,n,p,p,w,o,l,h,v,p
p,x,f,y,f,f,f,c,b,h,e,b,k,k,p,n,p,w,o,l,h,v,d
p,f,y,g,f,f,f,c,b,p,e,b,k,k,n,n,p,w,o,l,h,y,d
p,f,f,g,f,f,f,c,b,p,e,b,k,k,b,p,p,w,o,l,h,v,p
e,x,s,p,t,n,f,c,b,e,e,?,s,s,w,w,p,w,t,e,w,c,w
p,f,f,y,f,f,f,c,b,p,e,b,k,k,n,p,p,w,o,l,h,v,d
p,x,s,p,f,c,f,w,n,g,e,b,s,s,w,w,p,w,o,p,k,v,d
p,x,f,y,f,f,f,c,b,h,e,b,k,k,p,p,p,w,o,l,h,y,g
p,f,f,g,f,f,f,c,b,g,e,b,k,k,b,p,p,w,o,l,h,y,p
p,x,f,y,f,f,f,c,b,p,e,b,k,k,n,b,p,w,o,l,h,y,g
e,f,f,e,t,n,f,c,b,p,t,b,s,s,p,p,p,w,o,p,n,y,d
p,x,y,y,f,f,f,c,b,g,e,b,k,k,b,n,p,w,o,l,h,v,d
p,x,f,y,f,f,f,c,b,p,e,b,k,k,b,p,p,w,o,l,h,y,g
p,f,y,g,f,f,f,c,b,h,e,b,k,k,n,p,p,w,o,l,h,v,g
p,f,f,y,f,f,f,c,b,p,e,b,k,k,b,p,p,w,o,l,h,y,g
e,f,y,n,t,n,f,c,b,n,t,b,s,s,p,w,p,w,o,p,n,v,d
p,x,y,y,f,f,f,c,b,h,e,b,k,k,b,b,p,w,o,l,h,y,p
p,f,f,g,f,f,f,c,b,h,e,b,k,k,p,b,p,w,o,l,h,v,p
p,x,y,y,f,f,f,c,b,h,e,b,k,k,p,n,p,w,o,l,h,v,p
p,f,f,y,f,f,f,c,b,h,e,b,k,k,p,n,p,w,o,l,h,y,d
p,f,y,y,f,f,f,c,b,h,e,b,k,k,n,p,p,w,o,l,h,y,d
p,f,y,g,f,f,f,c,b,h,e,b,k,k,p,p,p,w,o,l,h,v,g
p,f,f,g,f,f,f,c,b,h,e,b,k,k,b,p,p,w,o,l,h,v,g
p,x,y,y,f,f,f,c,b,p,e,b,k,k,b,n,p,w,o,l,h,y,g
p,f,y,g,f,f,f,c,b,g,e,b,k,k,n,n,p,w,o,l,h,y,p
p,x,y,y,f,f,f,c,b,g,e,b,k,k,n,n,p,w,o,l,h,y,g
e,f,f,g,t,n,f,c,b,u,t,b,s,s,w,w,p,w,o,p,n,y,d
p,x,s,g,t,f,f,c,b,h,t,b,f,s,w,w,p,w,o,p,h,s,g
p,x,y,n,f,f,f,c,n,b,t,?,s,k,p,w,p,w,o,e,w,v,p
p,f,s,g,t,f,f,c,b,p,t,b,s,f,w,w,p,w,o,p,h,v,g
p,f,y,g,f,f,f,c,b,g,e,b,k,k,b,n,p,w,o,l,h,y,g
p,f,y,y,f,f,f,c,b,g,e,b,k,k,p,p,p,w,o,l,h,v,g
p,f,y,g,f,f,f,c,b,p,e,b,k,k,b,p,p,w,o,l,h,v,d
e,f,y,e,t,n,f,c,b,e,e,?,s,s,w,e,p,w,t,e,w,c,w
p,f,y,g,f,f,f,c,b,p,e,b,k,k,n,n,p,w,o,l,h,v,p
p,x,f,y,f,f,f,c,b,h,e,b,k,k,n,n,p,w,o,l,h,v,g
p,f,f,g,f,f,f,c,b,g,e,b,k,k,b,b,p,w,o,l,h,y,d
p,x,y,y,f,f,f,c,b,p,e,b,k,k,p,b,p,w,o,l,h,y,d
p,f,f,y,f,f,f,c,b,p,e,b,k,k,n,b,p,w,o,l,h,y,g
e,f,y,n,t,n,f,c,b,e,e,?,s,s,e,e,p,w,t,e,w,c,w
p,f,y,g,f,f,f,c,b,p,e,b,k,k,p,n,p,w,o,l,h,v,g
p,k,f,n,f,n,f,c,n,w,e,?,k,y,w,n,p,w,o,e,w,v,d
p,f,f,g,f,f,f,c,b,g,e,b,k,k,b,p,p,w,o,l,h,v,d
p,f,f,y,f,f,f,c,b,h,e,b,k,k,n,b,p,w,o,l,h,v,p
p,x,y,n,f,s,f,c,n,b,t,?,s,k,w,p,p,w,o,e,w,v,p
p,f,f,g,f,f,f,c,b,h,e,b,k,k,p,p,p,w,o,l,h,v,d
p,f,f,g,f,f,f,c,b,g,e,b,k,k,b,b,p,w,o,l,h,y,p
p,f,s,w,t,f,f,c,b,w,t,b,f,f,w,w,p,w,o,p,h,v,g
p,f,f,y,f,f,f,c,b,g,e,b,k,k,b,n,p,w,o,l,h,v,d
p,x,y,g,f,f,f,c,b,h,e,b,k,k,p,n,p,w,o,l,h,y,g
p,x,f,y,f,f,f,c,b,h,e,b,k,k,n,p,p,w,o,l,h,y,g
e,x,y,e,t,n,f,c,b,w,e,?,s,s,e,e,p,w,t,e,w,c,w
p,f,y,y,f,f,f,c,b,g,e,b,k,k,n,p,p,w,o,l,h,v,d
p,b,f,y,f,n,f,c,n,w,e,?,k,y,w,n,p,w,o,e,w,v,d
p,f,y,y,f,f,f,c,b,p,e,b,k,k,n,n,p,w,o,l,h,v,d
p,x,s,g,t,f,f,c,b,p,t,b,f,f,w,w,p,w,o,p,h,s,u
p,f,y,y,f,f,f,c,b,h,e,b,k,k,p,p,p,w,o,l,h,v,d
p,f,f,y,f,f,f,c,b,p,e,b,k,k,p,b,p,w,o,l,h,v,g
e,k,y,e,t,n,f,c,b,e,e,?,s,s,w,w,p,w,t,e,w,c,w
p,f,f,y,f,f,f,c,b,p,e,b,k,k,b,p,p,w,o,l,h,v,p
p,f,f,y,f,f,f,c,b,g,e,b,k,k,p,n,p,w,o,l,h,v,p
e,k,y,n,f,n,f,w,n,w,e,b,f,s,w,n,p,w,o,e,w,v,l
p,x,s,w,f,c,f,c,n,p,e,b,s,s,w,w,p,w,o,p,n,v,d
p,x,f,y,f,f,f,c,b,g,e,b,k,k,b,n,p,w,o,l,h,y,g
p,x,f,y,f,f,f,c,b,g,e,b,k,k,n,b,p,w,o,l,h,v,p
p,x,f,y,f,f,f,c,b,g,e,b,k,k,b,n,p,w,o,l,h,y,d
p,f,y,y,f,f,f,c,b,p,e,b,k,k,n,b,p,w,o,l,h,v,p
p,b,s,b,t,n,f,c,b,g,e,b,s,s,w,w,p,w,t,p,r,v,g
p,x,s,w,t,f,f,c,b,h,t,b,f,f,w,w,p,w,o,p,h,v,g
e,f,y,e,t,n,f,c,b,n,t,b,s,s,w,p,p,w,o,p,n,y,d
p,b,s,w,t,n,f,c,b,g,e,b,s,s,w,w,p,w,t,p,r,v,m
e,f,y,p,t,n,f,c,b,w,e,?,s,s,e,e,p,w,t,e,w,c,w
p,x,s,w,t,f,f,c,b,p,t,b,f,f,w,w,p,w,o,p,h,v,g
e,k,y,n,t,n,f,c,b,w,e,?,s,s,w,w,p,w,t,e,w,c,w
p,x,y,y,f,f,f,c,b,h,e,b,k,k,n,b,p,w,o,l,h,y,p
p,f,s,b,t,f,f,c,b,h,t,b,f,s,w,w,p,w,o,p,h,v,u
p,f,y,g,f,f,f,c,b,h,e,b,k,k,n,n,p,w,o,l,h,v,d
p,x,y,y,f,f,f,c,b,h,e,b,k,k,b,n,p,w,o,l,h,v,d
p,x,y,g,f,f,f,c,b,p,e,b,k,k,n,b,p,w,o,l,h,v,d
p,x,f,y,f,f,f,c,b,g,e,b,k,k,n,p,p,w,o,l,h,y,p
p,x,y,y,f,f,f,c,b,h,e,b,k,k,p,b,p,w,o,l,h,v,d
p,x,y,y,f,f,f,c,b,h,e,b,k,k,p,n,p,w,o,l,h,y,d
p,x,f,y,f,f,f,c,b,g,e,b,k,k,b,n,p,w,o,l,h,y,p
p,x,y,g,f,f,f,c,b,g,e,b,k,k,b,b,p,w,o,l,h,y,p
p,f,f,g,f,f,f,c,b,p,e,b,k,k,n,n,p,w,o,l,h,v,p
e,k,s,e,t,n,f,c,b,w,e,?,s,s,e,w,p,w,t,e,w,c,w
e,f,y,n,t,n,f,c,b,e,e,?,s,s,e,w,p,w,t,e,w,c,w
e,f,s,b,t,n,f,c,b,w,e,?,s,s,e,w,p,w,t,e,w,c,w
p,x,y,y,f,f,f,c,b,g,e,b,k,k,b,b,p,w,o,l,h,v,d
e,f,f,g,t,n,f,c,b,u,t,b,s,s,p,p,p,w,o,p,n,v,d
p,f,f,y,f,f,f,c,b,p,e,b,k,k,n,n,p,w,o,l,h,y,p
p,f,y,g,f,f,f,c,b,h,e,b,k,k,p,p,p,w,o,l,h,y,g
p,x,s,g,t,f,f,c,b,p,t,b,f,f,w,w,p,w,o,p,h,v,g
p,f,f,g,f,f,f,c,b,p,e,b,k,k,p,p,p,w,o,l,h,v,p
p,x,f,y,f,f,f,c,b,h,e,b,k,k,p,b,p,w,o,l,h,y,d
p,f,f,y,f,f,f,c,b,p,e,b,k,k,n,p,p,w,o,l,h,v,g
p,x,y,n,f,f,f,c,n,b,t,?,k,k,w,w,p,w,o,e,w,v,l
p,f,f,g,f,f,f,c,b,h,e,b,k,k,b,n,p,w,o,l,h,v,p
e,f,y,n,t,n,f,c,b,e,e,?,s,s,w,w,p,w,t,e,w,c,w
e,f,y,e,t,n,f,c,b,p,t,b,s,s,g,p,p,w,o,p,k,v,d
p,f,y,g,f,f,f,c,b,g,e,b,k,k,p,b,p,w,o,l,h,y,g
p,x,y,y,f,f,f,c,b,h,e,b,k,k,p,p,p,w,o,l,h,v,p
p,f,f,g,f,f,f,c,b,p,e,b,k,k,n,n,p,w,o,l,h,y,d
e,f,f,e,t,n,f,c,b,n,t,b,s,s,p,w,p,w,o,p,n,v,d
p,x,y,y,f,f,f,c,b,h,e,b,k,k,p,b,p,w,o,l,h,v,p
p,f,f,y,f,f,f,c,b,p,e,b,k,k,b,b,p,w,o,l,h,y,p
p,f,f,g,f,f,f,c,b,p,e,b,k,k,p,n,p,w,o,l,h,v,p
p,f,y,y,f,f,f,c,b,g,e,b,k,k,n,b,p,w,o,l,h,y,d
p,x,y,g,f,f,f,c,b,h,e,b,k,k,b,b,p,w,o,l,h,v,d
p,b,y,w,t,n,f,c,b,w,e,b,s,s,w,w,p,w,t,p,r,v,m
p,f,f,y,f,f,f,c,b,p,e,b,k,k,p,p,p,w,o,l,h,y,p
p,x,y,n,f,f,f,c,n,b,t,?,k,s,p,w,p,w,o,e,w,v,d
p,f,f,g,f,f,f,c,b,g,e,b,k,k,p,p,p,w,o,l,h,y,g
p,x,y,y,f,f,f,c,b,g,e,b,k,k,n,n,p,w,o,l,h,v,g
p,f,y,y,f,f,f,c,b,g,e,b,k,k,n,n,p,w,o,l,h,y,p
e,f,y,p,t,n,f,c,b,e,e,?,s,s,e,e,p,w,t,e,w,c,w
p,x,s,w,t,f,f,c,b,h,t,b,s,s,w,w,p,w,o,p,h,s,g
p,f,y,g,f,f,f,c,b,h,e,b,k,k,n,p,p,w,o,l,h,y,g
p,x,y,g,f,f,f,c,b,h,e,b,k,k,b,b,p,w,o,l,h,v,p
p,x,f,y,f,f,f,c,b,p,e,b,k,k,n,p,p,w,o,l,h,v,g
p,f,s,b,t,f,f,c,b,w,t,b,f,s,w,w,p,w,o,p,h,s,u
p,x,f,g,f,c,f,c,n,g,e,b,s,s,w,w,p,w,o,p,k,v,d
p,x,f,y,f,f,f,c,b,g,e,b,k,k,n,n,p,w,o,l,h,y,p
p,f,y,g,f,f,f,c,b,p,e,b,k,k,b,p,p,w,o,l,h,y,g
p,f,y,y,f,f,f,c,b,h,e,b,k,k,n,n,p,w,o,l,h,y,p
e,x,y,r,f,n,f,c,n,p,e,?,s,f,w,w,p,w,o,f,h,y,d
e,f,y,w,f,n,f,c,n,h,e,?,s,f,w,w,p,w,o,f,h,v,d
p,x,f,y,f,f,f,c,b,h,e,b,k,k,n,b,p,w,o,l,h,v,d
p,f,y,y,f,f,f,c,b,h,e,b,k,k,b,n,p,w,o,l,h,y,p
p,f,y,y,f,f,f,c,b,p,e,b,k,k,n,p,p,w,o,l,h,y,g
p,x,y,e,f,y,f,c,n,b,t,?,k,k,p,w,p,w,o,e,w,v,p
p,x,y,e,f,y,f,c,n,b,t,?,k,k,p,w,p,w,o,e,w,v,l
p,x,y,g,f,f,f,c,b,h,e,b,k,k,b,b,p,w,o,l,h,y,d
p,x,y,y,f,f,f,c,b,g,e,b,k,k,n,b,p,w,o,l,h,v,g
p,f,f,g,f,f,f,c,b,h,e,b,k,k,b,n,p,w,o,l,h,y,d
p,x,y,g,f,f,f,c,b,g,e,b,k,k,n,b,p,w,o,l,h,y,g
p,x,y,y,f,f,f,c,b,g,e,b,k,k,p,p,p,w,o,l,h,v,d
p,f,f,y,f,f,f,c,b,h,e,b,k,k,n,b,p,w,o,l,h,y,p
e,f,s,e,t,n,f,c,b,w,e,?,s,s,w,e,p,w,t,e,w,c,w
p,f,f,y,f,f,f,c,b,h,e,b,k,k,b,n,p,w,o,l,h,y,p
p,x,y,y,f,f,f,c,b,h,e,b,k,k,p,p,p,w,o,l,h,y,p
p,f,s,g,t,f,f,c,b,p,t,b,f,s,w,w,p,w,o,p,h,s,g
p,f,f,y,f,f,f,c,b,p,e,b,k,k,b,p,p,w,o,l,h,v,g
p,x,y,y,f,f,f,c,b,h,e,b,k,k,n,n,p,w,o,l,h,y,d
p,x,f,y,f,f,f,c,b,p,e,b,k,k,n,b,p,w,o,l,h,y,p
p,x,s,g,t,f,f,c,b,h,t,b,f,f,w,w,p,w,o,p,h,v,u
p,f,y,g,f,f,f,c,b,p,e,b,k,k,p,p,p,w,o,l,h,y,g
p,f,f,g,f,f,f,c,b,h,e,b,k,k,p,n,p,w,o,l,h,v,g
p,x,s,w,f,c,f,c,n,n,e,b,s,s,w,w,p,w,o,p,k,v,d
p,f,y,g,f,f,f,c,b,p,e,b,k,k,b,b,p,w,o,l,h,y,p
e,f,y,e,t,n,f,c,b,u,t,b,s,s,p,w,p,w,o,p,n,y,d
p,x,f,y,f,f,f,c,b,g,e,b,k,k,p,p,p,w,o,l,h,y,g
p,x,y,y,f,f,f,c,b,p,e,b,k,k,n,p,p,w,o,l,h,y,p
e,k,s,b,t,n,f,c,b,e,e,?,s,s,w,w,p,w,t,e,w,c,w
p,f,f,y,f,f,f,c,b,h,e,b,k,k,b,p,p,w,o,l,h,v,g
p,f,f,y,f,f,f,c,b,g,e,b,k,k,p,p,p,w,o,l,h,v,d
p,x,y,y,f,f,f,c,b,g,e,b,k,k,b,b,p,w,o,l,h,y,g
e,x,f,n,f,n,f,w,n,w,e,b,s,f,w,n,p,w,o,e,w,v,l
e,x,y,e,t,n,f,c,b,e,e,?,s,s,e,e,p,w,t,e,w,c,w
p,x,y,g,f,f,f,c,b,g,e,b,k,k,p,n,p,w,o,l,h,v,p
p,x,f,y,f,f,f,c,b,g,e,b,k,k,p,b,p,w,o,l,h,v,g
p,f,s,g,t,f,f,c,b,h,t,b,f,f,w,w,p,w,o,p,h,v,g
p,x,y,y,f,f,f,c,b,g,e,b,k,k,p,b,p,w,o,l,h,y,g
p,f,y,g,f,f,f,c,b,p,e,b,k,k,b,n,p,w,o,l,h,v,p
p,x,y,g,f,f,f,c,b,p,e,b,k,k,n,b,p,w,o,l,h,v,g
p,x,y,n,f,s,f,c,n,b,t,?,s,k,w,w,p,w,o,e,w,v,p
e,k,s,b,t,n,f,c,b,w,e,?,s,s,e,w,p,w,t,e,w,c,w
p,f,f,y,f,f,f,c,b,g,e,b,k,k,b,p,p,w,o,l,h,y,d
p,x,f,g,f,f,f,c,b,g,e,b,k,k,b,p,p,w,o,l,h,v,p
p,f,y,g,f,f,f,c,b,h,e,b,k,k,b,b,p,w,o,l,h,y,p
p,x,f,y,f,f,f,c,b,g,e,b,k,k,b,n,p,w,o,l,h,v,d
p,f,y,y,f,f,f,c,b,h,e,b,k,k,n,n,p,w,o,l,h,v,g
e,k,s,p,t,n,f,c,b,w,e,?,s,s,e,e,p,w,t,e,w,c,w
p,f,y,n,f,n,f,c,n,w,e,?,k,y,w,n,p,w,o,e,w,v,d
p,x,y,g,f,f,f,c,b,g,e,b,k,k,n,n,p,w,o,l,h,y,d
p,x,f,y,f,f,f,c,b,h,e,b,k,k,n,p,p,w,o,l,h,y,d
p,x,y,g,f,f,f,c,b,h,e,b,k,k,n,b,p,w,o,l,h,v,p
p,f,s,b,t,f,f,c,b,w,t,b,f,f,w,w,p,w,o,p,h,v,u
e,f,s,b,t,n,f,c,b,w,e,?,s,s,w,w,p,w,t,e,w,c,w
p,f,s,w,t,f,f,c,b,w,t,b,f,f,w,w,p,w,o,p,h,s,u
p,f,y,g,f,f,f,c,b,g,e,b,k,k,b,n,p,w,o,l,h,y,p
p,x,f,y,f,f,f,c,b,g,e,b,k,k,b,b,p,w,o,l,h,v,p
p,f,y,g,f,f,f,c,b,h,e,b,k,k,n,n,p,w,o,l,h,v,p
p,f,y,y,f,f,f,c,b,g,e,b,k,k,n,b,p,w,o,l,h,y,g
p,f,f,y,f,f,f,c,b,p,e,b,k,k,n,n,p,w,o,l,h,v,d
p,x,s,b,t,f,f,c,b,h,t,b,s,s,w,w,p,w,o,p,h,v,u
p,f,f,g,f,f,f,c,b,g,e,b,k,k,p,p,p,w,o,l,h,y,p
p,x,y,g,f,f,f,c,b,h,e,b,k,k,p,n,p,w,o,l,h,y,d
p,f,f,y,f,f,f,c,b,p,e,b,k,k,b,b,p,w,o,l,h,y,g
p,f,y,y,f,f,f,c,b,h,e,b,k,k,p,p,p,w,o,l,h,y,d
p,f,s,g,t,f,f,c,b,p,t,b,s,f,w,w,p,w,o,p,h,s,u
e,f,s,b,t,n,f,c,b,w,e,?,s,s,w,e,p,w,t,e,w,c,w
e,x,s,p,t,n,f,c,b,w,e,?,s,s,e,e,p,w,t,e,w,c,w
e,k,s,n,t,n,f,c,b,e,e,?,s,s,w,w,p,w,t,e,w,c,w
p,f,y,p,t,n,f,c,b,g,e,b,s,s,w,w,p,w,t,p,r,v,g
p,f,y,g,f,f,f,c,b,p,e,b,k,k,p,p,p,w,o,l,h,v,p
p,x,y,y,f,f,f,c,b,h,e,b,k,k,b,b,p,w,o,l,h,v,p
p,f,f,g,f,f,f,c,b,g,e,b,k,k,b,p,p,w,o,l,h,v,g
p,f,f,g,f,f,f,c,b,p,e,b,k,k,p,p,p,w,o,l,h,y,d
p,x,f,y,f,f,f,c,b,p,e,b,k,k,b,n,p,w,o,l,h,y,p
p,f,f,g,f,f,f,c,b,p,e,b,k,k,n,b,p,w,o,l,h,v,d
p,f,y,g,f,f,f,c,b,h,e,b,k,k,b,p,p,w,o,l,h,y,d
p,f,y,y,f,f,f,c,b,h,e,b,k,k,b,b,p,w,o,l,h,v,d
p,f,f,y,f,f,f,c,b,p,e,b,k,k,b,b,p,w,o,l,h,v,g
p,f,y,y,f,f,f,c,b,p,e,b,k,k,p,n,p,w,o,l,h,y,g
p,x,y,y,f,f,f,c,b,p,e,b,k,k,p,b,p,w,o,l,h,v,d
p,x,y,y,f,f,f,c,b,h,e,b,k,k,b,n,p,w,o,l,h,y,p
p,f,y,g,f,f,f,c,b,g,e,b,k,k,p,n,p,w,o,l,h,v,g
p,f,f,g,f,f,f,c,b,g,e,b,k,k,b,p,p,w,o,l,h,y,d
p,x,y,y,f,f,f,c,b,g,e,b,k,k,n,p,p,w,o,l,h,v,p
p,x,y,y,f,f,f,c,b,g,e,b,k,k,n,n,p,w,o,l,h,y,p
e,f,y,u,f,n,f,c,n,w,e,?,s,f,w,w,p,w,o,f,h,y,d
p,f,f,g,f,f,f,c,b,g,e,b,k,k,b,b,p,w,o,l,h,v,g
p,x,y,n,f,y,f,c,n,b,t,?,s,s,w,p,p,w,o,e,w,v,l
p,x,y,y,f,f,f,c,b,p,e,b,k,k,p,n,p,w,o,l,h,v,g
p,x,y,y,f,f,f,c,b,p,e,b,k,k,n,n,p,w,o,l,h,y,p
p,x,y,g,f,f,f,c,b,h,e,b,k,k,n,n,p,w,o,l,h,v,g
p,f,f,y,f,f,f,c,b,g,e,b,k,k,b,b,p,w,o,l,h,v,d
p,x,f,y,f,f,f,c,b,p,e,b,k,k,n,p,p,w,o,l,h,y,d
p,x,y,g,f,f,f,c,b,h,e,b,k,k,n,p,p,w,o,l,h,v,p
e,f,s,b,t,n,f,c,b,e,e,?,s,s,w,w,p,w,t,e,w,c,w
p,f,f,g,f,f,f,c,b,h,e,b,k,k,p,p,p,w,o,l,h,y,p
p,f,y,y,f,f,f,c,b,h,e,b,k,k,n,p,p,w,o,l,h,v,d
e,x,s,n,t,n,f,c,b,w,e,?,s,s,w,e,p,w,t,e,w,c,w
p,f,f,g,f,f,f,c,b,g,e,b,k,k,b,n,p,w,o,l,h,y,p
p,x,y,g,f,f,f,c,b,g,e,b,k,k,p,b,p,w,o,l,h,v,d
p,x,y,n,f,f,f,c,n,b,t,?,k,k,p,p,p,w,o,e,w,v,p
p,f,f,y,f,f,f,c,b,g,e,b,k,k,n,n,p,w,o,l,h,v,d
p,x,y,n,f,n,f,c,n,w,e,?,k,y,w,n,p,w,o,e,w,v,d
p,b,s,b,t,n,f,c,b,w,e,b,s,s,w,w,p,w,t,p,r,v,g
p,f,f,y,f,f,f,c,b,p,e,b,k,k,n,b,p,w,o,l,h,v,d
p,f,y,g,f,f,f,c,b,h,e,b,k,k,n,b,p,w,o,l,h,y,d
e,f,y,u,f,n,f,c,n,u,e,?,s,f,w,w,p,w,o,f,h,y,d
p,x,f,y,f,f,f,c,b,g,e,b,k,k,n,n,p,w,o,l,h,v,g
p,f,y,y,f,f,f,c,b,g,e,b,k,k,b,p,p,w,o,l,h,y,g
p,f,f,y,f,f,f,c,b,h,e,b,k,k,n,p,p,w,o,l,h,y,g
p,x,y,y,f,f,f,c,b,h,e,b,k,k,b,p,p,w,o,l,h,y,d
e,x,y,e,t,n,f,c,b,w,e,?,s,s,e,w,p,w,t,e,w,c,w
p,f,f,g,f,f,f,c,b,g,e,b,k,k,p,p,p,w,o,l,h,v,g
p,x,y,y,f,f,f,c,b,g,e,b,k,k,b,n,p,w,o,l,h,v,g
p,x,y,y,f,f,f,c,b,p,e,b,k,k,b,b,p,w,o,l,h,v,p
p,f,y,g,f,f,f,c,b,g,e,b,k,k,b,n,p,w,o,l,h,v,p
e,k,s,b,t,n,f,c,b,w,e,?,s,s,w,e,p,w,t,e,w,c,w
p,f,y,y,f,f,f,c,b,p,e,b,k,k,p,b,p,w,o,l,h,y,d
p,x,y,g,f,f,f,c,b,p,e,b,k,k,b,b,p,w,o,l,h,v,p
p,x,f,y,f,f,f,c,b,h,e,b,k,k,n,n,p,w,o,l,h,v,d
p,f,f,y,f,f,f,c,b,p,e,b,k,k,n,p,p,w,o,l,h,v,p
p,f,s,w,t,f,f,c,b,h,t,b,s,f,w,w,p,w,o,p,h,v,u
p,x,s,g,f,c,f,c,n,p,e,b,s,s,w,w,p,w,o,p,n,v,d
p,f,y,y,f,f,f,c,b,g,e,b,k,k,p,b,p,w,o,l,h,y,d
e,f,y,u,f,n,f,c,n,p,e,?,s,f,w,w,p,w,o,f,h,v,d
p,x,f,y,f,f,f,c,b,g,e,b,k,k,p,p,p,w,o,l,h,y,d
p,f,y,g,f,f,f,c,b,g,e,b,k,k,n,p,p,w,o,l,h,y,d
p,x,f,y,f,f,f,c,b,g,e,b,k,k,n,p,p,w,o,l,h,v,g
p,x,f,y,f,f,f,c,b,h,e,b,k,k,n,b,p,w,o,l,h,v,p
p,x,s,g,t,f,f,c,b,p,t,b,f,s,w,w,p,w,o,p,h,s,u
p,f,y,g,f,f,f,c,b,g,e,b,k,k,p,n,p,w,o,l,h,y,d
p,f,f,y,f,f,f,c,b,h,e,b,k,k,p,n,p,w,o,l,h,y,p
p,f,f,y,f,f,f,c,b,g,e,b,k,k,b,n,p,w,o,l,h,y,d
p,x,y,g,f,f,f,c,b,p,e,b,k,k,p,b,p,w,o,l,h,v,d
p,x,y,g,f,f,f,c,b,g,e,b,k,k,n,b,p,w,o,l,h,v,g
p,x,y,g,f,f,f,c,b,h,e,b,k,k,n,b,p,w,o,l,h,y,d
p,x,f,g,f,f,f,c,b,p,e,b,k,k,p,p,p,w,o,l,h,y,g
p,x,y,y,f,f,f,c,b,g,e,b,k,k,p,n,p,w,o,l,h,y,p
p,f,f,g,f,f,f,c,b,h,e,b,k,k,n,n,p,w,o,l,h,v,g
p,f,f,y,f,f,f,c,b,p,e,b,k,k,b,n,p,w,o,l,h,y,d
p,x,y,g,f,f,f,c,b,h,e,b,k,k,b,p,p,w,o,l,h,y,p
p,f,f,y,f,f,f,c,b,g,e,b,k,k,p,p,p,w,o,l,h,v,p
p,x,y,n,f,s,f,c,n,b,t,?,k,k,w,w,p,w,o,e,w,v,l
p,x,f,y,f,f,f,c,b,h,e,b,k,k,p,b,p,w,o,l,h,y,p
p,x,y,y,f,f,f,c,b,g,e,b,k,k,b,p,p,w,o,l,h,v,p
p,f,s,b,t,f,f,c,b,w,t,b,f,s,w,w,p,w,o,p,h,v,g
p,f,f,g,f,f,f,c,b,h,e,b,k,k,n,p,p,w,o,l,h,v,d
p,f,y,y,f,f,f,c,b,h,e,b,k,k,b,p,p,w,o,l,h,y,p
p,x,f,y,f,f,f,c,b,h,e,b,k,k,n,n,p,w,o,l,h,y,p
p,f,f,g,f,f,f,c,b,p,e,b,k,k,b,n,p,w,o,l,h,v,d
p,x,y,y,f,f,f,c,b,g,e,b,k,k,n,p,p,w,o,l,h,y,d
p,x,y,g,f,f,f,c,b,p,e,b,k,k,b,b,p,w,o,l,h,v,d
p,x,y,e,f,y,f,c,n,b,t,?,k,k,w,w,p,w,o,e,w,v,l
e,k,y,b,t,n,f,c,b,e,e,?,s,s,e,w,p,w,t,e,w,c,w
e,f,y,b,t,n,f,c,b,w,e,?,s,s,e,w,p,w,t,e,w,c,w
p,x,y,g,f,f,f,c,b,p,e,b,k,k,p,p,p,w,o,l,h,y,d
p,f,f,y,f,f,f,c,b,g,e,b,k,k,b,p,p,w,o,l,h,y,p
p,x,y,g,f,f,f,c,b,h,e,b,k,k,n,b,p,w,o,l,h,y,g
p,f,y,g,f,f,f,c,b,g,e,b,k,k,b,p,p,w,o,l,h,y,g
p,x,s,b,t,f,f,c,b,w,t,b,s,f,w,w,p,w,o,p,h,s,u
p,f,y,y,f,f,f,c,b,h,e,b,k,k,b,p,p,w,o,l,h,v,p
p,x,s,w,t,f,f,c,b,p,t,b,f,f,w,w,p,w,o,p,h,s,u
p,x,f,y,f,f,f,c,b,p,e,b,k,k,b,n,p,w,o,l,h,v,p
p,x,y,g,f,f,f,c,b,p,e,b,k,k,b,p,p,w,o,l,h,y,p
p,x,s,w,t,f,f,c,b,p,t,b,s,f,w,w,p,w,o,p,h,s,u
p,f,s,b,t,f,f,c,b,p,t,b,f,f,w,w,p,w,o,p,h,s,g
p,x,s,w,t,f,f,c,b,h,t,b,f,s,w,w,p,w,o,p,h,s,u
p,f,f,y,f,f,f,c,b,p,e,b,k,k,n,b,p,w,o,l,h,y,d
p,f,y,g,f,f,f,c,b,g,e,b,k,k,p,b,p,w,o,l,h,y,p
p,x,f,y,f,f,f,c,b,h,e,b,k,k,b,n,p,w,o,l,h,v,g
p,f,f,g,f,f,f,c,b,h,e,b,k,k,n,b,p,w,o,l,h,v,p
e,x,y,w,f,n,f,c,n,u,e,?,s,f,w,w,p,w,o,f,h,y,d
e,x,s,e,t,n,f,c,b,e,e,?,s,s,w,w,p,w,t,e,w,c,w
p,x,y,g,f,f,f,c,b,p,e,b,k,k,p,p,p,w,o,l,h,v,g
p,f,f,g,f,f,f,c,b,h,e,b,k,k,n,b,p,w,o,l,h,v,g
p,x,y,n,f,y,f,c,n,b,t,?,k,s,p,w,p,w,o,e,w,v,l
p,x,y,g,f,f,f,c,b,h,e,b,k,k,p,b,p,w,o,l,h,v,p
p,f,f,g,f,f,f,c,b,h,e,b,k,k,n,p,p,w,o,l,h,y,p
p,f,f,y,f,f,f,c,b,h,e,b,k,k,b,n,p,w,o,l,h,v,p
p,f,f,y,f,f,f,c,b,h,e,b,k,k,b,p,p,w,o,l,h,y,d
e,f,f,e,t,n,f,c,b,n,t,b,s,s,g,w,p,w,o,p,n,y,d
p,x,y,y,f,f,f,c,b,p,e,b,k,k,n,b,p,w,o,l,h,y,g
p,f,y,y,f,f,f,c,b,g,e,b,k,k,n,b,p,w,o,l,h,v,d
p,f,f,g,f,f,f,c,b,g,e,b,k,k,b,p,p,w,o,l,h,v,p
p,x,y,y,f,f,f,c,b,h,e,b,k,k,p,p,p,w,o,l,h,y,g
p,x,f,y,f,f,f,c,b,g,e,b,k,k,p,b,p,w,o,l,h,y,p
p,k,f,y,f,n,f,c,n,w,e,?,k,y,w,n,p,w,o,e,w,v,d
p,f,f,y,f,f,f,c,b,h,e,b,k,k,n,b,p,w,o,l,h,y,g
e,k,f,c,f,n,f,w,n,w,e,b,f,s,w,n,p,w,o,e,w,v,l
p,f,f,g,f,f,f,c,b,h,e,b,k,k,n,n,p,w,o,l,h,v,p
p,f,y,y,f,f,f,c,b,h,e,b,k,k,n,p,p,w,o,l,h,y,p
p,x,y,g,f,f,f,c,b,g,e,b,k,k,b,b,p,w,o,l,h,v,d
p,x,y,g,f,f,f,c,b,p,e,b,k,k,p,b,p,w,o,l,h,v,p
p,f,f,y,f,f,f,c,b,h,e,b,k,k,p,p,p,w,o,l,h,v,g
p,f,y,y,f,f,f,c,b,h,e,b,k,k,p,n,p,w,o,l,h,v,d
p,x,f,y,f,f,f,c,b,p,e,b,k,k,n,n,p,w,o,l,h,y,d
p,f,f,y,f,f,f,c,b,p,e,b,k,k,n,n,p,w,o,l,h,v,p
p,x,y,y,f,f,f,c,b,g,e,b,k,k,n,b,p,w,o,l,h,y,d
p,b,y,p,t,n,f,c,b,w,e,b,s,s,w,w,p,w,t,p,r,v,g
e,k,y,p,t,n,f,c,b,e,e,?,s,s,w,w,p,w,t,e,w,c,w
p,x,y,y,f,f,f,c,b,g,e,b,k,k,b,b,p,w,o,l,h,v,p
p,x,f,y,f,f,f,c,b,p,e,b,k,k,p,p,p,w,o,l,h,v,g
e,k,y,b,t,n,f,c,b,e,e,?,s,s,w,e,p,w,t,e,w,c,w
p,f,y,y,f,f,f,c,b,p,e,b,k,k,n,n,p,w,o,l,h,y,d
p,x,s,w,t,f,f,c,b,p,t,b,s,s,w,w,p,w,o,p,h,s,u
p,x,y,n,f,s,f,c,n,b,t,?,k,k,w,w,p,w,o,e,w,v,p
p,x,y,n,f,y,f,c,n,b,t,?,s,k,w,w,p,w,o,e,w,v,d
p,x,y,e,f,y,f,c,n,b,t,?,k,k,w,w,p,w,o,e,w,v,p
p,f,g,w,t,n,f,w,n,w,e,b,s,s,w,w,p,w,o,p,w,c,l
p,x,s,g,t,f,f,c,b,p,t,b,f,s,w,w,p,w,o,p,h,v,u
e,f,y,c,f,n,f,w,n,w,e,b,f,s,w,n,p,w,o,e,w,v,l
p,x,y,g,f,f,f,c,b,p,e,b,k,k,p,b,p,w,o,l,h,y,g
p,f,y,y,f,f,f,c,b,g,e,b,k,k,b,p,p,w,o,l,h,v,d
p,f,y,y,f,f,f,c,b,p,e,b,k,k,b,p,p,w,o,l,h,y,p
e,f,y,p,t,n,f,c,b,w,e,?,s,s,w,e,p,w,t,e,w,c,w
p,x,s,b,t,f,f,c,b,w,t,b,f,s,w,w,p,w,o,p,h,v,g
p,x,s,g,t,f,f,c,b,h,t,b,s,f,w,w,p,w,o,p,h,s,g
p,x,y,e,f,y,f,c,n,b,t,?,k,s,p,p,p,w,o,e,w,v,p
e,k,y,c,f,n,f,w,n,w,e,b,s,f,w,n,p,w,o,e,w,v,l
p,x,s,w,t,f,f,c,b,w,t,b,s,f,w,w,p,w,o,p,h,s,u
p,x,s,w,t,f,f,c,b,h,t,b,s,f,w,w,p,w,o,p,h,v,g
p,f,s,b,t,f,f,c,b,w,t,b,s,f,w,w,p,w,o,p,h,v,u
p,f,s,b,t,f,f,c,b,p,t,b,s,s,w,w,p,w,o,p,h,v,g
e,k,y,c,f,n,f,w,n,w,e,b,f,s,w,n,p,w,o,e,w,v,l
p,x,y,g,f,f,f,c,b,g,e,b,k,k,n,n,p,w,o,l,h,v,d
p,f,s,w,t,f,f,c,b,h,t,b,f,f,w,w,p,w,o,p,h,v,g
p,f,s,g,t,f,f,c,b,w,t,b,s,s,w,w,p,w,o,p,h,s,u
p,c,g,w,t,n,f,w,n,w,e,b,s,s,w,w,p,w,o,p,w,c,l
p,x,s,g,t,f,f,c,b,p,t,b,s,f,w,w,p,w,o,p,h,s,u
p,b,g,w,t,n,f,w,n,w,e,b,s,s,w,w,p,w,o,p,w,c,l
p,x,s,b,t,f,f,c,b,p,t,b,s,s,w,w,p,w,o,p,h,v,g
p,f,s,w,t,f,f,c,b,h,t,b,f,f,w,w,p,w,o,p,h,s,u
p,b,f,y,f,n,f,c,n,w,e,?,k,y,w,y,p,w,o,e,w,v,d
p,x,y,n,f,s,f,c,n,b,t,?,s,s,w,p,p,w,o,e,w,v,d
p,x,y,n,f,y,f,c,n,b,t,?,k,s,p,p,p,w,o,e,w,v,d
e,k,s,n,t,n,f,c,b,w,e,?,s,s,e,w,p,w,t,e,w,c,w
e,k,y,b,t,n,f,c,b,w,e,?,s,s,e,e,p,w,t,e,w,c,w
p,f,s,w,t,f,f,c,b,w,t,b,s,s,w,w,p,w,o,p,h,v,g
p,f,s,b,t,n,f,c,b,w,e,b,s,s,w,w,p,w,t,p,r,v,m
p,f,y,y,f,f,f,c,b,p,e,b,k,k,b,b,p,w,o,l,h,y,p
p,x,y,g,f,f,f,c,b,p,e,b,k,k,p,n,p,w,o,l,h,y,g
p,f,s,b,t,n,f,c,b,r,e,b,s,s,w,w,p,w,t,p,r,v,g
p,x,y,n,f,f,f,c,n,b,t,?,k,s,p,p,p,w,o,e,w,v,p
p,x,y,e,f,y,f,c,n,b,t,?,k,k,p,p,p,w,o,e,w,v,p
p,f,f,g,f,f,f,c,b,p,e,b,k,k,b,b,p,w,o,l,h,y,d
e,x,s,e,t,n,f,c,b,e,e,?,s,s,e,w,p,w,t,e,w,c,w
p,x,y,n,f,f,f,c,n,b,t,?,k,k,p,p,p,w,o,e,w,v,l
p,x,f,y,f,f,f,c,b,g,e,b,k,k,p,b,p,w,o,l,h,y,g
p,x,y,n,f,y,f,c,n,b,t,?,k,s,w,w,p,w,o,e,w,v,d
e,f,f,n,f,n,f,w,n,w,e,b,s,f,w,n,p,w,o,e,w,v,l
p,x,y,n,f,f,f,c,n,b,t,?,s,k,w,p,p,w,o,e,w,v,p
e,x,s,b,t,n,f,c,b,e,e,?,s,s,e,e,p,w,t,e,w,c,w
e,f,y,n,t,n,f,c,b,w,e,?,s,s,w,e,p,w,t,e,w,c,w
p,f,y,y,f,f,f,c,b,g,e,b,k,k,p,b,p,w,o,l,h,y,p
p,f,y,b,t,n,f,c,b,r,e,b,s,s,w,w,p,w,t,p,r,v,m
p,x,y,n,f,n,f,c,n,w,e,?,k,y,w,y,p,w,o,e,w,v,d
p,x,y,n,f,y,f,c,n,b,t,?,s,k,w,w,p,w,o,e,w,v,l
p,x,s,b,t,f,f,c,b,w,t,b,s,s,w,w,p,w,o,p,h,s,g
p,x,s,b,t,f,f,c,b,h,t,b,f,s,w,w,p,w,o,p,h,v,g
p,f,y,y,f,f,f,c,b,h,e,b,k,k,p,n,p,w,o,l,h,y,p
p,f,s,g,t,f,f,c,b,w,t,b,s,f,w,w,p,w,o,p,h,v,g
p,x,y,n,f,f,f,c,n,b,t,?,s,k,w,w,p,w,o,e,w,v,l
p,x,s,b,t,f,f,c,b,p,t,b,f,s,w,w,p,w,o,p,h,v,g
p,f,f,n,f,n,f,c,n,w,e,?,k,y,w,y,p,w,o,e,w,v,d
e,x,y,e,t,n,f,c,b,w,e,?,s,s,w,w,p,w,t,e,w,c,w
p,f,s,b,t,f,f,c,b,w,t,b,f,f,w,w,p,w,o,p,h,s,g
p,f,s,w,t,f,f,c,b,p,t,b,f,s,w,w,p,w,o,p,h,s,g
e,k,y,e,t,n,f,c,b,w,e,?,s,s,e,e,p,w,t,e,w,c,w
p,x,f,y,f,f,f,c,b,p,e,b,k,k,n,p,p,w,o,l,h,y,p
p,x,f,n,f,n,f,c,n,w,e,?,k,y,w,n,p,w,o,e,w,v,d
e,x,y,n,t,n,f,c,b,e,e,?,s,s,e,w,p,w,t,e,w,c,w
p,x,y,g,f,f,f,c,b,p,e,b,k,k,p,p,p,w,o,l,h,y,g
p,f,s,b,t,f,f,c,b,h,t,b,f,s,w,w,p,w,o,p,h,v,g
p,f,s,b,t,f,f,c,b,h,t,b,f,s,w,w,p,w,o,p,h,s,g
p,f,y,y,f,f,f,c,b,h,e,b,k,k,b,p,p,w,o,l,h,v,g
p,f,y,y,f,f,f,c,b,h,e,b,k,k,p,b,p,w,o,l,h,v,d
e,x,s,p,t,n,f,c,b,w,e,?,s,s,w,w,p,w,t,e,w,c,w
e,f,s,p,t,n,f,c,b,e,e,?,s,s,e,e,p,w,t,e,w,c,w
p,b,y,w,t,n,f,c,b,r,e,b,s,s,w,w,p,w,t,p,r,v,g
e,x,y,c,f,n,f,w,n,w,e,b,f,f,w,n,p,w,o,e,w,v,l
e,f,s,n,t,n,f,c,b,w,e,?,s,s,e,w,p,w,t,e,w,c,w
p,x,s,b,t,f,f,c,b,h,t,b,f,s,w,w,p,w,o,p,h,v,u
p,x,s,g,t,f,f,c,b,w,t,b,f,s,w,w,p,w,o,p,h,v,g
p,f,y,y,f,f,f,c,b,g,e,b,k,k,b,p,p,w,o,l,h,y,d
p,x,s,b,t,f,f,c,b,w,t,b,f,s,w,w,p,w,o,p,h,v,u
p,x,s,w,t,f,f,c,b,p,t,b,s,s,w,w,p,w,o,p,h,s,g
e,f,y,c,f,n,f,w,n,w,e,b,s,f,w,n,p,w,o,e,w,v,l
p,x,y,e,f,y,f,c,n,b,t,?,k,s,w,w,p,w,o,e,w,v,d
p,f,f,y,f,f,f,c,b,h,e,b,k,k,n,p,p,w,o,l,h,y,d
e,x,y,w,f,n,f,c,n,h,e,?,s,f,w,w,p,w,o,f,h,v,d
p,x,y,y,f,f,f,c,b,p,e,b,k,k,b,p,p,w,o,l,h,v,p
p,f,y,p,t,n,f,c,b,w,e,b,s,s,w,w,p,w,t,p,r,v,g
p,f,s,g,t,f,f,c,b,h,t,b,f,s,w,w,p,w,o,p,h,v,u
p,x,y,n,f,s,f,c,n,b,t,?,s,s,w,w,p,w,o,e,w,v,d
e,k,s,p,t,n,f,c,b,w,e,?,s,s,e,w,p,w,t,e,w,c,w
p,x,y,n,f,f,f,c,n,b,t,?,k,k,w,p,p,w,o,e,w,v,l
p,x,y,g,f,f,f,c,b,g,e,b,k,k,n,b,p,w,o,l,h,v,p
p,f,s,b,t,f,f,c,b,h,t,b,f,f,w,w,p,w,o,p,h,s,u
e,k,y,p,t,n,f,c,b,e,e,?,s,s,w,e,p,w,t,e,w,c,w
p,x,f,y,f,f,f,c,b,h,e,b,k,k,p,b,p,w,o,l,h,v,p
p,f,y,g,f,f,f,c,b,g,e,b,k,k,n,n,p,w,o,l,h,v,g
p,f,f,g,f,f,f,c,b,g,e,b,k,k,n,p,p,w,o,l,h,y,d
p,x,s,b,t,f,f,c,b,p,t,b,s,f,w,w,p,w,o,p,h,s,g
p,x,y,n,f,f,f,c,n,b,t,?,s,s,w,w,p,w,o,e,w,v,p
p,x,y,y,f,f,f,c,b,p,e,b,k,k,p,p,p,w,o,l,h,v,d
p,f,f,y,f,f,f,c,b,h,e,b,k,k,n,n,p,w,o,l,h,v,d
p,f,f,n,f,n,f,c,n,w,e,?,k,y,w,n,p,w,o,e,w,v,d
e,k,s,b,t,n,f,c,b,w,e,?,s,s,w,w,p,w,t,e,w,c,w
p,f,y,y,f,f,f,c,b,h,e,b,k,k,p,n,p,w,o,l,h,v,g
p,x,y,e,f,y,f,c,n,b,t,?,k,s,p,w,p,w,o,e,w,v,l
p,x,s,g,t,f,f,c,b,h,t,b,f,f,w,w,p,w,o,p,h,s,u
e,f,s,n,t,n,f,c,b,e,e,?,s,s,w,e,p,w,t,e,w,c,w
p,x,y,g,f,f,f,c,b,g,e,b,k,k,p,p,p,w,o,l,h,v,p
p,x,y,n,f,y,f,c,n,b,t,?,s,s,p,p,p,w,o,e,w,v,d
p,x,s,g,t,f,f,c,b,p,t,b,s,s,w,w,p,w,o,p,h,v,u
p,x,s,g,t,f,f,c,b,h,t,b,f,s,w,w,p,w,o,p,h,v,g
p,f,y,p,t,n,f,c,b,w,e,b,s,s,w,w,p,w,t,p,r,v,m
e,k,y,b,t,n,f,c,b,w,e,?,s,s,e,w,p,w,t,e,w,c,w
p,x,s,w,t,f,f,c,b,w,t,b,s,s,w,w,p,w,o,p,h,v,u
p,x,y,n,f,y,f,c,n,b,t,?,s,s,w,p,p,w,o,e,w,v,d
e,k,y,n,t,n,f,c,b,w,e,?,s,s,e,w,p,w,t,e,w,c,w
p,f,y,y,f,f,f,c,b,g,e,b,k,k,n,p,p,w,o,l,h,y,d
e,x,y,p,t,n,f,c,b,w,e,?,s,s,e,e,p,w,t,e,w,c,w
p,f,s,g,t,f,f,c,b,p,t,b,f,f,w,w,p,w,o,p,h,s,u
e,x,s,p,t,n,f,c,b,e,e,?,s,s,w,e,p,w,t,e,w,c,w
p,b,y,n,f,n,f,c,n,w,e,?,k,y,w,n,p,w,o,e,w,v,d
p,f,s,b,t,f,f,c,b,h,t,b,f,f,w,w,p,w,o,p,h,v,g
p,x,y,n,f,f,f,c,n,b,t,?,k,s,p,w,p,w,o,e,w,v,p
p,x,y,n,f,f,f,c,n,b,t,?,k,k,w,w,p,w,o,e,w,v,d
p,x,s,b,t,f,f,c,b,w,t,b,s,s,w,w,p,w,o,p,h,s,u
p,x,y,n,f,f,f,c,n,b,t,?,s,s,w,p,p,w,o,e,w,v,l
e,k,y,p,t,n,f,c,b,w,e,?,s,s,w,e,p,w,t,e,w,c,w
e,k,f,c,f,n,f,w,n,w,e,b,f,f,w,n,p,w,o,e,w,v,l
p,x,y,y,f,f,f,c,b,h,e,b,k,k,b,n,p,w,o,l,h,v,g
e,x,s,n,t,n,f,c,b,w,e,?,s,s,e,w,p,w,t,e,w,c,w
p,f,f,g,f,f,f,c,b,p,e,b,k,k,b,p,p,w,o,l,h,y,p
p,f,y,y,f,f,f,c,b,p,e,b,k,k,n,b,p,w,o,l,h,v,d
p,f,s,g,t,f,f,c,b,w,t,b,s,f,w,w,p,w,o,p,h,v,u
p,k,y,w,t,n,f,w,n,w,e,b,s,s,w,w,p,w,o,p,w,c,l
e,k,f,n,f,n,f,w,n,w,e,b,f,f,w,n,p,w,o,e,w,v,l
p,k,f,y,f,n,f,c,n,w,e,?,k,y,w,y,p,w,o,e,w,v,d
p,f,s,w,t,f,f,c,b,w,t,b,f,f,w,w,p,w,o,p,h,s,g
p,f,y,y,f,n,f,c,n,w,e,?,k,y,w,y,p,w,o,e,w,v,d
p,f,y,y,f,f,f,c,b,g,e,b,k,k,p,p,p,w,o,l,h,v,d
e,k,s,b,t,n,f,c,b,e,e,?,s,s,w,e,p,w,t,e,w,c,w
p,f,y,y,f,f,f,c,b,p,e,b,k,k,p,p,p,w,o,l,h,v,p
p,x,y,n,f,y,f,c,n,b,t,?,s,s,w,w,p,w,o,e,w,v,p
p,x,y,y,f,f,f,c,b,h,e,b,k,k,p,b,p,w,o,l,h,y,d
p,x,y,y,f,f,f,c,b,p,e,b,k,k,p,p,p,w,o,l,h,v,p
p,b,y,w,t,n,f,c,b,w,e,b,s,s,w,w,p,w,t,p,r,v,g
p,f,y,y,f,f,f,c,b,g,e,b,k,k,p,b,p,w,o,l,h,y,g
p,x,s,w,t,f,f,c,b,p,t,b,s,f,w,w,p,w,o,p,h,v,g
p,x,s,b,t,f,f,c,b,w,t,b,s,s,w,w,p,w,o,p,h,v,g
e,k,y,b,t,n,f,c,b,w,e,?,s,s,w,e,p,w,t,e,w,c,w
p,f,y,y,f,f,f,c,b,g,e,b,k,k,b,n,p,w,o,l,h,v,p
p,x,s,b,t,f,f,c,b,p,t,b,f,f,w,w,p,w,o,p,h,s,g
p,b,y,b,t,n,f,c,b,w,e,b,s,s,w,w,p,w,t,p,r,v,m
p,x,s,w,t,f,f,c,b,w,t,b,s,f,w,w,p,w,o,p,h,v,g
e,k,s,n,t,n,f,c,b,w,e,?,s,s,w,e,p,w,t,e,w,c,w
p,f,s,g,t,f,f,c,b,w,t,b,f,s,w,w,p,w,o,p,h,s,u
p,x,f,y,f,n,f,c,n,w,e,?,k,y,w,y,p,w,o,e,w,v,d
p,f,s,g,t,f,f,c,b,p,t,b,s,s,w,w,p,w,o,p,h,v,g
p,f,y,y,f,f,f,c,b,g,e,b,k,k,p,n,p,w,o,l,h,y,d
p,k,y,n,f,n,f,c,n,w,e,?,k,y,w,y,p,w,o,e,w,v,d
p,f,s,b,t,f,f,c,b,p,t,b,s,f,w,w,p,w,o,p,h,s,u
e,f,s,e,t,n,f,c,b,w,e,?,s,s,w,w,p,w,t,e,w,c,w
p,x,y,n,f,f,f,c,n,b,t,?,s,s,p,p,p,w,o,e,w,v,d
p,x,y,n,f,y,f,c,n,b,t,?,s,s,w,w,p,w,o,e,w,v,d
p,x,y,n,f,y,f,c,n,b,t,?,s,s,w,w,p,w,o,e,w,v,l
p,x,s,w,t,f,f,c,b,h,t,b,f,s,w,w,p,w,o,p,h,v,u
e,k,s,n,t,n,f,c,b,e,e,?,s,s,e,e,p,w,t,e,w,c,w
p,f,y,g,f,f,f,c,b,p,e,b,k,k,n,p,p,w,o,l,h,y,g
e,x,s,b,t,n,f,c,b,e,e,?,s,s,w,e,p,w,t,e,w,c,w
p,f,s,w,t,f,f,c,b,w,t,b,f,s,w,w,p,w,o,p,h,s,u
e,k,f,n,f,n,f,w,n,w,e,b,s,s,w,n,p,w,o,e,w,v,l
p,x,y,n,f,s,f,c,n,b,t,?,k,s,w,w,p,w,o,e,w,v,l
p,f,s,w,t,f,f,c,b,h,t,b,f,s,w,w,p,w,o,p,h,v,g
p,x,s,g,t,f,f,c,b,h,t,b,s,s,w,w,p,w,o,p,h,v,u
p,k,y,y,f,n,f,c,n,w,e,?,k,y,w,y,p,w,o,e,w,v,d
p,f,s,w,t,n,f,c,b,w,e,b,s,s,w,w,p,w,t,p,r,v,m
p,f,f,y,f,f,f,c,b,g,e,b,k,k,n,b,p,w,o,l,h,y,p
e,k,y,p,t,n,f,c,b,w,e,?,s,s,e,w,p,w,t,e,w,c,w
p,f,y,w,t,n,f,w,n,w,e,b,s,s,w,w,p,w,o,p,w,c,l
p,f,s,b,t,f,f,c,b,p,t,b,f,s,w,w,p,w,o,p,h,v,u
e,f,y,w,f,n,f,c,n,u,e,?,s,f,w,w,p,w,o,f,h,y,d
e,x,y,r,f,n,f,c,n,w,e,?,s,f,w,w,p,w,o,f,h,v,d
e,x,s,b,t,n,f,c,b,w,e,?,s,s,w,e,p,w,t,e,w,c,w
p,f,s,g,t,f,f,c,b,h,t,b,s,s,w,w,p,w,o,p,h,v,g
p,x,y,e,f,y,f,c,n,b,t,?,s,k,p,w,p,w,o,e,w,v,d
p,f,y,y,f,f,f,c,b,g,e,b,k,k,n,b,p,w,o,l,h,y,p
p,f,s,g,t,f,f,c,b,w,t,b,s,s,w,w,p,w,o,p,h,s,g
p,f,s,b,t,f,f,c,b,h,t,b,s,s,w,w,p,w,o,p,h,s,g
e,f,s,e,t,n,f,c,b,e,e,?,s,s,e,w,p,w,t,e,w,c,w
p,x,y,e,f,y,f,c,n,b,t,?,k,k,w,p,p,w,o,e,w,v,d
p,f,f,g,f,f,f,c,b,p,e,b,k,k,b,b,p,w,o,l,h,y,g
p,f,y,y,f,f,f,c,b,g,e,b,k,k,b,b,p,w,o,l,h,y,d
e,x,s,n,t,n,f,c,b,e,e,?,s,s,e,w,p,w,t,e,w,c,w
p,f,s,g,t,f,f,c,b,p,t,b,f,f,w,w,p,w,o,p,h,s,g
p,x,y,n,f,s,f,c,n,b,t,?,s,s,p,w,p,w,o,e,w,v,l
p,f,s,w,t,f,f,c,b,p,t,b,s,s,w,w,p,w,o,p,h,s,g
e,x,f,c,f,n,f,w,n,w,e,b,s,s,w,n,p,w,o,e,w,v,l
p,f,s,g,t,f,f,c,b,w,t,b,f,s,w,w,p,w,o,p,h,v,g
p,f,f,g,f,f,f,c,b,p,e,b,k,k,n,p,p,w,o,l,h,v,p
e,x,y,r,f,n,f,c,n,w,e,?,s,f,w,w,p,w,o,f,h,y,d
p,x,f,y,f,f,f,c,b,g,e,b,k,k,p,b,p,w,o,l,h,v,p
p,x,y,n,f,f,f,c,n,b,t,?,s,k,p,p,p,w,o,e,w,v,l
p,x,y,n,f,s,f,c,n,b,t,?,s,s,w,w,p,w,o,e,w,v,l
e,f,y,e,t,n,f,c,b,w,e,?,s,s,e,w,p,w,t,e,w,c,w
p,x,s,g,t,f,f,c,b,w,t,b,s,f,w,w,p,w,o,p,h,v,u
e,k,y,n,t,n,f,c,b,w,e,?,s,s,w,e,p,w,t,e,w,c,w
e,f,y,e,t,n,f,c,b,e,e,?,s,s,w,w,p,w,t,e,w,c,w
p,x,y,n,f,f,f,c,n,b,t,?,s,k,p,p,p,w,o,e,w,v,p
p,b,y,n,f,n,f,c,n,w,e,?,k,y,w,y,p,w,o,e,w,v,d
p,x,y,n,f,s,f,c,n,b,t,?,s,s,w,p,p,w,o,e,w,v,p
e,f,y,b,t,n,f,c,b,e,e,?,s,s,w,e,p,w,t,e,w,c,w
p,x,s,w,t,f,f,c,b,h,t,b,f,s,w,w,p,w,o,p,h,v,g
p,f,y,y,f,f,f,c,b,p,e,b,k,k,p,b,p,w,o,l,h,v,g
e,f,y,n,t,n,f,c,b,w,e,?,s,s,w,w,p,w,t,e,w,c,w
p,b,y,w,t,n,f,c,b,g,e,b,s,s,w,w,p,w,t,p,r,v,m
e,x,y,n,f,n,f,w,n,w,e,b,s,f,w,n,p,w,o,e,w,v,l
p,f,y,y,f,f,f,c,b,g,e,b,k,k,n,p,p,w,o,l,h,v,p
p,x,s,b,t,f,f,c,b,h,t,b,f,s,w,w,p,w,o,p,h,s,g
p,x,y,n,f,s,f,c,n,b,t,?,s,s,w,p,p,w,o,e,w,v,l
p,x,s,g,t,f,f,c,b,h,t,b,s,s,w,w,p,w,o,p,h,s,u
p,f,s,g,t,f,f,c,b,w,t,b,s,f,w,w,p,w,o,p,h,s,u
p,x,y,n,f,f,f,c,n,b,t,?,k,s,w,w,p,w,o,e,w,v,p
e,f,y,w,f,n,f,c,n,p,e,?,s,f,w,w,p,w,o,f,h,v,d
p,x,y,n,f,s,f,c,n,b,t,?,k,s,p,w,p,w,o,e,w,v,l
p,f,f,g,f,f,f,c,b,g,e,b,k,k,n,b,p,w,o,l,h,v,g
p,x,y,e,f,y,f,c,n,b,t,?,k,s,p,p,p,w,o,e,w,v,l
p,x,s,w,t,f,f,c,b,w,t,b,s,s,w,w,p,w,o,p,h,v,g
p,f,y,g,f,f,f,c,b,p,e,b,k,k,n,b,p,w,o,l,h,v,d
p,x,s,w,t,f,f,c,b,h,t,b,s,f,w,w,p,w,o,p,h,s,u
p,k,y,y,f,n,f,c,n,w,e,?,k,y,w,n,p,w,o,e,w,v,d
p,f,s,w,t,f,f,c,b,w,t,b,s,f,w,w,p,w,o,p,h,v,u
p,f,s,g,t,f,f,c,b,h,t,b,f,f,w,w,p,w,o,p,h,v,u
e,x,y,c,f,n,f,w,n,w,e,b,f,s,w,n,p,w,o,e,w,v,l
p,x,s,w,t,f,f,c,b,h,t,b,s,s,w,w,p,w,o,p,h,v,u
p,x,y,n,f,s,f,c,n,b,t,?,k,k,w,p,p,w,o,e,w,v,p
p,f,y,p,t,n,f,c,b,r,e,b,s,s,w,w,p,w,t,p,r,v,g
p,f,y,y,f,f,f,c,b,p,e,b,k,k,p,b,p,w,o,l,h,y,p
e,x,s,p,t,n,f,c,b,e,e,?,s,s,e,e,p,w,t,e,w,c,w
p,f,y,b,t,n,f,c,b,r,e,b,s,s,w,w,p,w,t,p,r,v,g
p,x,f,y,f,n,f,c,n,w,e,?,k,y,w,n,p,w,o,e,w,v,d
p,f,y,y,f,f,f,c,b,h,e,b,k,k,p,b,p,w,o,l,h,y,p
e,f,f,n,f,n,f,w,n,w,e,b,f,f,w,n,p,w,o,e,w,v,l
e,x,f,n,f,n,f,w,n,w,e,b,f,s,w,n,p,w,o,e,w,v,l
p,x,y,n,f,y,f,c,n,b,t,?,s,k,w,p,p,w,o,e,w,v,l
p,f,s,g,t,f,f,c,b,p,t,b,f,s,w,w,p,w,o,p,h,v,u
p,x,s,b,t,f,f,c,b,h,t,b,f,f,w,w,p,w,o,p,h,s,u
p,f,s,g,t,f,f,c,b,w,t,b,s,s,w,w,p,w,o,p,h,v,g
p,x,s,b,t,f,f,c,b,h,t,b,f,f,w,w,p,w,o,p,h,s,g
e,x,y,r,f,n,f,c,n,h,e,?,s,f,w,w,p,w,o,f,h,v,d
p,f,y,y,f,f,f,c,b,h,e,b,k,k,b,b,p,w,o,l,h,y,d
p,f,s,g,t,f,f,c,b,h,t,b,f,s,w,w,p,w,o,p,h,s,u
p,x,y,n,f,f,f,c,n,b,t,?,s,s,p,p,p,w,o,e,w,v,p
p,f,y,y,f,f,f,c,b,h,e,b,k,k,p,b,p,w,o,l,h,y,g
p,f,s,w,t,f,f,c,b,w,t,b,f,f,w,w,p,w,o,p,h,v,u
p,x,s,w,t,f,f,c,b,w,t,b,f,s,w,w,p,w,o,p,h,s,u
p,f,y,g,f,f,f,c,b,p,e,b,k,k,p,p,p,w,o,l,h,y,p
p,f,y,y,f,f,f,c,b,h,e,b,k,k,b,b,p,w,o,l,h,y,p
p,x,y,n,f,f,f,c,n,b,t,?,s,s,p,w,p,w,o,e,w,v,d
p,x,y,y,f,n,f,c,n,w,e,?,k,y,w,n,p,w,o,e,w,v,d
e,f,s,n,t,n,f,c,b,e,e,?,s,s,e,e,p,w,t,e,w,c,w
p,f,y,y,f,f,f,c,b,p,e,b,k,k,p,p,p,w,o,l,h,y,d
p,f,s,g,t,f,f,c,b,h,t,b,s,f,w,w,p,w,o,p,h,s,u
p,x,y,n,f,y,f,c,n,b,t,?,k,s,p,p,p,w,o,e,w,v,l
p,f,y,y,f,f,f,c,b,h,e,b,k,k,n,b,p,w,o,l,h,v,d
p,f,y,y,f,f,f,c,b,g,e,b,k,k,b,n,p,w,o,l,h,y,d
p,f,s,w,t,f,f,c,b,h,t,b,s,s,w,w,p,w,o,p,h,s,u
p,f,s,p,t,n,f,c,b,w,e,b,s,s,w,w,p,w,t,p,r,v,m
p,f,y,y,f,f,f,c,b,h,e,b,k,k,p,n,p,w,o,l,h,y,g
e,k,s,p,t,n,f,c,b,w,e,?,s,s,w,e,p,w,t,e,w,c,w
p,x,s,b,t,f,f,c,b,h,t,b,s,s,w,w,p,w,o,p,h,s,g
p,x,s,w,t,f,f,c,b,p,t,b,f,s,w,w,p,w,o,p,h,s,g
p,x,s,w,t,f,f,c,b,h,t,b,f,f,w,w,p,w,o,p,h,s,g
p,x,y,n,f,f,f,c,n,b,t,?,s,s,w,w,p,w,o,e,w,v,d
p,b,y,p,t,n,f,c,b,r,e,b,s,s,w,w,p,w,t,p,r,v,m
p,x,s,b,t,f,f,c,b,h,t,b,f,s,w,w,p,w,o,p,h,s,u
e,x,y,p,t,n,f,c,b,w,e,?,s,s,w,w,p,w,t,e,w,c,w
p,x,y,n,f,s,f,c,n,b,t,?,s,k,p,w,p,w,o,e,w,v,p
p,x,y,y,f,f,f,c,b,p,e,b,k,k,n,b,p,w,o,l,h,v,p
p,x,s,w,t,f,f,c,b,p,t,b,s,f,w,w,p,w,o,p,h,v,u
e,f,y,b,t,n,f,c,b,e,e,?,s,s,e,w,p,w,t,e,w,c,w
p,f,s,b,t,f,f,c,b,w,t,b,f,s,w,w,p,w,o,p,h,v,u
e,x,f,c,f,n,f,w,n,w,e,b,f,f,w,n,p,w,o,e,w,v,l
e,f,s,p,t,n,f,c,b,e,e,?,s,s,w,e,p,w,t,e,w,c,w
e,x,y,n,f,n,f,w,n,w,e,b,f,f,w,n,p,w,o,e,w,v,l
e,f,s,p,t,n,f,c,b,w,e,?,s,s,e,e,p,w,t,e,w,c,w
p,f,s,g,t,f,f,c,b,w,t,b,s,s,w,w,p,w,o,p,h,v,u
e,k,s,e,t,n,f,c,b,w,e,?,s,s,w,e,p,w,t,e,w,c,w
e,k,y,e,t,n,f,c,b,w,e,?,s,s,w,e,p,w,t,e,w,c,w
p,f,s,w,t,f,f,c,b,p,t,b,s,f,w,w,p,w,o,p,h,v,g
e,k,s,b,t,n,f,c,b,e,e,?,s,s,e,w,p,w,t,e,w,c,w
p,x,s,b,t,f,f,c,b,p,t,b,f,f,w,w,p,w,o,p,h,v,g
p,b,y,y,f,n,f,c,n,w,e,?,k,y,w,y,p,w,o,e,w,v,d
p,x,s,w,t,f,f,c,b,h,t,b,s,s,w,w,p,w,o,p,h,s,u
p,x,f,y,f,f,f,c,b,h,e,b,k,k,n,p,p,w,o,l,h,v,g
p,f,y,y,f,f,f,c,b,p,e,b,k,k,p,n,p,w,o,l,h,y,p
p,b,f,n,f,n,f,c,n,w,e,?,k,y,w,y,p,w,o,e,w,v,d
p,f,y,y,f,f,f,c,b,p,e,b,k,k,p,p,p,w,o,l,h,y,p
p,f,y,y,f,f,f,c,b,p,e,b,k,k,b,b,p,w,o,l,h,v,p
e,f,y,c,f,n,f,w,n,w,e,b,s,s,w,n,p,w,o,e,w,v,l
p,x,y,e,f,y,f,c,n,b,t,?,k,k,p,w,p,w,o,e,w,v,d
p,f,s,w,t,f,f,c,b,h,t,b,s,s,w,w,p,w,o,p,h,s,g
p,x,y,n,f,f,f,c,n,b,t,?,k,k,w,w,p,w,o,e,w,v,p
p,b,y,p,t,n,f,c,b,r,e,b,s,s,w,w,p,w,t,p,r,v,g
p,f,y,y,f,f,f,c,b,g,e,b,k,k,p,p,p,w,o,l,h,y,d
p,x,s,b,t,f,f,c,b,w,t,b,s,f,w,w,p,w,o,p,h,s,g
p,f,y,y,f,f,f,c,b,g,e,b,k,k,n,b,p,w,o,l,h,v,p
p,f,s,b,t,f,f,c,b,p,t,b,f,s,w,w,p,w,o,p,h,s,g
p,f,s,b,t,f,f,c,b,h,t,b,s,s,w,w,p,w,o,p,h,s,u
p,x,y,n,f,y,f,c,n,b,t,?,k,k,p,p,p,w,o,e,w,v,p
p,f,y,y,f,f,f,c,b,h,e,b,k,k,p,n,p,w,o,l,h,v,p
e,x,s,n,t,n,f,c,b,e,e,?,s,s,w,w,p,w,t,e,w,c,w
p,f,y,y,f,f,f,c,b,g,e,b,k,k,n,b,p,w,o,l,h,v,g
e,f,s,b,t,n,f,c,b,e,e,?,s,s,w,e,p,w,t,e,w,c,w
e,f,s,e,t,n,f,c,b,w,e,?,s,s,e,w,p,w,t,e,w,c,w
e,x,s,n,t,n,f,c,b,e,e,?,s,s,e,e,p,w,t,e,w,c,w
p,f,s,w,t,f,f,c,b,p,t,b,f,s,w,w,p,w,o,p,h,v,u
p,f,y,y,f,f,f,c,b,h,e,b,k,k,b,p,p,w,o,l,h,v,d
e,f,s,p,t,n,f,c,b,e,e,?,s,s,e,w,p,w,t,e,w,c,w
e,x,s,e,t,n,f,c,b,w,e,?,s,s,w,e,p,w,t,e,w,c,w
p,f,y,y,f,f,f,c,b,g,e,b,k,k,b,n,p,w,o,l,h,v,d
p,b,y,b,t,n,f,c,b,g,e,b,s,s,w,w,p,w,t,p,r,v,m
p,f,s,b,t,f,f,c,b,h,t,b,s,f,w,w,p,w,o,p,h,s,u
p,f,s,g,t,f,f,c,b,w,t,b,f,s,w,w,p,w,o,p,h,s,g
p,x,s,b,t,f,f,c,b,p,t,b,s,s,w,w,p,w,o,p,h,s,g
p,x,f,y,f,f,f,c,b,h,e,b,k,k,p,n,p,w,o,l,h,y,p
p,f,s,w,t,f,f,c,b,w,t,b,s,s,w,w,p,w,o,p,h,s,g
p,x,s,g,t,f,f,c,b,w,t,b,f,s,w,w,p,w,o,p,h,s,u
e,f,y,r,f,n,f,c,n,h,e,?,s,f,w,w,p,w,o,f,h,y,d
p,f,y,y,f,f,f,c,b,p,e,b,k,k,b,p,p,w,o,l,h,v,g
p,x,y,n,f,f,f,c,n,b,t,?,s,k,w,w,p,w,o,e,w,v,d
p,x,s,b,t,f,f,c,b,w,t,b,f,s,w,w,p,w,o,p,h,s,g
e,x,f,c,f,n,f,w,n,w,e,b,f,s,w,n,p,w,o,e,w,v,l
p,x,s,g,t,f,f,c,b,h,t,b,f,s,w,w,p,w,o,p,h,v,u
e,x,y,u,f,n,f,c,n,p,e,?,s,f,w,w,p,w,o,f,h,y,d
p,x,f,y,f,f,f,c,b,h,e,b,k,k,b,n,p,w,o,l,h,v,p
p,f,f,g,f,f,f,c,b,p,e,b,k,k,p,p,p,w,o,l,h,v,g
p,f,y,w,t,n,f,c,b,g,e,b,s,s,w,w,p,w,t,p,r,v,m
p,x,y,n,f,y,f,c,n,b,t,?,k,k,p,w,p,w,o,e,w,v,d
p,x,y,n,f,s,f,c,n,b,t,?,k,k,w,p,p,w,o,e,w,v,l
p,x,y,g,f,f,f,c,b,h,e,b,k,k,p,n,p,w,o,l,h,v,p
e,x,y,p,t,n,f,c,b,e,e,?,s,s,e,e,p,w,t,e,w,c,w
p,f,s,g,t,f,f,c,b,w,t,b,f,f,w,w,p,w,o,p,h,s,g
p,x,s,b,t,f,f,c,b,w,t,b,s,f,w,w,p,w,o,p,h,v,g
p,x,y,n,f,y,f,c,n,b,t,?,k,s,w,w,p,w,o,e,w,v,p
p,x,s,g,t,f,f,c,b,h,t,b,f,s,w,w,p,w,o,p,h,s,u
p,x,y,n,f,y,f,c,n,b,t,?,k,s,w,p,p,w,o,e,w,v,p
p,f,s,w,t,f,f,c,b,p,t,b,f,f,w,w,p,w,o,p,h,s,g
p,x,s,g,t,f,f,c,b,w,t,b,s,s,w,w,p,w,o,p,h,v,u
p,x,s,g,t,f,f,c,b,w,t,b,s,f,w,w,p,w,o,p,h,s,g
p,f,y,y,f,f,f,c,b,g,e,b,k,k,p,p,p,w,o,l,h,v,p
p,f,y,y,f,f,f,c,b,p,e,b,k,k,n,n,p,w,o,l,h,v,p
p,f,y,g,f,f,f,c,b,p,e,b,k,k,b,n,p,w,o,l,h,y,g
p,x,y,y,f,f,f,c,b,g,e,b,k,k,n,p,p,w,o,l,h,y,g
p,x,s,g,t,f,f,c,b,w,t,b,f,f,w,w,p,w,o,p,h,s,u
p,f,s,b,t,f,f,c,b,p,t,b,f,f,w,w,p,w,o,p,h,s,u
p,f,s,w,t,f,f,c,b,h,t,b,f,s,w,w,p,w,o,p,h,s,u
p,f,f,g,f,f,f,c,b,p,e,b,k,k,p,n,p,w,o,l,h,y,g
p,f,s,b,t,f,f,c,b,h,t,b,f,f,w,w,p,w,o,p,h,s,g
p,x,y,n,f,s,f,c,n,b,t,?,s,k,w,p,p,w,o,e,w,v,d
p,x,s,w,t,f,f,c,b,w,t,b,s,s,w,w,p,w,o,p,h,s,g
e,k,s,e,t,n,f,c,b,e,e,?,s,s,e,w,p,w,t,e,w,c,w
p,f,y,b,t,n,f,c,b,w,e,b,s,s,w,w,p,w,t,p,r,v,m
p,x,y,n,f,y,f,c,n,b,t,?,s,s,p,p,p,w,o,e,w,v,p
e,k,y,n,t,n,f,c,b,e,e,?,s,s,w,e,p,w,t,e,w,c,w
p,f,s,w,t,f,f,c,b,w,t,b,s,s,w,w,p,w,o,p,h,v,u
p,f,s,w,t,f,f,c,b,p,t,b,s,s,w,w,p,w,o,p,h,v,u
p,x,y,n,f,y,f,c,n,b,t,?,k,k,w,p,p,w,o,e,w,v,d
p,x,s,w,t,f,f,c,b,w,t,b,f,s,w,w,p,w,o,p,h,s,g
p,x,y,n,f,y,f,c,n,b,t,?,s,s,p,w,p,w,o,e,w,v,l
p,b,s,p,t,n,f,c,b,w,e,b,s,s,w,w,p,w,t,p,r,v,g
p,x,y,e,f,y,f,c,n,b,t,?,k,s,p,w,p,w,o,e,w,v,d
p,f,y,g,f,f,f,c,b,g,e,b,k,k,n,n,p,w,o,l,h,v,p
p,x,y,y,f,f,f,c,b,g,e,b,k,k,p,n,p,w,o,l,h,v,d
p,x,y,g,f,f,f,c,b,h,e,b,k,k,n,b,p,w,o,l,h,v,g
p,f,y,w,t,n,f,c,b,r,e,b,s,s,w,w,p,w,t,p,r,v,m
p,f,s,g,t,f,f,c,b,h,t,b,f,f,w,w,p,w,o,p,h,s,g
e,k,y,p,t,n,f,c,b,w,e,?,s,s,e,e,p,w,t,e,w,c,w
p,x,s,w,t,f,f,c,b,w,t,b,f,s,w,w,p,w,o,p,h,v,g
e,k,s,p,t,n,f,c,b,e,e,?,s,s,w,w,p,w,t,e,w,c,w
p,f,s,w,t,f,f,c,b,p,t,b,s,f,w,w,p,w,o,p,h,s,u
p,x,y,n,f,y,f,c,n,b,t,?,k,s,p,w,p,w,o,e,w,v,p
p,x,f,y,f,f,f,c,b,p,e,b,k,k,n,n,p,w,o,l,h,v,d
p,f,y,g,f,f,f,c,b,p,e,b,k,k,p,n,p,w,o,l,h,v,p
p,x,y,g,f,f,f,c,b,p,e,b,k,k,p,p,p,w,o,l,h,y,p
e,x,y,e,t,n,f,c,b,w,e,?,s,s,w,e,p,w,t,e,w,c,w
p,f,y,y,f,f,f,c,b,g,e,b,k,k,p,b,p,w,o,l,h,v,p
p,x,y,n,f,s,f,c,n,b,t,?,k,k,p,p,p,w,o,e,w,v,d
p,x,s,b,t,f,f,c,b,w,t,b,f,f,w,w,p,w,o,p,h,v,g
p,f,y,y,f,f,f,c,b,h,e,b,k,k,p,b,p,w,o,l,h,y,d
e,k,y,e,t,n,f,c,b,e,e,?,s,s,e,w,p,w,t,e,w,c,w
p,f,y,p,t,n,f,c,b,g,e,b,s,s,w,w,p,w,t,p,r,v,m
p,f,y,w,t,n,f,c,b,w,e,b,s,s,w,w,p,w,t,p,r,v,m
p,f,y,y,f,f,f,c,b,g,e,b,k,k,b,b,p,w,o,l,h,y,p
p,f,y,y,f,f,f,c,b,h,e,b,k,k,p,b,p,w,o,l,h,v,g
e,f,y,r,f,n,f,c,n,w,e,?,s,f,w,w,p,w,o,f,h,v,d
p,x,s,w,t,f,f,c,b,p,t,b,s,f,w,w,p,w,o,p,h,s,g
p,x,s,w,t,f,f,c,b,p,t,b,f,f,w,w,p,w,o,p,h,s,g
p,x,s,b,t,f,f,c,b,p,t,b,f,s,w,w,p,w,o,p,h,s,u
p,x,y,n,f,y,f,c,n,b,t,?,s,k,w,p,p,w,o,e,w,v,p
e,k,y,e,t,n,f,c,b,e,e,?,s,s,e,e,p,w,t,e,w,c,w
e,k,s,p,t,n,f,c,b,w,e,?,s,s,w,w,p,w,t,e,w,c,w
e,x,y,b,t,n,f,c,b,w,e,?,s,s,w,e,p,w,t,e,w,c,w
p,x,s,g,t,f,f,c,b,h,t,b,s,s,w,w,p,w,o,p,h,v,g
p,f,y,y,f,f,f,c,b,p,e,b,k,k,p,p,p,w,o,l,h,y,g
p,x,y,n,f,y,f,c,n,b,t,?,s,k,p,p,p,w,o,e,w,v,l
p,c,y,w,t,n,f,w,n,w,e,b,s,s,w,w,p,w,o,p,w,c,l
p,f,s,w,t,f,f,c,b,p,t,b,f,f,w,w,p,w,o,p,h,v,g
p,f,s,g,t,f,f,c,b,w,t,b,s,f,w,w,p,w,o,p,h,s,g
p,x,y,e,f,y,f,c,n,b,t,?,k,k,w,p,p,w,o,e,w,v,l
p,x,s,g,t,f,f,c,b,w,t,b,s,s,w,w,p,w,o,p,h,s,g
p,x,y,n,f,s,f,c,n,b,t,?,k,s,w,w,p,w,o,e,w,v,d
e,x,y,p,t,n,f,c,b,e,e,?,s,s,e,w,p,w,t,e,w,c,w
e,f,y,w,f,n,f,c,n,h,e,?,s,f,w,w,p,w,o,f,h,y,d
p,f,y,y,f,f,f,c,b,h,e,b,k,k,b,p,p,w,o,l,h,y,g
p,x,y,n,f,y,f,c,n,b,t,?,s,k,p,p,p,w,o,e,w,v,d
p,x,f,y,f,f,f,c,b,g,e,b,k,k,p,n,p,w,o,l,h,y,d
p,x,y,n,f,s,f,c,n,b,t,?,k,s,p,p,p,w,o,e,w,v,l
p,x,s,g,t,f,f,c,b,h,t,b,s,f,w,w,p,w,o,p,h,v,u
p,x,y,n,f,s,f,c,n,b,t,?,k,k,w,w,p,w,o,e,w,v,d
e,k,f,n,f,n,f,w,n,w,e,b,s,f,w,n,p,w,o,e,w,v,l
p,x,s,w,t,f,f,c,b,p,t,b,f,s,w,w,p,w,o,p,h,v,u
p,f,y,y,f,f,f,c,b,p,e,b,k,k,n,p,p,w,o,l,h,y,p
e,x,y,p,t,n,f,c,b,e,e,?,s,s,w,e,p,w,t,e,w,c,w
p,b,y,b,t,n,f,c,b,r,e,b,s,s,w,w,p,w,t,p,r,v,m
p,f,y,g,f,f,f,c,b,h,e,b,k,k,b,b,p,w,o,l,h,v,p
e,f,y,r,f,n,f,c,n,h,e,?,s,f,w,w,p,w,o,f,h,v,d
p,x,y,n,f,f,f,c,n,b,t,?,s,s,w,w,p,w,o,e,w,v,l
p,x,y,n,f,y,f,c,n,b,t,?,k,k,w,p,p,w,o,e,w,v,p
p,f,s,b,t,f,f,c,b,p,t,b,f,f,w,w,p,w,o,p,h,v,g
p,f,y,y,f,f,f,c,b,g,e,b,k,k,n,n,p,w,o,l,h,v,d
p,x,y,n,f,f,f,c,n,b,t,?,s,s,w,p,p,w,o,e,w,v,d
e,f,y,n,t,n,f,c,b,e,e,?,s,s,w,e,p,w,t,e,w,c,w
p,x,y,n,f,f,f,c,n,b,t,?,k,k,p,w,p,w,o,e,w,v,l
e,f,y,e,t,n,f,c,b,w,e,?,s,s,w,e,p,w,t,e,w,c,w
e,x,y,b,t,n,f,c,b,w,e,?,s,s,w,w,p,w,t,e,w,c,w
e,x,s,n,t,n,f,c,b,e,e,?,s,s,w,e,p,w,t,e,w,c,w
p,f,s,w,t,f,f,c,b,w,t,b,s,f,w,w,p,w,o,p,h,v,g
e,x,y,b,t,n,f,c,b,e,e,?,s,s,w,w,p,w,t,e,w,c,w
p,x,f,y,f,f,f,c,b,g,e,b,k,k,n,p,p,w,o,l,h,y,g
p,f,y,y,f,f,f,c,b,g,e,b,k,k,n,n,p,w,o,l,h,y,d
p,f,y,y,f,f,f,c,b,g,e,b,k,k,n,n,p,w,o,l,h,y,g
e,k,y,e,t,n,f,c,b,w,e,?,s,s,w,w,p,w,t,e,w,c,w
p,f,s,w,t,f,f,c,b,p,t,b,s,f,w,w,p,w,o,p,h,v,u
e,k,y,c,f,n,f,w,n,w,e,b,s,s,w,n,p,w,o,e,w,v,l
e,k,y,n,f,n,f,w,n,w,e,b,s,s,w,n,p,w,o,e,w,v,l
p,b,s,p,t,n,f,c,b,r,e,b,s,s,w,w,p,w,t,p,r,v,m
p,x,y,n,f,y,f,c,n,b,t,?,k,k,p,w,p,w,o,e,w,v,p
p,x,s,b,t,f,f,c,b,h,t,b,s,f,w,w,p,w,o,p,h,s,u
e,f,y,r,f,n,f,c,n,p,e,?,s,f,w,w,p,w,o,f,h,v,d
p,x,s,b,t,f,f,c,b,w,t,b,f,f,w,w,p,w,o,p,h,s,g
e,f,y,u,f,n,f,c,n,p,e,?,s,f,w,w,p,w,o,f,h,y,d
p,x,y,n,f,y,f,c,n,b,t,?,s,k,w,w,p,w,o,e,w,v,p
p,x,s,w,t,f,f,c,b,p,t,b,s,s,w,w,p,w,o,p,h,v,u
e,x,s,e,t,n,f,c,b,w,e,?,s,s,e,w,p,w,t,e,w,c,w
e,f,y,p,t,n,f,c,b,e,e,?,s,s,w,e,p,w,t,e,w,c,w
p,x,y,n,f,s,f,c,n,b,t,?,s,s,p,p,p,w,o,e,w,v,p
p,x,y,n,f,f,f,c,n,b,t,?,s,k,w,w,p,w,o,e,w,v,p
p,x,s,w,t,f,f,c,b,p,t,b,s,s,w,w,p,w,o,p,h,v,g
p,f,y,y,f,f,f,c,b,p,e,b,k,k,p,n,p,w,o,l,h,v,p
e,x,y,n,t,n,f,c,b,e,e,?,s,s,w,w,p,w,t,e,w,c,w
e,x,y,e,t,n,f,c,b,e,e,?,s,s,e,w,p,w,t,e,w,c,w
p,x,s,w,t,f,f,c,b,w,t,b,s,f,w,w,p,w,o,p,h,v,u
p,x,y,y,f,f,f,c,b,h,e,b,k,k,b,p,p,w,o,l,h,v,g
p,f,s,b,t,n,f,c,b,g,e,b,s,s,w,w,p,w,t,p,r,v,m
p,f,f,y,f,f,f,c,b,h,e,b,k,k,b,p,p,w,o,l,h,v,p
p,x,s,g,t,f,f,c,b,p,t,b,s,f,w,w,p,w,o,p,h,v,g
e,f,s,p,t,n,f,c,b,w,e,?,s,s,e,w,p,w,t,e,w,c,w
e,x,y,n,t,n,f,c,b,e,e,?,s,s,w,e,p,w,t,e,w,c,w
p,b,y,w,t,n,f,c,b,r,e,b,s,s,w,w,p,w,t,p,r,v,m
p,f,y,y,f,f,f,c,b,g,e,b,k,k,b,b,p,w,o,l,h,v,d
p,x,y,e,f,y,f,c,n,b,t,?,k,k,p,p,p,w,o,e,w,v,d
p,x,s,b,t,f,f,c,b,h,t,b,s,f,w,w,p,w,o,p,h,s,g
p,x,s,b,t,f,f,c,b,h,t,b,s,s,w,w,p,w,o,p,h,v,g
p,x,y,n,f,s,f,c,n,b,t,?,k,s,w,p,p,w,o,e,w,v,p
p,b,y,p,t,n,f,c,b,g,e,b,s,s,w,w,p,w,t,p,r,v,g
e,x,y,c,f,n,f,w,n,w,e,b,s,s,w,n,p,w,o,e,w,v,l
p,x,y,n,f,f,f,c,n,b,t,?,k,s,p,p,p,w,o,e,w,v,d
p,x,s,w,t,f,f,c,b,w,t,b,s,s,w,w,p,w,o,p,h,s,u
p,x,y,n,f,f,f,c,n,b,t,?,k,k,p,p,p,w,o,e,w,v,d
e,f,y,n,f,n,f,w,n,w,e,b,f,s,w,n,p,w,o,e,w,v,l
p,x,y,n,f,y,f,c,n,b,t,?,s,k,p,w,p,w,o,e,w,v,p
p,f,s,g,t,f,f,c,b,p,t,b,s,s,w,w,p,w,o,p,h,s,u
p,x,y,e,f,y,f,c,n,b,t,?,k,s,w,p,p,w,o,e,w,v,d
e,x,y,r,f,n,f,c,n,h,e,?,s,f,w,w,p,w,o,f,h,y,d
p,b,y,p,t,n,f,c,b,w,e,b,s,s,w,w,p,w,t,p,r,v,m
e,x,s,p,t,n,f,c,b,w,e,?,s,s,e,w,p,w,t,e,w,c,w
p,x,y,n,f,y,f,c,n,b,t,?,k,k,w,w,p,w,o,e,w,v,l
p,x,y,n,f,f,f,c,n,b,t,?,k,k,w,p,p,w,o,e,w,v,p
p,f,s,g,t,f,f,c,b,w,t,b,f,f,w,w,p,w,o,p,h,v,g
p,f,y,y,f,f,f,c,b,p,e,b,k,k,p,b,p,w,o,l,h,v,p
p,f,y,p,t,n,f,c,b,r,e,b,s,s,w,w,p,w,t,p,r,v,m
p,x,y,n,f,s,f,c,n,b,t,?,k,k,p,p,p,w,o,e,w,v,p
p,x,y,n,f,s,f,c,n,b,t,?,k,s,w,p,p,w,o,e,w,v,d
e,f,s,b,t,n,f,c,b,e,e,?,s,s,e,w,p,w,t,e,w,c,w
p,f,s,b,t,f,f,c,b,p,t,b,s,s,w,w,p,w,o,p,h,v,u
e,x,y,c,f,n,f,w,n,w,e,b,s,f,w,n,p,w,o,e,w,v,l
e,x,y,w,f,n,f,c,n,w,e,?,s,f,w,w,p,w,o,f,h,y,d
p,x,y,n,f,y,f,c,n,b,t,?,k,k,p,w,p,w,o,e,w,v,l
e,f,y,n,f,n,f,w,n,w,e,b,s,s,w,n,p,w,o,e,w,v,l
p,x,y,n,f,f,f,c,n,b,t,?,k,s,w,p,p,w,o,e,w,v,d
p,x,y,n,f,s,f,c,n,b,t,?,s,s,p,w,p,w,o,e,w,v,d
e,k,y,p,t,n,f,c,b,e,e,?,s,s,e,w,p,w,t,e,w,c,w
p,f,s,w,t,n,f,c,b,r,e,b,s,s,w,w,p,w,t,p,r,v,m
p,x,y,n,f,f,f,c,n,b,t,?,k,s,w,p,p,w,o,e,w,v,l
p,f,y,y,f,f,f,c,b,g,e,b,k,k,n,n,p,w,o,l,h,v,g
e,k,y,n,f,n,f,w,n,w,e,b,s,f,w,n,p,w,o,e,w,v,l
p,f,s,g,t,f,f,c,b,p,t,b,f,s,w,w,p,w,o,p,h,v,g
p,f,s,w,t,n,f,c,b,r,e,b,s,s,w,w,p,w,t,p,r,v,g
p,f,f,g,f,f,f,c,b,h,e,b,k,k,n,p,p,w,o,l,h,y,g
e,f,s,n,t,n,f,c,b,w,e,?,s,s,w,e,p,w,t,e,w,c,w
p,x,f,y,f,f,f,c,b,p,e,b,k,k,p,p,p,w,o,l,h,y,d
p,x,y,n,f,s,f,c,n,b,t,?,k,s,w,p,p,w,o,e,w,v,l
p,x,y,e,f,y,f,c,n,b,t,?,s,k,w,p,p,w,o,e,w,v,p
p,f,y,y,f,f,f,c,b,g,e,b,k,k,p,n,p,w,o,l,h,v,g
p,b,s,w,t,n,f,c,b,g,e,b,s,s,w,w,p,w,t,p,r,v,g
p,x,s,b,t,f,f,c,b,p,t,b,s,f,w,w,p,w,o,p,h,v,u
e,f,y,b,t,n,f,c,b,w,e,?,s,s,w,e,p,w,t,e,w,c,w
e,x,f,c,f,n,f,w,n,w,e,b,s,f,w,n,p,w,o,e,w,v,l
p,f,s,w,t,f,f,c,b,h,t,b,f,s,w,w,p,w,o,p,h,v,u
e,k,s,p,t,n,f,c,b,e,e,?,s,s,e,w,p,w,t,e,w,c,w
e,k,y,n,t,n,f,c,b,e,e,?,s,s,e,w,p,w,t,e,w,c,w
e,x,y,b,t,n,f,c,b,e,e,?,s,s,e,e,p,w,t,e,w,c,w
p,x,f,y,f,f,f,c,b,h,e,b,k,k,p,b,p,w,o,l,h,y,g
p,f,s,g,t,f,f,c,b,h,t,b,f,s,w,w,p,w,o,p,h,v,g
p,f,y,y,f,f,f,c,b,g,e,b,k,k,b,b,p,w,o,l,h,v,p
e,x,y,e,t,n,f,c,b,e,e,?,s,s,w,e,p,w,t,e,w,c,w
p,f,s,b,t,f,f,c,b,p,t,b,f,s,w,w,p,w,o,p,h,v,g
e,x,y,n,f,n,f,w,n,w,e,b,s,s,w,n,p,w,o,e,w,v,l
p,f,y,y,f,f,f,c,b,g,e,b,k,k,p,n,p,w,o,l,h,v,d
p,f,f,g,f,f,f,c,b,g,e,b,k,k,b,n,p,w,o,l,h,v,d
p,b,y,b,t,n,f,c,b,r,e,b,s,s,w,w,p,w,t,p,r,v,g
p,x,y,e,f,y,f,c,n,b,t,?,k,s,w,p,p,w,o,e,w,v,p
p,f,y,y,f,f,f,c,b,p,e,b,k,k,b,n,p,w,o,l,h,y,p
p,f,f,y,f,f,f,c,b,g,e,b,k,k,n,p,p,w,o,l,h,v,p
p,f,y,w,t,n,f,c,b,g,e,b,s,s,w,w,p,w,t,p,r,v,g
e,k,s,e,t,n,f,c,b,e,e,?,s,s,w,e,p,w,t,e,w,c,w
p,f,y,y,f,f,f,c,b,g,e,b,k,k,n,n,p,w,o,l,h,v,p
e,k,s,n,t,n,f,c,b,e,e,?,s,s,w,e,p,w,t,e,w,c,w
p,f,y,y,f,n,f,c,n,w,e,?,k,y,w,n,p,w,o,e,w,v,d
p,f,y,g,f,f,f,c,b,g,e,b,k,k,p,n,p,w,o,l,h,y,p
p,f,y,y,f,f,f,c,b,g,e,b,k,k,p,b,p,w,o,l,h,v,g
p,x,y,e,f,y,f,c,n,b,t,?,k,s,p,w,p,w,o,e,w,v,p
e,f,s,b,t,n,f,c,b,w,e,?,s,s,e,e,p,w,t,e,w,c,w
p,f,s,w,t,f,f,c,b,w,t,b,f,s,w,w,p,w,o,p,h,v,u
p,x,s,w,t,f,f,c,b,w,t,b,f,f,w,w,p,w,o,p,h,s,g
p,f,y,g,f,f,f,c,b,h,e,b,k,k,p,p,p,w,o,l,h,y,d
e,f,y,p,t,n,f,c,b,w,e,?,s,s,e,w,p,w,t,e,w,c,w
p,f,y,y,f,f,f,c,b,p,e,b,k,k,n,n,p,w,o,l,h,y,g
p,f,y,y,f,f,f,c,b,p,e,b,k,k,n,n,p,w,o,l,h,y,p
e,k,s,e,t,n,f,c,b,w,e,?,s,s,e,e,p,w,t,e,w,c,w
e,x,y,n,t,n,f,c,b,e,e,?,s,s,e,e,p,w,t,e,w,c,w
p,x,y,y,f,f,f,c,b,h,e,b,k,k,p,n,p,w,o,l,h,v,g
p,f,s,b,t,f,f,c,b,p,t,b,s,f,w,w,p,w,o,p,h,v,g
p,x,y,g,f,f,f,c,b,g,e,b,k,k,p,p,p,w,o,l,h,v,d
p,f,s,g,t,f,f,c,b,w,t,b,f,f,w,w,p,w,o,p,h,s,u
p,x,s,w,t,f,f,c,b,p,t,b,f,s,w,w,p,w,o,p,h,v,g
p,x,f,n,f,n,f,c,n,w,e,?,k,y,w,y,p,w,o,e,w,v,d
p,f,s,b,t,f,f,c,b,h,t,b,s,f,w,w,p,w,o,p,h,s,g
e,f,y,e,t,n,f,c,b,e,e,?,s,s,e,e,p,w,t,e,w,c,w
p,f,y,y,f,f,f,c,b,g,e,b,k,k,p,n,p,w,o,l,h,y,g
p,x,s,b,t,f,f,c,b,p,t,b,s,f,w,w,p,w,o,p,h,s,u
e,k,f,n,f,n,f,w,n,w,e,b,f,s,w,n,p,w,o,e,w,v,l
p,f,y,y,f,f,f,c,b,p,e,b,k,k,b,b,p,w,o,l,h,y,g
e,k,y,c,f,n,f,w,n,w,e,b,f,f,w,n,p,w,o,e,w,v,l
p,x,f,g,f,f,f,c,b,p,e,b,k,k,p,p,p,w,o,l,h,y,p
p,x,y,n,f,y,f,c,n,b,t,?,k,k,w,w,p,w,o,e,w,v,p
e,f,y,p,t,n,f,c,b,w,e,?,s,s,w,w,p,w,t,e,w,c,w
p,x,s,b,t,f,f,c,b,h,t,b,f,f,w,w,p,w,o,p,h,v,g
p,x,y,g,f,f,f,c,b,h,e,b,k,k,b,n,p,w,o,l,h,y,d
p,f,y,y,f,f,f,c,b,p,e,b,k,k,p,b,p,w,o,l,h,y,g
p,x,y,e,f,y,f,c,n,b,t,?,s,k,p,p,p,w,o,e,w,v,d
e,f,y,r,f,n,f,c,n,w,e,?,s,f,w,w,p,w,o,f,h,y,d
p,f,y,y,f,f,f,c,b,p,e,b,k,k,n,b,p,w,o,l,h,y,p
p,x,s,g,t,f,f,c,b,h,t,b,f,f,w,w,p,w,o,p,h,v,g
p,x,s,w,t,f,f,c,b,w,t,b,f,f,w,w,p,w,o,p,h,v,g
p,f,s,b,t,f,f,c,b,w,t,b,f,s,w,w,p,w,o,p,h,s,g
e,x,y,n,t,n,f,c,b,w,e,?,s,s,e,e,p,w,t,e,w,c,w
p,f,f,y,f,n,f,c,n,w,e,?,k,y,w,n,p,w,o,e,w,v,d
e,f,y,u,f,n,f,c,n,w,e,?,s,f,w,w,p,w,o,f,h,v,d
p,x,y,n,f,y,f,c,n,b,t,?,s,s,p,p,p,w,o,e,w,v,l
e,x,s,n,t,n,f,c,b,w,e,?,s,s,w,w,p,w,t,e,w,c,w
p,x,s,w,t,f,f,c,b,w,t,b,f,s,w,w,p,w,o,p,h,v,u
p,f,y,y,f,f,f,c,b,p,e,b,k,k,p,b,p,w,o,l,h,v,d
e,f,s,b,t,n,f,c,b,e,e,?,s,s,e,e,p,w,t,e,w,c,w
e,k,f,c,f,n,f,w,n,w,e,b,s,s,w,n,p,w,o,e,w,v,l
p,x,s,g,t,f,f,c,b,p,t,b,s,f,w,w,p,w,o,p,h,v,u
p,f,y,g,f,f,f,c,b,h,e,b,k,k,p,n,p,w,o,l,h,v,p
p,x,y,e,f,y,f,c,n,b,t,?,s,k,p,w,p,w,o,e,w,v,l
e,f,y,p,t,n,f,c,b,e,e,?,s,s,e,w,p,w,t,e,w,c,w
e,k,y,p,t,n,f,c,b,w,e,?,s,s,w,w,p,w,t,e,w,c,w
p,x,y,y,f,f,f,c,b,h,e,b,k,k,p,b,p,w,o,l,h,v,g
p,x,y,n,f,y,f,c,n,b,t,?,k,k,w,w,p,w,o,e,w,v,d
e,f,s,n,t,n,f,c,b,e,e,?,s,s,e,w,p,w,t,e,w,c,w
p,f,y,y,f,f,f,c,b,h,e,b,k,k,p,p,p,w,o,l,h,y,g
p,x,y,n,f,s,f,c,n,b,t,?,s,s,p,p,p,w,o,e,w,v,d
e,f,s,n,t,n,f,c,b,w,e,?,s,s,e,e,p,w,t,e,w,c,w
p,f,y,y,f,f,f,c,b,p,e,b,k,k,p,p,p,w,o,l,h,v,d
p,f,y,y,f,f,f,c,b,p,e,b,k,k,n,p,p,w,o,l,h,v,p
p,f,y,y,f,f,f,c,b,g,e,b,k,k,b,n,p,w,o,l,h,y,p
e,f,f,c,f,n,f,w,n,w,e,b,f,s,w,n,p,w,o,e,w,v,l
p,b,y,b,t,n,f,c,b,w,e,b,s,s,w,w,p,w,t,p,r,v,g
e,k,y,e,t,n,f,c,b,w,e,?,s,s,e,w,p,w,t,e,w,c,w
p,x,s,b,t,f,f,c,b,w,t,b,f,f,w,w,p,w,o,p,h,v,u
p,x,s,g,t,f,f,c,b,w,t,b,s,s,w,w,p,w,o,p,h,v,g
p,f,y,y,f,f,f,c,b,p,e,b,k,k,b,n,p,w,o,l,h,v,g
p,x,s,g,t,f,f,c,b,p,t,b,s,s,w,w,p,w,o,p,h,s,u
p,x,y,e,f,y,f,c,n,b,t,?,s,k,p,w,p,w,o,e,w,v,p
p,f,s,w,t,f,f,c,b,p,t,b,f,f,w,w,p,w,o,p,h,v,u
e,f,s,p,t,n,f,c,b,w,e,?,s,s,w,w,p,w,t,e,w,c,w
p,f,s,b,t,f,f,c,b,h,t,b,s,s,w,w,p,w,o,p,h,v,g
p,x,y,e,f,y,f,c,n,b,t,?,k,k,w,p,p,w,o,e,w,v,p
e,f,y,w,f,n,f,c,n,u,e,?,s,f,w,w,p,w,o,f,h,v,d
e,x,y,p,t,n,f,c,b,w,e,?,s,s,w,e,p,w,t,e,w,c,w
p,x,s,b,t,f,f,c,b,p,t,b,s,s,w,w,p,w,o,p,h,v,u
p,k,g,w,t,n,f,w,n,w,e,b,s,s,w,w,p,w,o,p,w,c,l
p,f,s,g,t,f,f,c,b,p,t,b,s,s,w,w,p,w,o,p,h,s,g
p,x,y,n,f,s,f,c,n,b,t,?,s,s,p,w,p,w,o,e,w,v,p
e,k,s,e,t,n,f,c,b,w,e,?,s,s,w,w,p,w,t,e,w,c,w
p,x,y,n,f,y,f,c,n,b,t,?,k,s,p,w,p,w,o,e,w,v,d
p,x,y,n,f,s,f,c,n,b,t,?,s,s,w,w,p,w,o,e,w,v,p
p,f,s,w,t,f,f,c,b,h,t,b,f,f,w,w,p,w,o,p,h,s,g
e,f,s,e,t,n,f,c,b,e,e,?,s,s,w,e,p,w,t,e,w,c,w
p,f,s,b,t,f,f,c,b,p,t,b,s,s,w,w,p,w,o,p,h,s,g
p,b,s,w,t,n,f,c,b,r,e,b,s,s,w,w,p,w,t,p,r,v,m
e,f,f,n,f,n,f,w,n,w,e,b,f,s,w,n,p,w,o,e,w,v,l
p,f,s,g,t,f,f,c,b,p,t,b,s,s,w,w,p,w,o,p,h,v,u
p,x,s,w,t,f,f,c,b,h,t,b,s,s,w,w,p,w,o,p,h,v,g
p,f,y,y,f,f,f,c,b,p,e,b,k,k,p,n,p,w,o,l,h,v,g
e,x,s,b,t,n,f,c,b,e,e,?,s,s,e,w,p,w,t,e,w,c,w
e,f,y,n,t,n,f,c,b,w,e,?,s,s,e,w,p,w,t,e,w,c,w
e,x,y,r,f,n,f,c,n,u,e,?,s,f,w,w,p,w,o,f,h,v,d
e,k,s,b,t,n,f,c,b,e,e,?,s,s,e,e,p,w,t,e,w,c,w
p,x,s,w,t,f,f,c,b,h,t,b,s,f,w,w,p,w,o,p,h,v,u
p,x,y,n,f,y,f,c,n,b,t,?,s,k,p,w,p,w,o,e,w,v,d
e,x,y,b,t,n,f,c,b,w,e,?,s,s,e,e,p,w,t,e,w,c,w
p,f,y,w,t,n,f,c,b,w,e,b,s,s,w,w,p,w,t,p,r,v,g
p,f,s,b,t,f,f,c,b,w,t,b,s,f,w,w,p,w,o,p,h,s,u
p,x,s,g,t,f,f,c,b,p,t,b,s,s,w,w,p,w,o,p,h,v,g
e,k,s,n,t,n,f,c,b,w,e,?,s,s,w,w,p,w,t,e,w,c,w
p,f,s,g,t,f,f,c,b,p,t,b,s,f,w,w,p,w,o,p,h,s,g
e,k,y,p,t,n,f,c,b,e,e,?,s,s,e,e,p,w,t,e,w,c,w
p,f,y,b,t,n,f,c,b,g,e,b,s,s,w,w,p,w,t,p,r,v,m
p,x,y,n,f,s,f,c,n,b,t,?,k,s,p,w,p,w,o,e,w,v,d
p,f,y,y,f,f,f,c,b,g,e,b,k,k,p,n,p,w,o,l,h,v,p
p,x,s,b,t,f,f,c,b,w,t,b,f,f,w,w,p,w,o,p,h,s,u
e,k,f,c,f,n,f,w,n,w,e,b,s,f,w,n,p,w,o,e,w,v,l
p,f,s,g,t,f,f,c,b,p,t,b,s,f,w,w,p,w,o,p,h,v,u
p,f,s,w,t,f,f,c,b,w,t,b,f,s,w,w,p,w,o,p,h,v,g
p,b,s,b,t,n,f,c,b,r,e,b,s,s,w,w,p,w,t,p,r,v,m
p,b,s,p,t,n,f,c,b,r,e,b,s,s,w,w,p,w,t,p,r,v,g
p,f,s,w,t,f,f,c,b,w,t,b,s,f,w,w,p,w,o,p,h,s,g
e,x,y,n,t,n,f,c,b,w,e,?,s,s,w,e,p,w,t,e,w,c,w
p,x,y,n,f,s,f,c,n,b,t,?,s,k,w,w,p,w,o,e,w,v,l
p,x,y,g,f,f,f,c,b,g,e,b,k,k,b,n,p,w,o,l,h,v,g
e,x,s,b,t,n,f,c,b,w,e,?,s,s,w,w,p,w,t,e,w,c,w
p,x,y,n,f,f,f,c,n,b,t,?,k,s,w,w,p,w,o,e,w,v,l
p,x,s,b,t,f,f,c,b,p,t,b,s,s,w,w,p,w,o,p,h,s,u
p,f,s,p,t,n,f,c,b,g,e,b,s,s,w,w,p,w,t,p,r,v,g
p,x,y,n,f,y,f,c,n,b,t,?,k,s,w,p,p,w,o,e,w,v,l
p,x,s,w,t,f,f,c,b,h,t,b,f,f,w,w,p,w,o,p,h,v,u
p,f,s,w,t,f,f,c,b,h,t,b,s,s,w,w,p,w,o,p,h,v,u
e,f,y,r,f,n,f,c,n,u,e,?,s,f,w,w,p,w,o,f,h,y,d
p,f,s,w,t,f,f,c,b,h,t,b,f,s,w,w,p,w,o,p,h,s,g
p,f,s,w,t,f,f,c,b,p,t,b,f,s,w,w,p,w,o,p,h,s,u
e,x,y,w,f,n,f,c,n,u,e,?,s,f,w,w,p,w,o,f,h,v,d
p,x,y,n,f,s,f,c,n,b,t,?,s,k,p,p,p,w,o,e,w,v,d
e,k,y,b,t,n,f,c,b,w,e,?,s,s,w,w,p,w,t,e,w,c,w
p,x,y,n,f,f,f,c,n,b,t,?,k,k,p,w,p,w,o,e,w,v,d
p,x,y,n,f,y,f,c,n,b,t,?,k,k,p,p,p,w,o,e,w,v,l
p,x,s,b,t,f,f,c,b,p,t,b,f,f,w,w,p,w,o,p,h,s,u
e,f,y,r,f,n,f,c,n,p,e,?,s,f,w,w,p,w,o,f,h,y,d
p,b,s,p,t,n,f,c,b,g,e,b,s,s,w,w,p,w,t,p,r,v,g
p,x,s,b,t,f,f,c,b,p,t,b,f,f,w,w,p,w,o,p,h,v,u
e,f,y,c,f,n,f,w,n,w,e,b,f,f,w,n,p,w,o,e,w,v,l
e,x,y,u,f,n,f,c,n,p,e,?,s,f,w,w,p,w,o,f,h,v,d
p,x,s,b,t,f,f,c,b,w,t,b,s,f,w,w,p,w,o,p,h,v,u
e,x,y,w,f,n,f,c,n,w,e,?,s,f,w,w,p,w,o,f,h,v,d
p,x,y,n,f,y,f,c,n,b,t,?,k,k,w,p,p,w,o,e,w,v,l
e,x,s,p,t,n,f,c,b,e,e,?,s,s,e,w,p,w,t,e,w,c,w
p,f,s,p,t,n,f,c,b,r,e,b,s,s,w,w,p,w,t,p,r,v,m
p,f,y,n,f,n,f,c,n,w,e,?,k,y,w,y,p,w,o,e,w,v,d
p,f,y,y,f,f,f,c,b,g,e,b,k,k,p,p,p,w,o,l,h,y,p
p,f,s,w,t,f,f,c,b,h,t,b,s,f,w,w,p,w,o,p,h,v,g
p,x,y,g,f,f,f,c,b,h,e,b,k,k,b,b,p,w,o,l,h,v,g
e,f,y,e,t,n,f,c,b,w,e,?,s,s,e,e,p,w,t,e,w,c,w
p,f,s,b,t,n,f,c,b,w,e,b,s,s,w,w,p,w,t,p,r,v,g
p,b,s,p,t,n,f,c,b,w,e,b,s,s,w,w,p,w,t,p,r,v,m
p,x,y,n,f,s,f,c,n,b,t,?,s,k,p,p,p,w,o,e,w,v,l
p,x,s,b,t,f,f,c,b,p,t,b,f,s,w,w,p,w,o,p,h,v,u
p,x,y,y,f,f,f,c,b,h,e,b,k,k,p,b,p,w,o,l,h,y,p
p,b,y,w,t,n,f,c,b,g,e,b,s,s,w,w,p,w,t,p,r,v,g
e,f,y,n,f,n,f,w,n,w,e,b,s,f,w,n,p,w,o,e,w,v,l
p,f,f,y,f,f,f,c,b,g,e,b,k,k,p,p,p,w,o,l,h,y,g
p,f,y,y,f,f,f,c,b,h,e,b,k,k,p,b,p,w,o,l,h,v,p
p,f,y,y,f,f,f,c,b,p,e,b,k,k,n,p,p,w,o,l,h,v,g
p,x,s,g,t,f,f,c,b,h,t,b,s,f,w,w,p,w,o,p,h,s,u
p,x,y,e,f,y,f,c,n,b,t,?,s,k,w,p,p,w,o,e,w,v,l
p,x,y,y,f,n,f,c,n,w,e,?,k,y,w,y,p,w,o,e,w,v,d
p,x,y,n,f,f,f,c,n,b,t,?,k,k,p,w,p,w,o,e,w,v,p
p,f,s,w,t,f,f,c,b,h,t,b,s,f,w,w,p,w,o,p,h,s,g
p,f,f,g,f,f,f,c,b,p,e,b,k,k,b,n,p,w,o,l,h,y,g
e,f,f,n,f,n,f,w,n,w,e,b,s,s,w,n,p,w,o,e,w,v,l
p,x,s,g,t,f,f,c,b,w,t,b,f,s,w,w,p,w,o,p,h,s,g
p,f,s,b,t,f,f,c,b,h,t,b,f,f,w,w,p,w,o,p,h,v,u
e,f,s,e,t,n,f,c,b,e,e,?,s,s,e,e,p,w,t,e,w,c,w
p,x,s,b,t,f,f,c,b,h,t,b,s,s,w,w,p,w,o,p,h,s,u
p,f,y,y,f,f,f,c,b,p,e,b,k,k,b,n,p,w,o,l,h,v,d
p,x,y,n,f,f,f,c,n,b,t,?,s,k,p,p,p,w,o,e,w,v,d
p,f,s,w,t,f,f,c,b,p,t,b,s,s,w,w,p,w,o,p,h,v,g
p,f,s,g,t,f,f,c,b,h,t,b,s,s,w,w,p,w,o,p,h,s,g
p,f,y,y,f,f,f,c,b,p,e,b,k,k,n,n,p,w,o,l,h,v,g
e,f,f,c,f,n,f,w,n,w,e,b,s,s,w,n,p,w,o,e,w,v,l
p,x,y,n,f,s,f,c,n,b,t,?,k,k,p,p,p,w,o,e,w,v,l
e,k,y,e,t,n,f,c,b,e,e,?,s,s,w,e,p,w,t,e,w,c,w
p,x,y,n,f,y,f,c,n,b,t,?,k,s,w,w,p,w,o,e,w,v,l
p,f,s,w,t,f,f,c,b,p,t,b,s,f,w,w,p,w,o,p,h,s,g
p,x,y,e,f,y,f,c,n,b,t,?,s,k,p,p,p,w,o,e,w,v,l
e,x,s,n,t,n,f,c,b,w,e,?,s,s,e,e,p,w,t,e,w,c,w
p,f,y,g,f,f,f,c,b,h,e,b,k,k,p,p,p,w,o,l,h,v,p
p,x,s,w,t,f,f,c,b,w,t,b,f,f,w,w,p,w,o,p,h,v,u
e,f,s,e,t,n,f,c,b,w,e,?,s,s,e,e,p,w,t,e,w,c,w
p,f,y,y,f,f,f,c,b,p,e,b,k,k,b,p,p,w,o,l,h,v,d
p,f,y,y,f,f,f,c,b,p,e,b,k,k,n,p,p,w,o,l,h,v,d
e,f,y,e,t,n,f,c,b,e,e,?,s,s,e,w,p,w,t,e,w,c,w
p,f,s,g,t,f,f,c,b,p,t,b,f,f,w,w,p,w,o,p,h,v,g
e,k,s,n,t,n,f,c,b,e,e,?,s,s,e,w,p,w,t,e,w,c,w
p,f,y,y,f,f,f,c,b,p,e,b,k,k,n,b,p,w,o,l,h,y,d
p,x,s,w,t,f,f,c,b,w,t,b,s,f,w,w,p,w,o,p,h,s,g
p,x,y,n,f,s,f,c,n,b,t,?,s,k,p,p,p,w,o,e,w,v,p
p,f,y,y,f,f,f,c,b,p,e,b,k,k,b,n,p,w,o,l,h,y,g
p,f,y,w,t,n,f,c,b,r,e,b,s,s,w,w,p,w,t,p,r,v,g
p,x,y,n,f,s,f,c,n,b,t,?,k,s,p,p,p,w,o,e,w,v,d
e,f,y,w,f,n,f,c,n,w,e,?,s,f,w,w,p,w,o,f,h,v,d
e,x,y,w,f,n,f,c,n,h,e,?,s,f,w,w,p,w,o,f,h,y,d
p,x,y,n,f,f,f,c,n,b,t,?,s,s,p,w,p,w,o,e,w,v,p
p,f,s,g,t,f,f,c,b,p,t,b,f,s,w,w,p,w,o,p,h,s,u
e,x,y,u,f,n,f,c,n,w,e,?,s,f,w,w,p,w,o,f,h,v,d
p,f,s,w,t,n,f,c,b,w,e,b,s,s,w,w,p,w,t,p,r,v,g
p,x,y,y,f,f,f,c,b,g,e,b,k,k,p,b,p,w,o,l,h,v,d
p,f,s,g,t,f,f,c,b,h,t,b,s,f,w,w,p,w,o,p,h,v,g
p,f,y,y,f,f,f,c,b,g,e,b,k,k,p,n,p,w,o,l,h,y,p
p,x,f,y,f,f,f,c,b,h,e,b,k,k,p,p,p,w,o,l,h,v,g
p,f,y,y,f,f,f,c,b,h,e,b,k,k,p,n,p,w,o,l,h,y,d
p,x,s,g,t,f,f,c,b,p,t,b,f,f,w,w,p,w,o,p,h,s,g
e,f,y,r,f,n,f,c,n,u,e,?,s,f,w,w,p,w,o,f,h,v,d
p,f,s,w,t,f,f,c,b,w,t,b,f,s,w,w,p,w,o,p,h,s,g
e,k,s,n,t,n,f,c,b,w,e,?,s,s,e,e,p,w,t,e,w,c,w
p,x,y,n,f,s,f,c,n,b,t,?,k,k,p,w,p,w,o,e,w,v,d
p,x,s,g,t,f,f,c,b,w,t,b,f,f,w,w,p,w,o,p,h,s,g
p,f,y,y,f,f,f,c,b,g,e,b,k,k,p,p,p,w,o,l,h,y,g
p,b,s,w,t,n,f,c,b,w,e,b,s,s,w,w,p,w,t,p,r,v,m
p,x,y,n,f,f,f,c,n,b,t,?,s,k,p,w,p,w,o,e,w,v,d
p,b,s,b,t,n,f,c,b,w,e,b,s,s,w,w,p,w,t,p,r,v,m
p,f,f,y,f,f,f,c,b,p,e,b,k,k,n,p,p,w,o,l,h,y,g
p,x,y,g,f,f,f,c,b,g,e,b,k,k,n,b,p,w,o,l,h,y,d
e,x,y,e,t,n,f,c,b,e,e,?,s,s,w,w,p,w,t,e,w,c,w
e,k,s,b,t,n,f,c,b,w,e,?,s,s,e,e,p,w,t,e,w,c,w
p,x,y,n,f,f,f,c,n,b,t,?,k,s,p,w,p,w,o,e,w,v,l
e,x,s,e,t,n,f,c,b,e,e,?,s,s,e,e,p,w,t,e,w,c,w
p,f,s,b,t,n,f,c,b,r,e,b,s,s,w,w,p,w,t,p,r,v,m
e,f,s,n,t,n,f,c,b,w,e,?,s,s,w,w,p,w,t,e,w,c,w
p,x,y,e,f,y,f,c,n,b,t,?,s,k,p,p,p,w,o,e,w,v,p
e,f,y,b,t,n,f,c,b,w,e,?,s,s,e,e,p,w,t,e,w,c,w
p,x,s,g,t,f,f,c,b,w,t,b,s,s,w,w,p,w,o,p,h,s,u
p,f,s,b,t,n,f,c,b,g,e,b,s,s,w,w,p,w,t,p,r,v,g
p,x,y,n,f,s,f,c,n,b,t,?,s,k,p,w,p,w,o,e,w,v,l
p,x,y,e,f,y,f,c,n,b,t,?,k,s,w,w,p,w,o,e,w,v,l
p,f,y,y,f,f,f,c,b,h,e,b,k,k,b,b,p,w,o,l,h,y,g
p,x,y,n,f,f,f,c,n,b,t,?,s,k,w,p,p,w,o,e,w,v,l
p,x,y,n,f,s,f,c,n,b,t,?,k,k,w,p,p,w,o,e,w,v,d
p,f,s,g,t,f,f,c,b,w,t,b,f,s,w,w,p,w,o,p,h,v,u
e,x,y,p,t,n,f,c,b,w,e,?,s,s,e,w,p,w,t,e,w,c,w
e,x,y,u,f,n,f,c,n,u,e,?,s,f,w,w,p,w,o,f,h,y,d
p,f,y,y,f,f,f,c,b,g,e,b,k,k,b,p,p,w,o,l,h,y,p
p,x,s,g,t,f,f,c,b,h,t,b,s,f,w,w,p,w,o,p,h,v,g
p,x,y,n,f,s,f,c,n,b,t,?,s,k,w,p,p,w,o,e,w,v,l
p,f,s,g,t,f,f,c,b,h,t,b,s,f,w,w,p,w,o,p,h,v,u
p,x,s,b,t,f,f,c,b,h,t,b,s,f,w,w,p,w,o,p,h,v,g
p,x,f,y,f,f,f,c,b,h,e,b,k,k,b,p,p,w,o,l,h,y,g
p,b,s,w,t,n,f,c,b,r,e,b,s,s,w,w,p,w,t,p,r,v,g
e,k,y,n,t,n,f,c,b,e,e,?,s,s,e,e,p,w,t,e,w,c,w
p,x,y,e,f,y,f,c,n,b,t,?,k,k,w,w,p,w,o,e,w,v,d
p,f,y,y,f,f,f,c,b,p,e,b,k,k,b,n,p,w,o,l,h,v,p
e,x,y,b,t,n,f,c,b,w,e,?,s,s,e,w,p,w,t,e,w,c,w
p,x,s,b,t,f,f,c,b,p,t,b,s,f,w,w,p,w,o,p,h,v,g
p,f,s,g,t,f,f,c,b,w,t,b,f,f,w,w,p,w,o,p,h,v,u
p,f,s,b,t,f,f,c,b,p,t,b,s,s,w,w,p,w,o,p,h,s,u
p,f,y,y,f,f,f,c,b,p,e,b,k,k,b,b,p,w,o,l,h,y,d
p,x,y,n,f,f,f,c,n,b,t,?,s,s,w,p,p,w,o,e,w,v,p
p,f,s,w,t,f,f,c,b,h,t,b,f,f,w,w,p,w,o,p,h,v,u
e,k,y,n,t,n,f,c,b,e,e,?,s,s,w,w,p,w,t,e,w,c,w
e,x,s,e,t,n,f,c,b,w,e,?,s,s,e,e,p,w,t,e,w,c,w
e,x,y,w,f,n,f,c,n,p,e,?,s,f,w,w,p,w,o,f,h,v,d
p,f,s,b,t,f,f,c,b,p,t,b,f,s,w,w,p,w,o,p,h,s,u
p,f,s,g,t,f,f,c,b,h,t,b,s,s,w,w,p,w,o,p,h,s,u
e,f,s,e,t,n,f,c,b,e,e,?,s,s,w,w,p,w,t,e,w,c,w
p,f,y,y,f,f,f,c,b,p,e,b,k,k,b,p,p,w,o,l,h,y,g
p,x,y,n,f,s,f,c,n,b,t,?,k,k,p,w,p,w,o,e,w,v,l
p,f,s,w,t,n,f,c,b,g,e,b,s,s,w,w,p,w,t,p,r,v,g
p,f,y,g,f,f,f,c,b,p,e,b,k,k,b,n,p,w,o,l,h,y,d
e,x,f,n,f,n,f,w,n,w,e,b,s,s,w,n,p,w,o,e,w,v,l
p,f,y,y,f,f,f,c,b,p,e,b,k,k,b,n,p,w,o,l,h,y,d
p,x,s,w,t,f,f,c,b,p,t,b,f,s,w,w,p,w,o,p,h,s,u
e,x,s,b,t,n,f,c,b,w,e,?,s,s,e,e,p,w,t,e,w,c,w
e,x,s,p,t,n,f,c,b,w,e,?,s,s,w,e,p,w,t,e,w,c,w
p,x,s,g,t,f,f,c,b,w,t,b,f,f,w,w,p,w,o,p,h,v,g
p,f,f,g,f,f,f,c,b,p,e,b,k,k,p,n,p,w,o,l,h,y,p
p,x,s,w,t,f,f,c,b,h,t,b,s,f,w,w,p,w,o,p,h,s,g
p,x,f,y,f,f,f,c,b,h,e,b,k,k,n,p,p,w,o,l,h,v,p
p,f,s,w,t,f,f,c,b,p,t,b,s,s,w,w,p,w,o,p,h,s,u
e,k,y,n,t,n,f,c,b,w,e,?,s,s,e,e,p,w,t,e,w,c,w
e,x,y,p,t,n,f,c,b,e,e,?,s,s,w,w,p,w,t,e,w,c,w
p,f,y,y,f,f,f,c,b,g,e,b,k,k,b,b,p,w,o,l,h,y,g
e,f,y,b,t,n,f,c,b,e,e,?,s,s,w,w,p,w,t,e,w,c,w
e,x,s,e,t,n,f,c,b,w,e,?,s,s,w,w,p,w,t,e,w,c,w
p,x,s,g,t,f,f,c,b,p,t,b,f,f,w,w,p,w,o,p,h,v,u
p,f,s,b,t,f,f,c,b,w,t,b,s,s,w,w,p,w,o,p,h,v,u
p,f,y,y,f,f,f,c,b,g,e,b,k,k,b,p,p,w,o,l,h,v,p
p,x,s,b,t,f,f,c,b,h,t,b,s,f,w,w,p,w,o,p,h,v,u
p,f,s,w,t,f,f,c,b,h,t,b,s,s,w,w,p,w,o,p,h,v,g
p,f,y,y,f,f,f,c,b,g,e,b,k,k,b,n,p,w,o,l,h,v,g
p,f,y,y,f,f,f,c,b,p,e,b,k,k,n,p,p,w,o,l,h,y,d
p,f,y,g,f,f,f,c,b,h,e,b,k,k,n,p,p,w,o,l,h,y,p
p,f,f,g,f,f,f,c,b,g,e,b,k,k,b,n,p,w,o,l,h,v,p
p,b,s,p,t,n,f,c,b,g,e,b,s,s,w,w,p,w,t,p,r,v,m
p,x,y,n,f,f,f,c,n,b,t,?,s,s,p,w,p,w,o,e,w,v,l
p,b,s,w,t,n,f,c,b,w,e,b,s,s,w,w,p,w,t,p,r,v,g
e,x,y,n,t,n,f,c,b,w,e,?,s,s,w,w,p,w,t,e,w,c,w
p,x,y,n,f,y,f,c,n,b,t,?,s,s,p,w,p,w,o,e,w,v,p
p,x,y,n,f,y,f,c,n,b,t,?,s,s,w,p,p,w,o,e,w,v,p
p,x,y,n,f,f,f,c,n,b,t,?,k,s,w,p,p,w,o,e,w,v,p
p,f,s,b,t,f,f,c,b,w,t,b,s,s,w,w,p,w,o,p,h,s,g
p,b,y,y,f,n,f,c,n,w,e,?,k,y,w,n,p,w,o,e,w,v,d
p,x,s,g,t,f,f,c,b,w,t,b,f,f,w,w,p,w,o,p,h,v,u
e,f,y,p,t,n,f,c,b,e,e,?,s,s,w,w,p,w,t,e,w,c,w
e,k,s,p,t,n,f,c,b,e,e,?,s,s,e,e,p,w,t,e,w,c,w
e,f,y,n,t,n,f,c,b,w,e,?,s,s,e,e,p,w,t,e,w,c,w
p,b,y,p,t,n,f,c,b,g,e,b,s,s,w,w,p,w,t,p,r,v,m
p,x,s,g,t,f,f,c,b,w,t,b,s,f,w,w,p,w,o,p,h,v,g
p,x,s,g,t,f,f,c,b,p,t,b,s,s,w,w,p,w,o,p,h,s,g
p,x,f,y,f,f,f,c,b,p,e,b,k,k,n,n,p,w,o,l,h,v,g
p,x,y,n,f,s,f,c,n,b,t,?,k,s,p,w,p,w,o,e,w,v,p
p,f,y,b,t,n,f,c,b,w,e,b,s,s,w,w,p,w,t,p,r,v,g
p,x,s,b,t,f,f,c,b,h,t,b,f,f,w,w,p,w,o,p,h,v,u
p,b,s,b,t,n,f,c,b,r,e,b,s,s,w,w,p,w,t,p,r,v,g
e,f,y,w,f,n,f,c,n,p,e,?,s,f,w,w,p,w,o,f,h,y,d
e,x,y,n,f,n,f,w,n,w,e,b,f,s,w,n,p,w,o,e,w,v,l
p,x,f,y,f,f,f,c,b,p,e,b,k,k,n,n,p,w,o,l,h,v,p
p,f,s,b,t,f,f,c,b,h,t,b,s,f,w,w,p,w,o,p,h,v,g
p,f,y,y,f,f,f,c,b,g,e,b,k,k,n,p,p,w,o,l,h,v,g
e,k,s,e,t,n,f,c,b,e,e,?,s,s,e,e,p,w,t,e,w,c,w
p,f,f,y,f,f,f,c,b,h,e,b,k,k,p,p,p,w,o,l,h,y,p
p,b,f,n,f,n,f,c,n,w,e,?,k,y,w,n,p,w,o,e,w,v,d
p,x,y,n,f,s,f,c,n,b,t,?,k,s,p,p,p,w,o,e,w,v,p
p,f,y,y,f,f,f,c,b,h,e,b,k,k,n,b,p,w,o,l,h,y,d
p,x,y,y,f,f,f,c,b,g,e,b,k,k,n,b,p,w,o,l,h,y,g
p,x,s,g,t,f,f,c,b,p,t,b,f,s,w,w,p,w,o,p,h,s,g
p,x,y,n,f,f,f,c,n,b,t,?,s,k,w,p,p,w,o,e,w,v,d
e,x,y,n,t,n,f,c,b,w,e,?,s,s,e,w,p,w,t,e,w,c,w
e,f,y,n,f,n,f,w,n,w,e,b,f,f,w,n,p,w,o,e,w,v,l
p,f,y,b,t,n,f,c,b,g,e,b,s,s,w,w,p,w,t,p,r,v,g
p,k,f,n,f,n,f,c,n,w,e,?,k,y,w,y,p,w,o,e,w,v,d
p,f,y,g,f,f,f,c,b,h,e,b,k,k,p,n,p,w,o,l,h,v,g
p,x,y,n,f,s,f,c,n,b,t,?,k,k,p,w,p,w,o,e,w,v,p
p,f,f,g,f,f,f,c,b,h,e,b,k,k,p,p,p,w,o,l,h,y,d
p,f,f,g,f,f,f,c,b,p,e,b,k,k,b,p,p,w,o,l,h,v,d
p,x,s,g,t,f,f,c,b,p,t,b,s,f,w,w,p,w,o,p,h,s,g
e,x,y,r,f,n,f,c,n,u,e,?,s,f,w,w,p,w,o,f,h,y,d
p,x,y,n,f,y,f,c,n,b,t,?,k,s,p,p,p,w,o,e,w,v,p
p,f,s,p,t,n,f,c,b,g,e,b,s,s,w,w,p,w,t,p,r,v,m
p,x,y,e,f,y,f,c,n,b,t,?,k,k,p,p,p,w,o,e,w,v,l
p,f,s,b,t,f,f,c,b,w,t,b,s,s,w,w,p,w,o,p,h,v,g
p,x,s,b,t,f,f,c,b,w,t,b,s,s,w,w,p,w,o,p,h,v,u
e,k,s,e,t,n,f,c,b,e,e,?,s,s,w,w,p,w,t,e,w,c,w
p,f,s,b,t,f,f,c,b,w,t,b,s,f,w,w,p,w,o,p,h,s,g
e,x,f,n,f,n,f,w,n,w,e,b,f,f,w,n,p,w,o,e,w,v,l
p,f,y,y,f,f,f,c,b,p,e,b,k,k,p,n,p,w,o,l,h,v,d
e,f,y,w,f,n,f,c,n,w,e,?,s,f,w,w,p,w,o,f,h,y,d
p,f,s,w,t,f,f,c,b,w,t,b,s,s,w,w,p,w,o,p,h,s,u
p,f,s,p,t,n,f,c,b,r,e,b,s,s,w,w,p,w,t,p,r,v,g
p,f,y,y,f,f,f,c,b,p,e,b,k,k,p,n,p,w,o,l,h,y,d
p,f,s,g,t,f,f,c,b,h,t,b,s,f,w,w,p,w,o,p,h,s,g
p,x,y,n,f,f,f,c,n,b,t,?,s,k,p,w,p,w,o,e,w,v,l
p,f,y,y,f,f,f,c,b,g,e,b,k,k,b,b,p,w,o,l,h,v,g
p,f,s,g,t,f,f,c,b,h,t,b,f,s,w,w,p,w,o,p,h,s,g
p,f,s,w,t,f,f,c,b,h,t,b,s,f,w,w,p,w,o,p,h,s,u
p,x,y,n,f,s,f,c,n,b,t,?,s,k,w,w,p,w,o,e,w,v,d
p,f,f,y,f,f,f,c,b,p,e,b,k,k,n,n,p,w,o,l,h,y,d
p,x,y,n,f,f,f,c,n,b,t,?,k,k,w,p,p,w,o,e,w,v,d
p,b,y,b,t,n,f,c,b,g,e,b,s,s,w,w,p,w,t,p,r,v,g
p,f,y,y,f,f,f,c,b,g,e,b,k,k,b,p,p,w,o,l,h,v,g
p,x,y,e,f,y,f,c,n,b,t,?,k,s,w,p,p,w,o,e,w,v,l
p,x,y,n,f,f,f,c,n,b,t,?,k,s,w,w,p,w,o,e,w,v,d
e,k,y,b,t,n,f,c,b,e,e,?,s,s,w,w,p,w,t,e,w,c,w
e,x,y,w,f,n,f,c,n,p,e,?,s,f,w,w,p,w,o,f,h,y,d
p,f,s,b,t,f,f,c,b,p,t,b,s,f,w,w,p,w,o,p,h,v,u
p,f,y,y,f,f,f,c,b,g,e,b,k,k,n,p,p,w,o,l,h,y,g
p,x,y,e,f,f,f,c,n,b,t,?,k,s,p,p,p,w,o,e,w,v,p
p,f,s,e,f,s,f,c,n,b,t,?,k,s,p,p,p,w,o,e,w,v,d
p,x,y,e,f,f,f,c,n,b,t,?,s,s,w,p,p,w,o,e,w,v,d
p,x,s,n,f,f,f,c,n,b,t,?,k,k,w,w,p,w,o,e,w,v,p
p,f,y,n,f,f,f,c,n,b,t,?,k,s,w,w,p,w,o,e,w,v,p
p,f,y,e,f,s,f,c,n,b,t,?,s,k,p,p,p,w,o,e,w,v,d
p,k,y,n,f,y,f,c,n,b,t,?,k,s,p,p,p,w,o,e,w,v,l
p,f,y,e,f,y,f,c,n,b,t,?,s,s,w,w,p,w,o,e,w,v,p
p,x,s,e,f,s,f,c,n,b,t,?,s,k,p,w,p,w,o,e,w,v,l
p,f,y,n,f,f,f,c,n,b,t,?,s,k,p,p,p,w,o,e,w,v,p
p,f,y,e,f,f,f,c,n,b,t,?,k,k,p,w,p,w,o,e,w,v,d
p,x,s,e,f,s,f,c,n,b,t,?,s,s,w,p,p,w,o,e,w,v,l
p,x,s,n,f,s,f,c,n,b,t,?,k,k,p,p,p,w,o,e,w,v,l
p,f,s,e,f,f,f,c,n,b,t,?,k,s,p,w,p,w,o,e,w,v,d
p,f,s,e,f,y,f,c,n,b,t,?,k,k,w,p,p,w,o,e,w,v,l
p,f,y,e,f,f,f,c,n,b,t,?,s,k,p,p,p,w,o,e,w,v,p
p,f,y,n,f,y,f,c,n,b,t,?,s,k,p,p,p,w,o,e,w,v,p
p,f,y,n,f,f,f,c,n,b,t,?,k,s,p,w,p,w,o,e,w,v,p
p,x,y,e,f,s,f,c,n,b,t,?,k,s,w,p,p,w,o,e,w,v,d
p,k,s,n,f,y,f,c,n,b,t,?,s,k,p,p,p,w,o,e,w,v,p
p,x,s,n,f,f,f,c,n,b,t,?,s,s,w,w,p,w,o,e,w,v,l
p,f,s,e,f,y,f,c,n,b,t,?,k,k,p,w,p,w,o,e,w,v,d
p,f,y,e,f,s,f,c,n,b,t,?,k,k,w,w,p,w,o,e,w,v,l
p,k,s,e,f,y,f,c,n,b,t,?,s,s,p,p,p,w,o,e,w,v,p
p,f,y,e,f,y,f,c,n,b,t,?,k,s,p,p,p,w,o,e,w,v,d
p,x,s,n,f,s,f,c,n,b,t,?,k,k,w,w,p,w,o,e,w,v,p
p,f,s,e,f,y,f,c,n,b,t,?,k,k,w,w,p,w,o,e,w,v,d
p,f,s,n,f,y,f,c,n,b,t,?,k,k,w,w,p,w,o,e,w,v,l
p,f,y,e,f,s,f,c,n,b,t,?,k,s,p,p,p,w,o,e,w,v,d
p,f,s,e,f,y,f,c,n,b,t,?,s,s,w,p,p,w,o,e,w,v,l
p,f,s,n,f,s,f,c,n,b,t,?,k,k,w,w,p,w,o,e,w,v,p
p,f,y,e,f,s,f,c,n,b,t,?,s,k,w,p,p,w,o,e,w,v,p
p,x,s,e,f,s,f,c,n,b,t,?,k,k,p,w,p,w,o,e,w,v,l
p,f,s,e,f,f,f,c,n,b,t,?,s,k,w,w,p,w,o,e,w,v,p
p,x,s,n,f,s,f,c,n,b,t,?,k,k,w,w,p,w,o,e,w,v,d
p,f,y,n,f,s,f,c,n,b,t,?,s,k,w,p,p,w,o,e,w,v,p
p,x,y,e,f,f,f,c,n,b,t,?,k,s,w,w,p,w,o,e,w,v,l
p,f,y,n,f,y,f,c,n,b,t,?,k,s,p,w,p,w,o,e,w,v,l
e,b,s,n,f,n,a,c,b,y,e,?,s,s,o,o,p,n,o,p,n,c,l
p,f,s,n,f,y,f,c,n,b,t,?,k,k,p,p,p,w,o,e,w,v,d
e,x,s,n,f,n,a,c,b,o,e,?,s,s,o,o,p,n,o,p,n,v,l
p,f,y,e,f,y,f,c,n,b,t,?,s,s,p,p,p,w,o,e,w,v,d
p,f,y,n,f,s,f,c,n,b,t,?,k,s,p,w,p,w,o,e,w,v,l
p,f,y,e,f,y,f,c,n,b,t,?,s,k,w,p,p,w,o,e,w,v,p
p,f,s,n,f,y,f,c,n,b,t,?,k,s,w,w,p,w,o,e,w,v,l
p,x,y,e,f,y,f,c,n,b,t,?,s,k,w,w,p,w,o,e,w,v,l
p,x,s,n,f,f,f,c,n,b,t,?,s,s,p,p,p,w,o,e,w,v,d
p,f,s,n,f,s,f,c,n,b,t,?,s,k,w,p,p,w,o,e,w,v,d
p,f,y,e,f,y,f,c,n,b,t,?,s,k,w,w,p,w,o,e,w,v,d
p,f,s,n,f,f,f,c,n,b,t,?,k,k,w,w,p,w,o,e,w,v,d
p,f,s,n,f,s,f,c,n,b,t,?,s,k,p,w,p,w,o,e,w,v,p
p,f,s,n,f,f,f,c,n,b,t,?,s,k,w,w,p,w,o,e,w,v,l
p,f,y,e,f,s,f,c,n,b,t,?,k,s,w,p,p,w,o,e,w,v,d
p,f,s,e,f,y,f,c,n,b,t,?,s,k,p,p,p,w,o,e,w,v,l
p,x,y,e,f,f,f,c,n,b,t,?,s,k,w,p,p,w,o,e,w,v,l
p,x,s,e,f,y,f,c,n,b,t,?,k,s,w,p,p,w,o,e,w,v,d
p,f,s,e,f,f,f,c,n,b,t,?,s,s,p,p,p,w,o,e,w,v,d
p,f,y,n,f,y,f,c,n,b,t,?,k,s,w,w,p,w,o,e,w,v,p
p,x,y,e,f,f,f,c,n,b,t,?,k,s,w,p,p,w,o,e,w,v,d
p,k,s,e,f,s,f,c,n,b,t,?,s,s,w,p,p,w,o,e,w,v,l
p,k,s,n,f,f,f,c,n,b,t,?,k,k,w,p,p,w,o,e,w,v,l
p,f,y,n,f,f,f,c,n,b,t,?,s,s,p,w,p,w,o,e,w,v,d
p,x,s,e,f,s,f,c,n,b,t,?,s,s,p,p,p,w,o,e,w,v,l
p,x,y,e,f,f,f,c,n,b,t,?,k,k,w,p,p,w,o,e,w,v,l
p,f,y,e,f,s,f,c,n,b,t,?,s,s,w,p,p,w,o,e,w,v,p
p,f,y,n,f,s,f,c,n,b,t,?,s,s,p,w,p,w,o,e,w,v,l
p,f,s,e,f,f,f,c,n,b,t,?,s,k,w,p,p,w,o,e,w,v,p
p,x,s,n,f,s,f,c,n,b,t,?,s,k,p,w,p,w,o,e,w,v,p
e,x,f,w,f,n,f,w,b,w,e,?,k,k,w,w,p,w,t,p,w,n,g
p,f,y,n,f,y,f,c,n,b,t,?,s,k,w,p,p,w,o,e,w,v,p
p,x,s,n,f,f,f,c,n,b,t,?,s,k,p,p,p,w,o,e,w,v,d
p,x,s,e,f,f,f,c,n,b,t,?,s,s,p,w,p,w,o,e,w,v,d
p,f,s,n,f,s,f,c,n,b,t,?,s,s,p,w,p,w,o,e,w,v,l
p,f,s,n,f,s,f,c,n,b,t,?,s,k,p,p,p,w,o,e,w,v,l
p,x,y,e,f,s,f,c,n,b,t,?,k,k,w,p,p,w,o,e,w,v,l
p,x,s,e,f,f,f,c,n,b,t,?,k,s,p,p,p,w,o,e,w,v,d
p,f,s,n,f,y,f,c,n,b,t,?,s,k,w,p,p,w,o,e,w,v,l
p,k,s,n,f,f,f,c,n,b,t,?,k,k,p,p,p,w,o,e,w,v,p
p,f,y,n,f,s,f,c,n,b,t,?,k,s,w,w,p,w,o,e,w,v,p
p,x,s,n,f,s,f,c,n,b,t,?,k,s,p,p,p,w,o,e,w,v,l
p,f,y,e,f,y,f,c,n,b,t,?,k,s,p,w,p,w,o,e,w,v,l
p,x,s,e,f,y,f,c,n,b,t,?,k,k,p,p,p,w,o,e,w,v,d
p,f,s,n,f,s,f,c,n,b,t,?,k,k,p,w,p,w,o,e,w,v,l
p,f,y,n,f,s,f,c,n,b,t,?,s,s,p,w,p,w,o,e,w,v,p
p,k,y,n,f,y,f,c,n,b,t,?,k,s,w,p,p,w,o,e,w,v,l
p,f,y,n,f,s,f,c,n,b,t,?,k,s,p,p,p,w,o,e,w,v,d
p,f,s,n,f,y,f,c,n,b,t,?,k,s,w,p,p,w,o,e,w,v,d
p,x,s,e,f,s,f,c,n,b,t,?,s,s,p,w,p,w,o,e,w,v,l
p,f,s,n,f,y,f,c,n,b,t,?,s,s,p,p,p,w,o,e,w,v,l
p,f,s,n,f,s,f,c,n,b,t,?,s,k,p,w,p,w,o,e,w,v,d
p,f,s,e,f,f,f,c,n,b,t,?,s,k,p,p,p,w,o,e,w,v,l
p,f,y,n,f,y,f,c,n,b,t,?,s,k,w,p,p,w,o,e,w,v,l
p,f,s,n,f,f,f,c,n,b,t,?,k,k,p,p,p,w,o,e,w,v,d
p,f,y,n,f,f,f,c,n,b,t,?,s,k,p,p,p,w,o,e,w,v,l
p,f,s,e,f,y,f,c,n,b,t,?,s,k,p,w,p,w,o,e,w,v,l
p,f,s,e,f,f,f,c,n,b,t,?,s,s,w,p,p,w,o,e,w,v,l
p,x,y,e,f,f,f,c,n,b,t,?,s,k,w,w,p,w,o,e,w,v,p
p,f,s,n,f,y,f,c,n,b,t,?,s,k,w,p,p,w,o,e,w,v,p
p,x,y,e,f,y,f,c,n,b,t,?,s,k,w,p,p,w,o,e,w,v,d
p,f,y,e,f,f,f,c,n,b,t,?,k,s,w,w,p,w,o,e,w,v,l
p,x,s,n,f,f,f,c,n,b,t,?,s,k,p,w,p,w,o,e,w,v,p
p,f,y,n,f,s,f,c,n,b,t,?,s,s,w,w,p,w,o,e,w,v,p
p,f,y,e,f,f,f,c,n,b,t,?,s,s,p,p,p,w,o,e,w,v,d
p,x,y,e,f,s,f,c,n,b,t,?,k,s,p,w,p,w,o,e,w,v,l
p,f,y,n,f,y,f,c,n,b,t,?,s,k,w,w,p,w,o,e,w,v,d
p,f,y,n,f,y,f,c,n,b,t,?,s,k,p,p,p,w,o,e,w,v,l
p,x,y,e,f,s,f,c,n,b,t,?,s,k,p,p,p,w,o,e,w,v,l
p,f,y,n,f,y,f,c,n,b,t,?,k,k,p,p,p,w,o,e,w,v,l
p,f,s,n,f,s,f,c,n,b,t,?,k,s,p,w,p,w,o,e,w,v,l
p,x,s,n,f,f,f,c,n,b,t,?,s,s,p,p,p,w,o,e,w,v,p
p,f,y,e,f,y,f,c,n,b,t,?,k,k,w,p,p,w,o,e,w,v,p
p,x,y,e,f,s,f,c,n,b,t,?,k,k,p,w,p,w,o,e,w,v,l
p,x,s,e,f,f,f,c,n,b,t,?,k,k,w,p,p,w,o,e,w,v,p
p,f,s,e,f,f,f,c,n,b,t,?,s,s,w,w,p,w,o,e,w,v,l
p,f,y,e,f,f,f,c,n,b,t,?,k,s,p,p,p,w,o,e,w,v,d
p,x,y,e,f,s,f,c,n,b,t,?,s,k,w,w,p,w,o,e,w,v,l
p,x,y,e,f,s,f,c,n,b,t,?,s,k,p,w,p,w,o,e,w,v,l
p,x,s,n,f,f,f,c,n,b,t,?,s,s,w,p,p,w,o,e,w,v,l
p,x,s,e,f,f,f,c,n,b,t,?,s,s,p,p,p,w,o,e,w,v,l
p,k,s,e,f,s,f,c,n,b,t,?,k,k,p,w,p,w,o,e,w,v,p
e,x,s,c,t,n,f,c,b,w,e,b,s,s,w,w,p,w,t,p,w,v,p
p,x,s,e,f,y,f,c,n,b,t,?,s,k,w,p,p,w,o,e,w,v,p
p,f,s,n,f,y,f,c,n,b,t,?,s,s,w,p,p,w,o,e,w,v,d
p,x,s,n,f,y,f,c,n,b,t,?,s,k,p,w,p,w,o,e,w,v,l
p,f,y,n,f,s,f,c,n,b,t,?,s,k,p,p,p,w,o,e,w,v,p
p,f,y,e,f,y,f,c,n,b,t,?,s,k,p,w,p,w,o,e,w,v,l
p,f,s,e,f,s,f,c,n,b,t,?,s,s,w,w,p,w,o,e,w,v,l
p,x,y,e,f,f,f,c,n,b,t,?,k,k,p,p,p,w,o,e,w,v,l
p,x,s,e,f,f,f,c,n,b,t,?,k,s,p,w,p,w,o,e,w,v,l
p,x,s,n,f,y,f,c,n,b,t,?,k,k,w,p,p,w,o,e,w,v,d
p,x,y,e,f,f,f,c,n,b,t,?,k,s,w,w,p,w,o,e,w,v,d
p,f,s,e,f,f,f,c,n,b,t,?,k,s,w,p,p,w,o,e,w,v,p
p,f,s,n,f,y,f,c,n,b,t,?,s,k,w,w,p,w,o,e,w,v,l
p,f,y,e,f,y,f,c,n,b,t,?,k,s,w,w,p,w,o,e,w,v,p
p,x,y,e,f,s,f,c,n,b,t,?,k,s,p,p,p,w,o,e,w,v,l
p,k,s,e,f,f,f,c,n,b,t,?,s,s,w,w,p,w,o,e,w,v,p
p,f,y,n,f,s,f,c,n,b,t,?,s,s,w,w,p,w,o,e,w,v,d
p,f,s,n,f,y,f,c,n,b,t,?,s,k,w,w,p,w,o,e,w,v,d
p,x,s,e,f,y,f,c,n,b,t,?,k,k,w,p,p,w,o,e,w,v,p
p,f,s,n,f,f,f,c,n,b,t,?,s,s,w,p,p,w,o,e,w,v,l
p,f,s,e,f,s,f,c,n,b,t,?,k,k,w,p,p,w,o,e,w,v,p
p,f,y,e,f,y,f,c,n,b,t,?,s,s,p,w,p,w,o,e,w,v,l
e,b,f,w,f,n,f,w,b,g,e,?,s,s,w,w,p,w,t,p,w,n,g
p,x,y,e,f,s,f,c,n,b,t,?,s,s,w,p,p,w,o,e,w,v,l
p,x,y,e,f,f,f,c,n,b,t,?,k,k,p,p,p,w,o,e,w,v,p
p,f,y,e,f,s,f,c,n,b,t,?,k,s,w,w,p,w,o,e,w,v,l
p,f,y,e,f,y,f,c,n,b,t,?,s,k,w,p,p,w,o,e,w,v,l
e,k,f,w,f,n,f,w,b,g,e,?,k,s,w,w,p,w,t,p,w,s,g
p,x,s,n,f,s,f,c,n,b,t,?,k,k,p,w,p,w,o,e,w,v,p
p,f,s,n,f,s,f,c,n,b,t,?,k,s,p,p,p,w,o,e,w,v,p
p,x,s,n,f,s,f,c,n,b,t,?,s,s,p,p,p,w,o,e,w,v,d
p,f,s,e,f,f,f,c,n,b,t,?,k,k,w,w,p,w,o,e,w,v,d
p,x,s,n,f,f,f,c,n,b,t,?,s,k,w,p,p,w,o,e,w,v,p
p,x,s,n,f,f,f,c,n,b,t,?,k,k,w,p,p,w,o,e,w,v,p
p,x,s,e,f,s,f,c,n,b,t,?,k,k,w,p,p,w,o,e,w,v,p
p,k,s,n,f,y,f,c,n,b,t,?,s,s,w,p,p,w,o,e,w,v,d
p,x,y,e,f,f,f,c,n,b,t,?,s,s,w,w,p,w,o,e,w,v,d
p,x,s,e,f,f,f,c,n,b,t,?,s,s,w,p,p,w,o,e,w,v,d
p,x,y,e,f,f,f,c,n,b,t,?,k,k,w,w,p,w,o,e,w,v,d
p,x,s,e,f,s,f,c,n,b,t,?,s,s,w,w,p,w,o,e,w,v,d
p,x,s,e,f,f,f,c,n,b,t,?,s,s,p,p,p,w,o,e,w,v,d
p,x,s,e,f,s,f,c,n,b,t,?,k,k,w,p,p,w,o,e,w,v,l
p,x,s,e,f,s,f,c,n,b,t,?,s,s,w,p,p,w,o,e,w,v,d
p,f,y,e,f,s,f,c,n,b,t,?,s,k,w,w,p,w,o,e,w,v,d
p,x,s,n,f,y,f,c,n,b,t,?,s,s,p,w,p,w,o,e,w,v,d
p,f,s,n,f,y,f,c,n,b,t,?,s,s,p,w,p,w,o,e,w,v,d
p,x,s,e,f,f,f,c,n,b,t,?,k,k,w,w,p,w,o,e,w,v,d
p,f,s,e,f,y,f,c,n,b,t,?,s,k,p,w,p,w,o,e,w,v,p
p,x,s,n,f,y,f,c,n,b,t,?,s,k,w,p,p,w,o,e,w,v,l
p,f,y,e,f,y,f,c,n,b,t,?,s,s,p,w,p,w,o,e,w,v,d
p,x,s,n,f,y,f,c,n,b,t,?,k,s,w,p,p,w,o,e,w,v,l
p,k,s,n,f,f,f,c,n,b,t,?,k,k,p,w,p,w,o,e,w,v,p
p,f,s,e,f,f,f,c,n,b,t,?,s,s,p,p,p,w,o,e,w,v,l
p,f,s,e,f,f,f,c,n,b,t,?,k,s,p,p,p,w,o,e,w,v,l
p,f,y,e,f,f,f,c,n,b,t,?,s,s,w,p,p,w,o,e,w,v,p
p,k,s,n,f,f,f,c,n,b,t,?,s,k,p,p,p,w,o,e,w,v,p
p,f,y,n,f,f,f,c,n,b,t,?,k,s,w,w,p,w,o,e,w,v,l
p,f,s,e,f,f,f,c,n,b,t,?,s,s,w,w,p,w,o,e,w,v,p
p,x,y,e,f,s,f,c,n,b,t,?,k,s,w,w,p,w,o,e,w,v,d
p,f,s,e,f,y,f,c,n,b,t,?,s,s,p,w,p,w,o,e,w,v,l
p,f,y,e,f,f,f,c,n,b,t,?,s,s,p,p,p,w,o,e,w,v,l
p,f,s,n,f,s,f,c,n,b,t,?,k,k,p,w,p,w,o,e,w,v,d
p,f,s,n,f,f,f,c,n,b,t,?,k,s,p,w,p,w,o,e,w,v,d
p,x,y,e,f,s,f,c,n,b,t,?,k,k,w,w,p,w,o,e,w,v,p
p,x,y,e,f,s,f,c,n,b,t,?,k,k,p,p,p,w,o,e,w,v,l
p,f,s,e,f,y,f,c,n,b,t,?,k,k,w,p,p,w,o,e,w,v,p
p,k,y,e,f,f,f,c,n,b,t,?,k,k,w,w,p,w,o,e,w,v,d
p,f,y,e,f,s,f,c,n,b,t,?,k,k,p,w,p,w,o,e,w,v,p
p,k,y,n,f,s,f,c,n,b,t,?,s,k,w,p,p,w,o,e,w,v,d
p,x,s,e,f,s,f,c,n,b,t,?,k,s,w,p,p,w,o,e,w,v,l
p,x,y,e,f,s,f,c,n,b,t,?,s,k,w,p,p,w,o,e,w,v,p
p,x,s,n,f,f,f,c,n,b,t,?,s,k,p,w,p,w,o,e,w,v,l
p,f,y,n,f,f,f,c,n,b,t,?,s,s,p,p,p,w,o,e,w,v,l
p,x,s,e,f,f,f,c,n,b,t,?,k,k,p,p,p,w,o,e,w,v,p
e,b,s,g,f,n,f,w,b,w,e,?,s,k,w,w,p,w,t,p,w,n,g
p,x,y,e,f,s,f,c,n,b,t,?,k,k,p,p,p,w,o,e,w,v,p
p,x,s,e,f,s,f,c,n,b,t,?,k,s,p,w,p,w,o,e,w,v,d
p,f,y,e,f,s,f,c,n,b,t,?,s,s,p,p,p,w,o,e,w,v,l
p,x,s,e,f,y,f,c,n,b,t,?,k,s,w,p,p,w,o,e,w,v,p
p,f,y,e,f,y,f,c,n,b,t,?,s,k,p,w,p,w,o,e,w,v,d
p,f,y,e,f,f,f,c,n,b,t,?,k,k,w,p,p,w,o,e,w,v,l
p,x,s,n,f,f,f,c,n,b,t,?,k,k,w,w,p,w,o,e,w,v,d
p,f,y,n,f,f,f,c,n,b,t,?,k,s,w,p,p,w,o,e,w,v,p
e,k,s,w,f,n,f,w,b,g,e,?,k,s,w,w,p,w,t,p,w,s,g
p,f,y,e,f,s,f,c,n,b,t,?,k,k,w,w,p,w,o,e,w,v,p
p,x,s,e,f,f,f,c,n,b,t,?,s,s,w,p,p,w,o,e,w,v,p
p,f,y,n,f,y,f,c,n,b,t,?,k,s,w,p,p,w,o,e,w,v,l
p,f,y,n,f,s,f,c,n,b,t,?,k,k,p,w,p,w,o,e,w,v,l
p,x,s,e,f,y,f,c,n,b,t,?,k,k,w,p,p,w,o,e,w,v,l
p,f,y,e,f,y,f,c,n,b,t,?,k,k,w,w,p,w,o,e,w,v,d
p,f,y,e,f,f,f,c,n,b,t,?,k,k,p,w,p,w,o,e,w,v,p
p,f,s,n,f,y,f,c,n,b,t,?,s,k,w,w,p,w,o,e,w,v,p
p,x,y,e,f,f,f,c,n,b,t,?,s,k,p,w,p,w,o,e,w,v,p
p,f,y,e,f,s,f,c,n,b,t,?,s,k,p,w,p,w,o,e,w,v,d
e,b,f,g,f,n,f,w,b,p,e,?,k,s,w,w,p,w,t,p,w,n,g
p,k,y,e,f,s,f,c,n,b,t,?,s,k,w,w,p,w,o,e,w,v,l
p,x,y,e,f,f,f,c,n,b,t,?,s,s,p,w,p,w,o,e,w,v,l
p,k,s,e,f,f,f,c,n,b,t,?,s,k,w,p,p,w,o,e,w,v,l
p,x,s,n,f,s,f,c,n,b,t,?,s,k,p,p,p,w,o,e,w,v,p
e,k,s,w,f,n,f,w,b,g,e,?,s,k,w,w,p,w,t,p,w,s,g
p,f,s,e,f,s,f,c,n,b,t,?,s,s,p,p,p,w,o,e,w,v,d
p,x,s,n,f,y,f,c,n,b,t,?,k,s,p,p,p,w,o,e,w,v,p
p,k,s,e,f,f,f,c,n,b,t,?,s,k,w,w,p,w,o,e,w,v,p
p,k,y,n,f,s,f,c,n,b,t,?,k,k,w,w,p,w,o,e,w,v,l
p,k,y,e,f,f,f,c,n,b,t,?,k,s,p,p,p,w,o,e,w,v,p
p,x,s,e,f,y,f,c,n,b,t,?,k,s,w,w,p,w,o,e,w,v,d
p,f,s,e,f,s,f,c,n,b,t,?,s,k,p,p,p,w,o,e,w,v,p
p,f,y,e,f,f,f,c,n,b,t,?,k,k,p,p,p,w,o,e,w,v,p
p,x,y,e,f,s,f,c,n,b,t,?,s,k,p,p,p,w,o,e,w,v,d
p,f,y,n,f,y,f,c,n,b,t,?,s,s,p,w,p,w,o,e,w,v,d
p,x,y,e,f,y,f,c,n,b,t,?,s,s,p,w,p,w,o,e,w,v,d
p,f,y,n,f,y,f,c,n,b,t,?,s,s,w,p,p,w,o,e,w,v,l
p,x,y,e,f,y,f,c,n,b,t,?,s,s,w,p,p,w,o,e,w,v,l
p,k,y,n,f,y,f,c,n,b,t,?,k,k,w,p,p,w,o,e,w,v,l
p,f,s,e,f,f,f,c,n,b,t,?,s,k,w,w,p,w,o,e,w,v,l
p,x,s,n,f,f,f,c,n,b,t,?,k,s,p,p,p,w,o,e,w,v,p
p,f,y,n,f,f,f,c,n,b,t,?,k,s,p,p,p,w,o,e,w,v,d
p,f,s,e,f,s,f,c,n,b,t,?,s,k,w,p,p,w,o,e,w,v,d
p,x,s,e,f,y,f,c,n,b,t,?,k,k,p,w,p,w,o,e,w,v,d
p,f,s,n,f,y,f,c,n,b,t,?,s,k,w,p,p,w,o,e,w,v,d
p,f,y,n,f,s,f,c,n,b,t,?,s,k,p,p,p,w,o,e,w,v,l
p,x,y,e,f,f,f,c,n,b,t,?,s,s,p,p,p,w,o,e,w,v,d
p,x,s,e,f,f,f,c,n,b,t,?,s,k,p,p,p,w,o,e,w,v,d
p,f,y,e,f,y,f,c,n,b,t,?,s,s,p,p,p,w,o,e,w,v,l
p,f,s,e,f,y,f,c,n,b,t,?,k,s,p,w,p,w,o,e,w,v,l
p,f,y,e,f,f,f,c,n,b,t,?,k,s,w,p,p,w,o,e,w,v,d
p,x,s,n,f,s,f,c,n,b,t,?,s,s,p,w,p,w,o,e,w,v,l
p,f,s,n,f,s,f,c,n,b,t,?,s,k,w,w,p,w,o,e,w,v,d
p,x,s,n,f,f,f,c,n,b,t,?,k,k,p,w,p,w,o,e,w,v,l
p,f,y,n,f,y,f,c,n,b,t,?,k,k,w,p,p,w,o,e,w,v,p
p,k,y,n,f,s,f,c,n,b,t,?,k,k,p,w,p,w,o,e,w,v,d
p,x,s,e,f,s,f,c,n,b,t,?,s,k,p,w,p,w,o,e,w,v,p
p,f,y,n,f,f,f,c,n,b,t,?,k,s,w,w,p,w,o,e,w,v,d
p,x,y,e,f,s,f,c,n,b,t,?,s,k,p,p,p,w,o,e,w,v,p
p,f,y,e,f,s,f,c,n,b,t,?,k,k,p,w,p,w,o,e,w,v,d
p,x,y,e,f,y,f,c,n,b,t,?,s,k,w,w,p,w,o,e,w,v,d
p,f,y,e,f,y,f,c,n,b,t,?,k,s,w,w,p,w,o,e,w,v,l
p,f,y,e,f,s,f,c,n,b,t,?,s,s,w,p,p,w,o,e,w,v,d
p,f,s,e,f,s,f,c,n,b,t,?,s,k,w,w,p,w,o,e,w,v,l
p,k,y,e,f,y,f,c,n,b,t,?,k,k,w,w,p,w,o,e,w,v,l
p,x,s,e,f,f,f,c,n,b,t,?,s,k,p,p,p,w,o,e,w,v,p
e,k,s,g,f,n,f,w,b,g,e,?,k,s,w,w,p,w,t,p,w,s,g
p,x,s,n,f,y,f,c,n,b,t,?,k,s,p,w,p,w,o,e,w,v,l
p,f,s,e,f,s,f,c,n,b,t,?,s,k,p,w,p,w,o,e,w,v,d
p,f,s,n,f,y,f,c,n,b,t,?,s,k,p,p,p,w,o,e,w,v,d
p,f,s,e,f,s,f,c,n,b,t,?,k,k,p,p,p,w,o,e,w,v,l
p,f,y,n,f,s,f,c,n,b,t,?,k,s,p,p,p,w,o,e,w,v,p
p,x,s,e,f,y,f,c,n,b,t,?,s,s,w,p,p,w,o,e,w,v,p
p,x,s,e,f,s,f,c,n,b,t,?,s,k,w,w,p,w,o,e,w,v,p
p,x,s,e,f,y,f,c,n,b,t,?,s,s,w,p,p,w,o,e,w,v,d
p,x,s,e,f,f,f,c,n,b,t,?,k,s,p,w,p,w,o,e,w,v,p
p,f,s,e,f,s,f,c,n,b,t,?,s,s,p,w,p,w,o,e,w,v,d
p,x,s,e,f,s,f,c,n,b,t,?,s,k,p,p,p,w,o,e,w,v,p
p,x,s,n,f,f,f,c,n,b,t,?,s,k,p,p,p,w,o,e,w,v,l
p,f,s,n,f,s,f,c,n,b,t,?,s,k,p,w,p,w,o,e,w,v,l
p,k,y,n,f,y,f,c,n,b,t,?,k,s,w,w,p,w,o,e,w,v,d
p,x,y,e,f,s,f,c,n,b,t,?,k,s,p,w,p,w,o,e,w,v,p
p,x,s,n,f,f,f,c,n,b,t,?,k,s,p,w,p,w,o,e,w,v,l
p,x,s,e,f,f,f,c,n,b,t,?,k,k,p,w,p,w,o,e,w,v,p
e,b,s,w,f,n,f,w,b,p,e,?,k,k,w,w,p,w,t,p,w,s,g
p,f,s,e,f,s,f,c,n,b,t,?,k,k,p,w,p,w,o,e,w,v,p
p,x,s,e,f,y,f,c,n,b,t,?,s,s,p,w,p,w,o,e,w,v,l
p,x,y,e,f,f,f,c,n,b,t,?,s,k,w,p,p,w,o,e,w,v,d
p,f,y,n,f,f,f,c,n,b,t,?,s,s,w,p,p,w,o,e,w,v,p
p,f,s,e,f,y,f,c,n,b,t,?,k,s,p,p,p,w,o,e,w,v,l
p,f,y,n,f,s,f,c,n,b,t,?,s,k,w,p,p,w,o,e,w,v,d
p,f,y,e,f,f,f,c,n,b,t,?,k,k,w,p,p,w,o,e,w,v,d
p,f,s,n,f,f,f,c,n,b,t,?,s,s,p,w,p,w,o,e,w,v,d
p,x,y,e,f,f,f,c,n,b,t,?,s,s,w,p,p,w,o,e,w,v,l
p,f,s,n,f,s,f,c,n,b,t,?,k,s,p,w,p,w,o,e,w,v,d
p,x,s,n,f,y,f,c,n,b,t,?,k,s,w,w,p,w,o,e,w,v,l
p,f,s,e,f,s,f,c,n,b,t,?,k,s,p,p,p,w,o,e,w,v,p
p,x,s,n,f,s,f,c,n,b,t,?,s,s,w,w,p,w,o,e,w,v,d
p,f,s,e,f,s,f,c,n,b,t,?,k,s,p,w,p,w,o,e,w,v,l
p,x,y,e,f,y,f,c,n,b,t,?,s,s,p,w,p,w,o,e,w,v,p
p,f,y,n,f,f,f,c,n,b,t,?,s,k,w,w,p,w,o,e,w,v,p
p,x,y,e,f,f,f,c,n,b,t,?,k,s,p,p,p,w,o,e,w,v,l
p,f,s,n,f,f,f,c,n,b,t,?,k,k,w,w,p,w,o,e,w,v,p
p,f,s,n,f,y,f,c,n,b,t,?,k,s,w,p,p,w,o,e,w,v,p
p,x,s,n,f,y,f,c,n,b,t,?,k,k,w,w,p,w,o,e,w,v,p
p,f,s,e,f,s,f,c,n,b,t,?,s,s,w,p,p,w,o,e,w,v,d
p,k,y,n,f,y,f,c,n,b,t,?,k,s,p,p,p,w,o,e,w,v,p
p,x,y,e,f,f,f,c,n,b,t,?,s,k,p,p,p,w,o,e,w,v,l
p,x,y,e,f,s,f,c,n,b,t,?,s,k,p,w,p,w,o,e,w,v,d
p,k,s,n,f,s,f,c,n,b,t,?,k,k,p,p,p,w,o,e,w,v,d
p,x,s,e,f,f,f,c,n,b,t,?,k,s,p,p,p,w,o,e,w,v,p
p,x,s,e,f,f,f,c,n,b,t,?,s,s,p,w,p,w,o,e,w,v,p
p,f,y,n,f,f,f,c,n,b,t,?,s,k,w,w,p,w,o,e,w,v,l
p,f,s,e,f,y,f,c,n,b,t,?,s,s,p,w,p,w,o,e,w,v,d
p,f,s,e,f,f,f,c,n,b,t,?,s,s,p,p,p,w,o,e,w,v,p
p,f,s,n,f,f,f,c,n,b,t,?,k,s,w,p,p,w,o,e,w,v,l
p,f,y,e,f,f,f,c,n,b,t,?,s,s,p,w,p,w,o,e,w,v,p
p,f,y,e,f,f,f,c,n,b,t,?,s,k,p,w,p,w,o,e,w,v,l
p,k,s,e,f,s,f,c,n,b,t,?,k,s,p,p,p,w,o,e,w,v,d
p,x,s,n,f,f,f,c,n,b,t,?,k,s,w,p,p,w,o,e,w,v,d
p,f,y,n,f,y,f,c,n,b,t,?,k,s,p,p,p,w,o,e,w,v,d
p,f,s,e,f,f,f,c,n,b,t,?,k,k,w,w,p,w,o,e,w,v,p
p,k,s,n,f,y,f,c,n,b,t,?,s,s,w,w,p,w,o,e,w,v,d
p,f,y,n,f,f,f,c,n,b,t,?,s,s,p,w,p,w,o,e,w,v,p
p,x,y,e,f,y,f,c,n,b,t,?,s,s,p,w,p,w,o,e,w,v,l
p,x,y,e,f,f,f,c,n,b,t,?,k,k,w,p,p,w,o,e,w,v,p
p,x,s,e,f,y,f,c,n,b,t,?,k,s,p,p,p,w,o,e,w,v,p
p,f,y,n,f,f,f,c,n,b,t,?,k,k,p,w,p,w,o,e,w,v,l
p,f,y,n,f,s,f,c,n,b,t,?,k,s,p,w,p,w,o,e,w,v,p
p,f,y,e,f,s,f,c,n,b,t,?,k,s,p,w,p,w,o,e,w,v,p
p,k,y,n,f,y,f,c,n,b,t,?,k,s,w,w,p,w,o,e,w,v,l
p,x,s,n,f,s,f,c,n,b,t,?,k,k,p,p,p,w,o,e,w,v,d
p,x,s,e,f,y,f,c,n,b,t,?,s,s,p,p,p,w,o,e,w,v,l
p,x,s,n,f,f,f,c,n,b,t,?,s,s,p,w,p,w,o,e,w,v,l
p,f,y,e,f,f,f,c,n,b,t,?,s,k,w,p,p,w,o,e,w,v,p
p,k,y,e,f,f,f,c,n,b,t,?,s,k,p,p,p,w,o,e,w,v,d
e,x,f,g,f,n,f,w,b,w,e,?,s,k,w,w,p,w,t,p,w,s,g
p,f,y,e,f,f,f,c,n,b,t,?,s,s,p,w,p,w,o,e,w,v,l
p,x,s,e,f,f,f,c,n,b,t,?,k,s,w,p,p,w,o,e,w,v,l
p,x,s,e,f,s,f,c,n,b,t,?,k,s,p,w,p,w,o,e,w,v,l
p,x,y,e,f,s,f,c,n,b,t,?,k,k,p,w,p,w,o,e,w,v,d
p,f,y,n,f,f,f,c,n,b,t,?,k,k,p,p,p,w,o,e,w,v,p
p,f,y,n,f,y,f,c,n,b,t,?,s,s,p,p,p,w,o,e,w,v,l
p,x,s,n,f,s,f,c,n,b,t,?,k,s,w,p,p,w,o,e,w,v,p
p,x,s,e,f,f,f,c,n,b,t,?,k,k,w,p,p,w,o,e,w,v,l
p,f,y,e,f,f,f,c,n,b,t,?,s,k,p,w,p,w,o,e,w,v,d
p,f,s,n,f,f,f,c,n,b,t,?,k,k,p,p,p,w,o,e,w,v,l
p,f,y,n,f,f,f,c,n,b,t,?,k,s,w,p,p,w,o,e,w,v,l
p,f,y,n,f,y,f,c,n,b,t,?,k,k,w,p,p,w,o,e,w,v,d
p,x,y,e,f,f,f,c,n,b,t,?,k,s,w,p,p,w,o,e,w,v,l
p,x,s,e,f,f,f,c,n,b,t,?,s,k,w,w,p,w,o,e,w,v,p
p,f,s,n,f,f,f,c,n,b,t,?,s,s,p,p,p,w,o,e,w,v,l
p,f,s,n,f,s,f,c,n,b,t,?,k,s,w,p,p,w,o,e,w,v,d
p,x,s,e,f,f,f,c,n,b,t,?,s,k,p,w,p,w,o,e,w,v,d
p,f,s,n,f,f,f,c,n,b,t,?,k,k,w,p,p,w,o,e,w,v,l
p,f,s,n,f,f,f,c,n,b,t,?,k,k,p,p,p,w,o,e,w,v,p
p,f,y,n,f,f,f,c,n,b,t,?,s,s,p,p,p,w,o,e,w,v,p
p,x,s,n,f,s,f,c,n,b,t,?,k,k,w,w,p,w,o,e,w,v,l
p,f,s,n,f,y,f,c,n,b,t,?,k,s,w,p,p,w,o,e,w,v,l
p,f,s,n,f,y,f,c,n,b,t,?,k,k,p,w,p,w,o,e,w,v,p
p,x,s,n,f,y,f,c,n,b,t,?,s,s,w,w,p,w,o,e,w,v,p
p,f,y,n,f,f,f,c,n,b,t,?,k,k,w,p,p,w,o,e,w,v,p
p,x,s,n,f,y,f,c,n,b,t,?,k,s,p,w,p,w,o,e,w,v,p
p,x,s,n,f,y,f,c,n,b,t,?,s,s,p,w,p,w,o,e,w,v,p
p,f,s,n,f,f,f,c,n,b,t,?,k,k,w,p,p,w,o,e,w,v,p
p,f,y,n,f,f,f,c,n,b,t,?,s,s,p,p,p,w,o,e,w,v,d
p,x,y,e,f,y,f,c,n,b,t,?,s,s,p,p,p,w,o,e,w,v,d
p,f,s,e,f,f,f,c,n,b,t,?,s,k,w,p,p,w,o,e,w,v,l
p,f,y,n,f,s,f,c,n,b,t,?,s,k,p,p,p,w,o,e,w,v,d
p,f,s,e,f,y,f,c,n,b,t,?,s,k,w,p,p,w,o,e,w,v,l
p,x,s,n,f,f,f,c,n,b,t,?,k,k,p,w,p,w,o,e,w,v,p
e,k,f,w,f,n,f,w,b,p,e,?,k,k,w,w,p,w,t,p,w,n,g
p,x,s,n,f,f,f,c,n,b,t,?,s,s,w,p,p,w,o,e,w,v,p
p,f,s,n,f,f,f,c,n,b,t,?,k,s,w,p,p,w,o,e,w,v,d
p,f,y,n,f,y,f,c,n,b,t,?,k,k,w,w,p,w,o,e,w,v,p
p,f,s,n,f,f,f,c,n,b,t,?,k,s,w,w,p,w,o,e,w,v,d
p,f,y,n,f,y,f,c,n,b,t,?,k,s,p,w,p,w,o,e,w,v,d
p,f,y,n,f,f,f,c,n,b,t,?,s,s,w,w,p,w,o,e,w,v,l
p,f,s,n,f,f,f,c,n,b,t,?,s,k,p,p,p,w,o,e,w,v,d
p,f,y,e,f,y,f,c,n,b,t,?,k,s,p,w,p,w,o,e,w,v,p
e,b,s,n,f,n,a,c,b,o,e,?,s,s,o,o,p,o,o,p,o,v,l
p,f,s,e,f,f,f,c,n,b,t,?,k,s,w,p,p,w,o,e,w,v,d
p,f,s,e,f,s,f,c,n,b,t,?,k,k,p,p,p,w,o,e,w,v,p
p,x,s,e,f,y,f,c,n,b,t,?,k,k,p,p,p,w,o,e,w,v,l
p,f,y,n,f,s,f,c,n,b,t,?,s,k,w,w,p,w,o,e,w,v,l
p,f,y,e,f,s,f,c,n,b,t,?,k,s,w,p,p,w,o,e,w,v,p
p,f,s,n,f,f,f,c,n,b,t,?,k,s,p,p,p,w,o,e,w,v,l
p,f,y,e,f,s,f,c,n,b,t,?,k,k,w,p,p,w,o,e,w,v,l
p,f,s,n,f,s,f,c,n,b,t,?,k,s,w,p,p,w,o,e,w,v,p
p,k,y,n,f,y,f,c,n,b,t,?,k,s,w,w,p,w,o,e,w,v,p
p,f,y,e,f,f,f,c,n,b,t,?,k,s,p,p,p,w,o,e,w,v,l
p,f,s,e,f,s,f,c,n,b,t,?,k,k,p,p,p,w,o,e,w,v,d
p,x,y,e,f,f,f,c,n,b,t,?,k,s,w,p,p,w,o,e,w,v,p
p,f,s,n,f,y,f,c,n,b,t,?,k,k,p,p,p,w,o,e,w,v,l
p,x,s,e,f,s,f,c,n,b,t,?,k,s,p,w,p,w,o,e,w,v,p
p,k,y,n,f,y,f,c,n,b,t,?,k,k,w,w,p,w,o,e,w,v,p
p,x,s,n,f,s,f,c,n,b,t,?,k,k,w,p,p,w,o,e,w,v,p
p,x,y,e,f,f,f,c,n,b,t,?,k,k,w,p,p,w,o,e,w,v,d
p,f,y,n,f,y,f,c,n,b,t,?,k,s,w,w,p,w,o,e,w,v,d
p,f,s,e,f,y,f,c,n,b,t,?,s,k,p,p,p,w,o,e,w,v,d
p,f,s,n,f,f,f,c,n,b,t,?,s,s,w,w,p,w,o,e,w,v,p
e,x,s,w,f,n,f,w,b,g,e,?,k,s,w,w,p,w,t,p,w,s,g
p,f,y,n,f,y,f,c,n,b,t,?,s,s,w,p,p,w,o,e,w,v,d
p,f,s,n,f,f,f,c,n,b,t,?,s,k,w,p,p,w,o,e,w,v,l
p,x,y,e,f,y,f,c,n,b,t,?,s,s,p,p,p,w,o,e,w,v,l
p,f,s,e,f,s,f,c,n,b,t,?,s,k,w,p,p,w,o,e,w,v,l
p,x,s,n,f,s,f,c,n,b,t,?,s,s,w,p,p,w,o,e,w,v,p
p,x,y,e,f,f,f,c,n,b,t,?,s,k,p,w,p,w,o,e,w,v,l
e,k,f,g,f,n,f,w,b,g,e,?,k,k,w,w,p,w,t,p,w,s,g
p,f,s,e,f,s,f,c,n,b,t,?,k,s,w,p,p,w,o,e,w,v,l
p,f,y,e,f,s,f,c,n,b,t,?,s,k,w,w,p,w,o,e,w,v,p
e,b,f,w,f,n,f,w,b,w,e,?,s,k,w,w,p,w,t,p,w,s,g
p,f,s,n,f,y,f,c,n,b,t,?,s,k,p,w,p,w,o,e,w,v,l
p,x,y,e,f,s,f,c,n,b,t,?,k,s,w,w,p,w,o,e,w,v,l
p,x,y,e,f,f,f,c,n,b,t,?,s,k,p,p,p,w,o,e,w,v,d
p,f,s,n,f,s,f,c,n,b,t,?,k,s,w,w,p,w,o,e,w,v,p
p,x,s,n,f,f,f,c,n,b,t,?,k,k,p,p,p,w,o,e,w,v,d
p,f,s,e,f,s,f,c,n,b,t,?,k,k,w,w,p,w,o,e,w,v,p
p,f,s,e,f,s,f,c,n,b,t,?,s,k,p,p,p,w,o,e,w,v,l
p,f,s,e,f,s,f,c,n,b,t,?,s,s,p,w,p,w,o,e,w,v,l
p,x,y,e,f,m,f,c,b,w,e,c,k,y,c,c,p,w,n,n,w,c,d
p,f,y,n,f,y,f,c,n,b,t,?,s,k,p,p,p,w,o,e,w,v,d
p,f,y,e,f,y,f,c,n,b,t,?,s,s,w,w,p,w,o,e,w,v,d
p,x,s,e,f,s,f,c,n,b,t,?,k,k,p,w,p,w,o,e,w,v,p
p,f,s,e,f,y,f,c,n,b,t,?,s,s,p,w,p,w,o,e,w,v,p
p,f,y,e,f,f,f,c,n,b,t,?,k,k,w,w,p,w,o,e,w,v,p
p,f,y,e,f,s,f,c,n,b,t,?,s,s,p,w,p,w,o,e,w,v,l
p,x,s,e,f,f,f,c,n,b,t,?,k,k,w,w,p,w,o,e,w,v,l
p,f,s,e,f,s,f,c,n,b,t,?,s,k,p,w,p,w,o,e,w,v,p
e,x,s,n,f,n,a,c,b,n,e,?,s,s,o,o,p,n,o,p,y,c,l
p,f,y,n,f,s,f,c,n,b,t,?,s,k,p,w,p,w,o,e,w,v,d
p,f,y,e,f,s,f,c,n,b,t,?,s,s,w,p,p,w,o,e,w,v,l
p,f,y,e,f,s,f,c,n,b,t,?,s,s,w,w,p,w,o,e,w,v,l
p,x,s,n,f,f,f,c,n,b,t,?,k,s,p,w,p,w,o,e,w,v,p
p,x,s,e,f,y,f,c,n,b,t,?,k,s,p,p,p,w,o,e,w,v,d
p,x,y,e,f,f,f,c,n,b,t,?,k,k,p,p,p,w,o,e,w,v,d
p,x,s,e,f,s,f,c,n,b,t,?,s,k,w,p,p,w,o,e,w,v,p
p,x,y,e,f,y,f,c,n,b,t,?,s,s,p,p,p,w,o,e,w,v,p
p,f,y,e,f,f,f,c,n,b,t,?,s,k,w,w,p,w,o,e,w,v,p
e,x,s,n,f,n,a,c,b,n,e,?,s,s,o,o,p,n,o,p,o,v,l
p,f,s,n,f,s,f,c,n,b,t,?,k,k,p,p,p,w,o,e,w,v,p
p,x,y,e,f,f,f,c,n,b,t,?,s,s,w,w,p,w,o,e,w,v,p
p,f,s,n,f,f,f,c,n,b,t,?,s,s,w,p,p,w,o,e,w,v,d
p,f,y,e,f,y,f,c,n,b,t,?,k,k,w,w,p,w,o,e,w,v,p
p,x,y,e,f,f,f,c,n,b,t,?,k,s,p,w,p,w,o,e,w,v,d
p,x,s,n,f,s,f,c,n,b,t,?,k,s,p,w,p,w,o,e,w,v,d
p,x,s,n,f,f,f,c,n,b,t,?,s,k,w,p,p,w,o,e,w,v,l
p,x,s,n,f,y,f,c,n,b,t,?,s,s,w,w,p,w,o,e,w,v,l
p,x,y,e,f,s,f,c,n,b,t,?,s,s,p,w,p,w,o,e,w,v,d
p,f,s,n,f,y,f,c,n,b,t,?,k,s,p,p,p,w,o,e,w,v,l
p,f,s,n,f,y,f,c,n,b,t,?,s,s,w,p,p,w,o,e,w,v,l
p,k,y,e,f,y,f,c,n,b,t,?,s,s,p,p,p,w,o,e,w,v,l
p,x,s,n,f,y,f,c,n,b,t,?,k,s,w,p,p,w,o,e,w,v,d
p,f,y,n,f,y,f,c,n,b,t,?,s,k,p,w,p,w,o,e,w,v,p
e,k,s,w,f,n,f,w,b,g,e,?,s,k,w,w,p,w,t,p,w,n,g
p,f,s,e,f,y,f,c,n,b,t,?,s,k,w,w,p,w,o,e,w,v,l
p,x,s,e,f,y,f,c,n,b,t,?,s,k,p,w,p,w,o,e,w,v,l
p,f,y,n,f,f,f,c,n,b,t,?,s,s,w,p,p,w,o,e,w,v,d
p,f,y,n,f,s,f,c,n,b,t,?,k,k,p,p,p,w,o,e,w,v,p
p,f,y,e,f,y,f,c,n,b,t,?,k,k,p,w,p,w,o,e,w,v,d
p,x,s,n,f,f,f,c,n,b,t,?,k,k,p,p,p,w,o,e,w,v,p
p,f,y,n,f,s,f,c,n,b,t,?,k,k,w,p,p,w,o,e,w,v,l
p,x,s,n,f,s,f,c,n,b,t,?,s,k,w,p,p,w,o,e,w,v,l
p,k,y,n,f,y,f,c,n,b,t,?,k,k,p,p,p,w,o,e,w,v,l
p,f,s,e,f,s,f,c,n,b,t,?,k,s,w,p,p,w,o,e,w,v,d
p,f,y,e,f,s,f,c,n,b,t,?,k,k,p,p,p,w,o,e,w,v,l
p,f,y,e,f,f,f,c,n,b,t,?,s,s,w,w,p,w,o,e,w,v,l
p,f,y,e,f,s,f,c,n,b,t,?,k,k,w,p,p,w,o,e,w,v,p
p,f,y,n,f,f,f,c,n,b,t,?,s,s,w,w,p,w,o,e,w,v,p
p,f,y,n,f,f,f,c,n,b,t,?,s,s,w,p,p,w,o,e,w,v,l
p,k,y,n,f,y,f,c,n,b,t,?,k,s,p,w,p,w,o,e,w,v,l
p,k,y,n,f,y,f,c,n,b,t,?,k,s,p,w,p,w,o,e,w,v,p
p,f,s,e,f,y,f,c,n,b,t,?,k,s,w,p,p,w,o,e,w,v,p
p,x,s,e,f,y,f,c,n,b,t,?,k,k,w,p,p,w,o,e,w,v,d
p,k,s,n,f,f,f,c,n,b,t,?,k,s,p,w,p,w,o,e,w,v,l
p,x,s,e,f,f,f,c,n,b,t,?,s,s,p,p,p,w,o,e,w,v,p
p,f,s,n,f,f,f,c,n,b,t,?,k,k,p,w,p,w,o,e,w,v,d
p,x,s,e,f,s,f,c,n,b,t,?,s,k,w,w,p,w,o,e,w,v,l
p,f,s,n,f,y,f,c,n,b,t,?,s,k,p,w,p,w,o,e,w,v,p
p,x,s,n,f,f,f,c,n,b,t,?,k,k,w,p,p,w,o,e,w,v,l
p,f,y,e,f,y,f,c,n,b,t,?,s,k,w,p,p,w,o,e,w,v,d
p,x,s,n,f,f,f,c,n,b,t,?,k,s,w,p,p,w,o,e,w,v,l
p,x,s,e,f,y,f,c,n,b,t,?,s,s,w,w,p,w,o,e,w,v,p
p,x,s,e,f,s,f,c,n,b,t,?,s,k,w,w,p,w,o,e,w,v,d
p,x,s,n,f,s,f,c,n,b,t,?,k,k,p,p,p,w,o,e,w,v,p
p,x,y,e,f,s,f,c,n,b,t,?,s,s,w,w,p,w,o,e,w,v,d
p,f,y,e,f,y,f,c,n,b,t,?,s,k,p,w,p,w,o,e,w,v,p
p,f,s,e,f,s,f,c,n,b,t,?,k,s,p,w,p,w,o,e,w,v,d
p,x,s,e,f,y,f,c,n,b,t,?,k,k,w,w,p,w,o,e,w,v,d
p,f,y,e,f,y,f,c,n,b,t,?,k,k,w,w,p,w,o,e,w,v,l
p,f,s,e,f,y,f,c,n,b,t,?,k,s,w,w,p,w,o,e,w,v,p
p,f,s,e,f,s,f,c,n,b,t,?,s,k,p,w,p,w,o,e,w,v,l
p,f,y,n,f,f,f,c,n,b,t,?,k,k,w,p,p,w,o,e,w,v,d
p,f,s,n,f,s,f,c,n,b,t,?,s,k,w,w,p,w,o,e,w,v,p
p,x,s,e,f,f,f,c,n,b,t,?,s,k,w,p,p,w,o,e,w,v,p
p,f,y,n,f,s,f,c,n,b,t,?,k,k,p,p,p,w,o,e,w,v,l
p,f,s,n,f,s,f,c,n,b,t,?,s,k,p,p,p,w,o,e,w,v,d
p,f,y,n,f,f,f,c,n,b,t,?,k,s,p,p,p,w,o,e,w,v,l
p,f,s,e,f,s,f,c,n,b,t,?,k,k,p,w,p,w,o,e,w,v,l
p,f,y,e,f,f,f,c,n,b,t,?,s,k,p,w,p,w,o,e,w,v,p
p,f,y,n,f,y,f,c,n,b,t,?,k,s,w,p,p,w,o,e,w,v,d
p,f,s,e,f,y,f,c,n,b,t,?,k,k,w,p,p,w,o,e,w,v,d
p,f,s,e,f,f,f,c,n,b,t,?,s,k,w,p,p,w,o,e,w,v,d
p,f,y,n,f,s,f,c,n,b,t,?,k,k,p,p,p,w,o,e,w,v,d
p,f,s,e,f,f,f,c,n,b,t,?,k,s,w,w,p,w,o,e,w,v,d
p,f,s,n,f,f,f,c,n,b,t,?,k,s,p,p,p,w,o,e,w,v,d
p,k,y,e,f,s,f,c,n,b,t,?,s,s,p,p,p,w,o,e,w,v,d
p,f,y,e,f,f,f,c,n,b,t,?,s,k,w,w,p,w,o,e,w,v,d
p,f,s,e,f,f,f,c,n,b,t,?,k,k,w,p,p,w,o,e,w,v,d
p,f,y,e,f,y,f,c,n,b,t,?,s,s,w,p,p,w,o,e,w,v,d
p,f,y,n,f,s,f,c,n,b,t,?,k,s,w,p,p,w,o,e,w,v,l
p,f,y,e,f,f,f,c,n,b,t,?,s,s,p,p,p,w,o,e,w,v,p
p,f,s,n,f,s,f,c,n,b,t,?,s,k,p,p,p,w,o,e,w,v,p
p,x,y,e,f,y,f,c,n,b,t,?,s,s,w,w,p,w,o,e,w,v,d
e,x,f,w,f,n,f,w,b,p,e,?,k,s,w,w,p,w,t,p,w,n,g
p,x,s,e,f,s,f,c,n,b,t,?,k,s,w,w,p,w,o,e,w,v,d
p,x,s,e,f,f,f,c,n,b,t,?,s,s,p,w,p,w,o,e,w,v,l
p,f,y,n,f,y,f,c,n,b,t,?,k,k,p,w,p,w,o,e,w,v,l
p,x,s,e,f,y,f,c,n,b,t,?,s,s,p,p,p,w,o,e,w,v,d
p,x,s,n,f,y,f,c,n,b,t,?,s,k,w,w,p,w,o,e,w,v,d
p,x,s,n,f,f,f,c,n,b,t,?,k,s,w,w,p,w,o,e,w,v,p
p,x,s,n,f,y,f,c,n,b,t,?,k,k,w,w,p,w,o,e,w,v,l
e,x,f,g,f,n,f,w,b,p,e,?,s,k,w,w,p,w,t,p,w,n,g
p,f,y,e,f,f,f,c,n,b,t,?,k,s,w,p,p,w,o,e,w,v,l
p,f,y,e,f,f,f,c,n,b,t,?,s,k,w,p,p,w,o,e,w,v,l
p,x,y,e,f,y,f,c,n,b,t,?,s,s,w,w,p,w,o,e,w,v,p
p,x,s,n,f,y,f,c,n,b,t,?,k,k,p,w,p,w,o,e,w,v,p
p,k,s,e,f,y,f,c,n,b,t,?,k,s,p,p,p,w,o,e,w,v,p
p,k,y,e,f,f,f,c,n,b,t,?,k,s,w,w,p,w,o,e,w,v,d
p,f,y,e,f,s,f,c,n,b,t,?,k,k,p,p,p,w,o,e,w,v,d
p,x,s,n,f,f,f,c,n,b,t,?,k,k,w,w,p,w,o,e,w,v,l
p,f,s,n,f,s,f,c,n,b,t,?,k,s,w,w,p,w,o,e,w,v,l
p,x,s,e,f,s,f,c,n,b,t,?,k,s,w,w,p,w,o,e,w,v,p
p,f,y,n,f,y,f,c,n,b,t,?,k,k,w,w,p,w,o,e,w,v,d
p,x,s,n,f,s,f,c,n,b,t,?,k,s,w,w,p,w,o,e,w,v,p
e,k,f,w,f,n,f,w,b,p,e,?,s,k,w,w,p,w,t,p,w,n,g
p,k,y,n,f,f,f,c,n,b,t,?,s,k,p,w,p,w,o,e,w,v,d
p,f,s,e,f,f,f,c,n,b,t,?,s,k,p,w,p,w,o,e,w,v,d
p,x,y,e,f,f,f,c,n,b,t,?,k,s,p,p,p,w,o,e,w,v,d
p,x,s,n,f,s,f,c,n,b,t,?,s,s,p,p,p,w,o,e,w,v,l
p,x,s,n,f,y,f,c,n,b,t,?,s,s,w,p,p,w,o,e,w,v,d
p,f,y,e,f,y,f,c,n,b,t,?,k,s,w,p,p,w,o,e,w,v,l
p,f,y,n,f,s,f,c,n,b,t,?,s,s,w,p,p,w,o,e,w,v,l
p,x,y,e,f,y,f,c,n,b,t,?,s,s,w,w,p,w,o,e,w,v,l
p,f,s,e,f,y,f,c,n,b,t,?,s,k,p,p,p,w,o,e,w,v,p
p,x,s,e,f,s,f,c,n,b,t,?,s,k,p,w,p,w,o,e,w,v,d
p,x,s,n,f,s,f,c,n,b,t,?,k,s,p,w,p,w,o,e,w,v,p
p,f,y,n,f,f,f,c,n,b,t,?,k,k,w,p,p,w,o,e,w,v,l
p,f,y,e,f,s,f,c,n,b,t,?,s,k,w,p,p,w,o,e,w,v,l
p,f,y,n,f,s,f,c,n,b,t,?,k,s,w,w,p,w,o,e,w,v,l
p,f,y,n,f,f,f,c,n,b,t,?,s,s,w,w,p,w,o,e,w,v,d
p,f,s,n,f,y,f,c,n,b,t,?,s,k,p,p,p,w,o,e,w,v,p
p,f,y,e,f,f,f,c,n,b,t,?,k,s,p,w,p,w,o,e,w,v,p
p,f,y,e,f,s,f,c,n,b,t,?,k,s,w,p,p,w,o,e,w,v,l
p,x,y,e,f,s,f,c,n,b,t,?,k,s,w,p,p,w,o,e,w,v,p
p,k,s,e,f,f,f,c,n,b,t,?,s,k,p,p,p,w,o,e,w,v,p
p,f,y,e,f,s,f,c,n,b,t,?,s,s,p,w,p,w,o,e,w,v,p
p,f,y,n,f,y,f,c,n,b,t,?,s,s,w,p,p,w,o,e,w,v,p
p,f,s,n,f,s,f,c,n,b,t,?,k,k,p,p,p,w,o,e,w,v,d
p,f,s,e,f,y,f,c,n,b,t,?,s,k,w,w,p,w,o,e,w,v,p
p,k,s,e,f,f,f,c,n,b,t,?,s,k,w,p,p,w,o,e,w,v,p
p,f,y,e,f,s,f,c,n,b,t,?,s,s,w,w,p,w,o,e,w,v,p
p,f,s,n,f,s,f,c,n,b,t,?,k,k,p,w,p,w,o,e,w,v,p
e,x,s,n,f,n,a,c,b,n,e,?,s,s,o,o,p,o,o,p,b,v,l
p,x,s,n,f,y,f,c,n,b,t,?,s,s,p,w,p,w,o,e,w,v,l
p,k,s,n,f,y,f,c,n,b,t,?,s,s,p,w,p,w,o,e,w,v,l
p,f,s,n,f,f,f,c,n,b,t,?,s,k,w,p,p,w,o,e,w,v,d
p,f,s,n,f,y,f,c,n,b,t,?,k,s,w,w,p,w,o,e,w,v,d
p,x,s,n,f,y,f,c,n,b,t,?,s,s,w,p,p,w,o,e,w,v,p
p,f,s,n,f,y,f,c,n,b,t,?,k,k,w,w,p,w,o,e,w,v,d
p,f,y,e,f,f,f,c,n,b,t,?,k,s,p,p,p,w,o,e,w,v,p
p,f,y,e,f,y,f,c,n,b,t,?,s,k,p,p,p,w,o,e,w,v,d
p,f,s,n,f,f,f,c,n,b,t,?,s,s,p,w,p,w,o,e,w,v,l
p,x,s,e,f,f,f,c,n,b,t,?,s,k,w,p,p,w,o,e,w,v,l
p,x,s,n,f,s,f,c,n,b,t,?,s,k,w,w,p,w,o,e,w,v,p
p,x,s,e,f,y,f,c,n,b,t,?,s,s,p,p,p,w,o,e,w,v,p
p,x,s,e,f,s,f,c,n,b,t,?,k,k,p,p,p,w,o,e,w,v,d
p,f,y,e,f,f,f,c,n,b,t,?,k,s,p,w,p,w,o,e,w,v,l
p,x,s,e,f,y,f,c,n,b,t,?,k,k,p,w,p,w,o,e,w,v,p
p,k,s,e,f,y,f,c,n,b,t,?,k,s,p,w,p,w,o,e,w,v,l
p,x,y,e,f,f,f,c,n,b,t,?,s,s,w,p,p,w,o,e,w,v,p
p,f,s,n,f,f,f,c,n,b,t,?,s,s,w,p,p,w,o,e,w,v,p
p,f,s,n,f,y,f,c,n,b,t,?,s,k,p,p,p,w,o,e,w,v,l
p,x,s,n,f,f,f,c,n,b,t,?,s,s,w,p,p,w,o,e,w,v,d
p,k,y,e,f,y,f,c,n,b,t,?,s,k,w,w,p,w,o,e,w,v,p
p,x,s,e,f,y,f,c,n,b,t,?,k,k,p,w,p,w,o,e,w,v,l
p,f,y,n,f,s,f,c,n,b,t,?,s,s,p,w,p,w,o,e,w,v,d
p,f,y,e,f,s,f,c,n,b,t,?,k,s,w,w,p,w,o,e,w,v,d
p,f,y,n,f,s,f,c,n,b,t,?,s,s,p,p,p,w,o,e,w,v,p
p,f,s,n,f,s,f,c,n,b,t,?,k,k,p,p,p,w,o,e,w,v,l
p,f,s,e,f,y,f,c,n,b,t,?,s,s,w,p,p,w,o,e,w,v,p
p,k,y,n,f,y,f,c,n,b,t,?,k,k,w,p,p,w,o,e,w,v,p
p,f,y,e,f,y,f,c,n,b,t,?,s,k,w,w,p,w,o,e,w,v,l
p,f,s,e,f,s,f,c,n,b,t,?,s,s,p,w,p,w,o,e,w,v,p
p,f,s,n,f,f,f,c,n,b,t,?,s,s,w,w,p,w,o,e,w,v,d
p,x,s,n,f,y,f,c,n,b,t,?,s,s,w,p,p,w,o,e,w,v,l
p,f,y,n,f,s,f,c,n,b,t,?,k,s,p,w,p,w,o,e,w,v,d
p,f,y,e,f,s,f,c,n,b,t,?,k,k,w,w,p,w,o,e,w,v,d
p,x,y,e,f,s,f,c,n,b,t,?,k,k,p,p,p,w,o,e,w,v,d
p,f,s,e,f,s,f,c,n,b,t,?,k,s,w,w,p,w,o,e,w,v,p
p,x,s,n,f,s,f,c,n,b,t,?,k,k,w,p,p,w,o,e,w,v,l
p,f,s,n,f,y,f,c,n,b,t,?,k,k,p,p,p,w,o,e,w,v,p
p,f,s,n,f,s,f,c,n,b,t,?,s,k,w,w,p,w,o,e,w,v,l
p,f,s,e,f,y,f,c,n,b,t,?,s,s,p,p,p,w,o,e,w,v,p
e,x,s,g,f,n,f,w,b,p,e,?,s,k,w,w,p,w,t,p,w,n,g
p,k,y,n,f,y,f,c,n,b,t,?,k,k,p,w,p,w,o,e,w,v,p
p,x,y,e,f,s,f,c,n,b,t,?,k,s,w,w,p,w,o,e,w,v,p
p,x,s,n,f,s,f,c,n,b,t,?,s,s,w,w,p,w,o,e,w,v,p
p,x,s,n,f,s,f,c,n,b,t,?,s,s,w,p,p,w,o,e,w,v,d
p,f,y,e,f,s,f,c,n,b,t,?,k,k,p,w,p,w,o,e,w,v,l
p,k,y,n,f,f,f,c,n,b,t,?,s,s,p,p,p,w,o,e,w,v,l
p,x,s,e,f,f,f,c,n,b,t,?,k,s,p,w,p,w,o,e,w,v,d
p,x,s,n,f,s,f,c,n,b,t,?,s,k,w,w,p,w,o,e,w,v,d
p,k,y,n,f,y,f,c,n,b,t,?,k,s,p,p,p,w,o,e,w,v,d
p,x,y,e,f,f,f,c,n,b,t,?,k,k,p,w,p,w,o,e,w,v,l
p,k,s,n,f,f,f,c,n,b,t,?,k,s,p,w,p,w,o,e,w,v,p
p,x,s,n,f,f,f,c,n,b,t,?,s,k,w,w,p,w,o,e,w,v,p
p,x,y,e,f,f,f,c,n,b,t,?,s,k,p,w,p,w,o,e,w,v,d
p,f,s,e,f,y,f,c,n,b,t,?,s,k,w,w,p,w,o,e,w,v,d
p,f,s,n,f,s,f,c,n,b,t,?,s,k,w,p,p,w,o,e,w,v,l
p,f,s,n,f,f,f,c,n,b,t,?,k,s,p,p,p,w,o,e,w,v,p
p,f,s,e,f,y,f,c,n,b,t,?,k,s,p,w,p,w,o,e,w,v,p
p,x,y,e,f,s,f,c,n,b,t,?,k,s,w,p,p,w,o,e,w,v,l
p,x,s,e,f,f,f,c,n,b,t,?,k,s,p,p,p,w,o,e,w,v,l
p,f,s,n,f,s,f,c,n,b,t,?,s,s,p,w,p,w,o,e,w,v,p
p,f,y,e,f,s,f,c,n,b,t,?,s,s,w,w,p,w,o,e,w,v,d
p,x,s,n,f,f,f,c,n,b,t,?,k,s,p,w,p,w,o,e,w,v,d
p,x,s,e,f,s,f,c,n,b,t,?,k,k,w,p,p,w,o,e,w,v,d
p,x,s,e,f,y,f,c,n,b,t,?,k,k,w,w,p,w,o,e,w,v,l
p,f,s,e,f,f,f,c,n,b,t,?,k,s,p,p,p,w,o,e,w,v,p
p,x,y,e,f,s,f,c,n,b,t,?,s,k,w,w,p,w,o,e,w,v,p
p,x,s,n,f,y,f,c,n,b,t,?,s,k,p,w,p,w,o,e,w,v,d
p,x,s,e,f,s,f,c,n,b,t,?,s,k,w,p,p,w,o,e,w,v,l
p,x,s,e,f,y,f,c,n,b,t,?,s,k,w,p,p,w,o,e,w,v,l
p,x,s,n,f,y,f,c,n,b,t,?,s,k,w,p,p,w,o,e,w,v,d
p,x,s,n,f,s,f,c,n,b,t,?,k,s,p,w,p,w,o,e,w,v,l
p,f,s,e,f,y,f,c,n,b,t,?,s,s,p,p,p,w,o,e,w,v,d
p,f,y,e,f,f,f,c,n,b,t,?,k,s,w,w,p,w,o,e,w,v,d
p,x,s,n,f,s,f,c,n,b,t,?,k,s,w,w,p,w,o,e,w,v,d
p,x,s,e,f,f,f,c,n,b,t,?,k,k,p,p,p,w,o,e,w,v,l
p,f,s,n,f,s,f,c,n,b,t,?,k,s,w,p,p,w,o,e,w,v,l
p,x,s,n,f,f,f,c,n,b,t,?,s,k,p,w,p,w,o,e,w,v,d
p,f,s,e,f,y,f,c,n,b,t,?,k,s,p,w,p,w,o,e,w,v,d
p,k,y,n,f,y,f,c,n,b,t,?,s,k,w,p,p,w,o,e,w,v,p
p,x,s,n,f,y,f,c,n,b,t,?,s,k,p,p,p,w,o,e,w,v,l
p,f,y,n,f,y,f,c,n,b,t,?,k,s,w,p,p,w,o,e,w,v,p
p,k,y,n,f,y,f,c,n,b,t,?,k,s,w,p,p,w,o,e,w,v,p
p,f,s,e,f,s,f,c,n,b,t,?,k,s,w,w,p,w,o,e,w,v,d
p,f,s,n,f,f,f,c,n,b,t,?,k,k,p,w,p,w,o,e,w,v,p
p,x,s,e,f,y,f,c,n,b,t,?,s,k,w,p,p,w,o,e,w,v,d
p,x,s,n,f,f,f,c,n,b,t,?,s,s,p,p,p,w,o,e,w,v,l
p,f,y,n,f,y,f,c,n,b,t,?,k,s,p,p,p,w,o,e,w,v,p
p,f,y,n,f,s,f,c,n,b,t,?,s,k,p,w,p,w,o,e,w,v,p
p,x,s,e,f,y,f,c,n,b,t,?,s,s,w,w,p,w,o,e,w,v,l
p,f,y,n,f,y,f,c,n,b,t,?,k,s,w,w,p,w,o,e,w,v,l
p,x,y,e,f,s,f,c,n,b,t,?,s,s,p,w,p,w,o,e,w,v,p
p,f,y,n,f,y,f,c,n,b,t,?,k,k,w,w,p,w,o,e,w,v,l
p,f,y,e,f,s,f,c,n,b,t,?,k,s,w,w,p,w,o,e,w,v,p
p,x,y,e,f,f,f,c,n,b,t,?,k,s,p,w,p,w,o,e,w,v,l
p,f,s,e,f,y,f,c,n,b,t,?,s,s,p,p,p,w,o,e,w,v,l
p,k,s,n,f,s,f,c,n,b,t,?,s,k,w,w,p,w,o,e,w,v,d
p,x,y,e,f,f,f,c,n,b,t,?,s,s,p,w,p,w,o,e,w,v,p
p,x,s,n,f,f,f,c,n,b,t,?,k,s,p,p,p,w,o,e,w,v,l
p,f,s,e,f,s,f,c,n,b,t,?,k,s,p,w,p,w,o,e,w,v,p
p,f,s,e,f,y,f,c,n,b,t,?,s,s,w,w,p,w,o,e,w,v,p
e,b,f,g,f,n,f,w,b,p,e,?,s,k,w,w,p,w,t,p,w,s,g
p,x,s,n,f,y,f,c,n,b,t,?,k,s,w,w,p,w,o,e,w,v,p
p,k,s,n,f,s,f,c,n,b,t,?,k,s,w,p,p,w,o,e,w,v,p
e,b,s,n,f,n,a,c,b,o,e,?,s,s,o,o,p,n,o,p,y,v,l
p,f,s,n,f,y,f,c,n,b,t,?,s,s,p,p,p,w,o,e,w,v,d
p,f,y,n,f,s,f,c,n,b,t,?,k,k,p,w,p,w,o,e,w,v,d
p,x,y,e,f,s,f,c,n,b,t,?,s,k,w,p,p,w,o,e,w,v,d
p,x,s,e,f,s,f,c,n,b,t,?,k,s,p,p,p,w,o,e,w,v,d
p,k,y,c,f,m,a,c,b,w,e,c,k,y,c,c,p,w,n,n,w,c,d
p,x,s,e,f,s,f,c,n,b,t,?,s,s,w,w,p,w,o,e,w,v,l
p,f,s,n,f,s,f,c,n,b,t,?,k,k,w,p,p,w,o,e,w,v,p
p,x,s,n,f,y,f,c,n,b,t,?,k,k,p,p,p,w,o,e,w,v,l
p,x,y,e,f,s,f,c,n,b,t,?,s,k,w,w,p,w,o,e,w,v,d
p,x,s,e,f,f,f,c,n,b,t,?,k,k,p,w,p,w,o,e,w,v,d
p,f,s,e,f,f,f,c,n,b,t,?,s,s,p,w,p,w,o,e,w,v,l
p,f,s,n,f,f,f,c,n,b,t,?,s,k,p,w,p,w,o,e,w,v,d
p,f,s,n,f,s,f,c,n,b,t,?,k,k,w,w,p,w,o,e,w,v,d
p,f,y,e,f,y,f,c,n,b,t,?,k,s,p,p,p,w,o,e,w,v,p
p,x,s,e,f,y,f,c,n,b,t,?,s,k,p,p,p,w,o,e,w,v,l
p,f,y,e,f,s,f,c,n,b,t,?,s,k,w,p,p,w,o,e,w,v,d
p,f,y,n,f,y,f,c,n,b,t,?,s,k,p,w,p,w,o,e,w,v,l
p,x,y,e,f,f,f,c,n,b,t,?,k,k,w,w,p,w,o,e,w,v,l
p,f,y,e,f,s,f,c,n,b,t,?,k,s,p,p,p,w,o,e,w,v,p
p,f,s,e,f,f,f,c,n,b,t,?,k,k,w,w,p,w,o,e,w,v,l
p,f,s,e,f,f,f,c,n,b,t,?,k,s,p,w,p,w,o,e,w,v,p
p,x,s,e,f,y,f,c,n,b,t,?,k,k,w,w,p,w,o,e,w,v,p
p,x,s,e,f,f,f,c,n,b,t,?,k,k,p,p,p,w,o,e,w,v,d
p,k,y,e,f,s,f,c,n,b,t,?,s,s,w,w,p,w,o,e,w,v,p
p,x,y,e,f,f,f,c,n,b,t,?,s,s,w,w,p,w,o,e,w,v,l
p,x,s,e,f,y,f,c,n,b,t,?,s,s,p,w,p,w,o,e,w,v,d
p,x,s,n,f,y,f,c,n,b,t,?,k,k,p,w,p,w,o,e,w,v,d
p,x,s,n,f,s,f,c,n,b,t,?,s,s,w,w,p,w,o,e,w,v,l
p,f,s,n,f,y,f,c,n,b,t,?,s,k,p,w,p,w,o,e,w,v,d
p,f,y,n,f,s,f,c,n,b,t,?,k,k,w,p,p,w,o,e,w,v,p
p,x,s,e,f,s,f,c,n,b,t,?,s,k,w,p,p,w,o,e,w,v,d
p,k,s,n,f,f,f,c,n,b,t,?,s,k,p,w,p,w,o,e,w,v,p
p,f,s,n,f,y,f,c,n,b,t,?,s,s,w,w,p,w,o,e,w,v,d
p,f,y,n,f,f,f,c,n,b,t,?,k,k,w,w,p,w,o,e,w,v,d
p,f,y,e,f,y,f,c,n,b,t,?,s,k,p,p,p,w,o,e,w,v,p
p,f,y,e,f,s,f,c,n,b,t,?,s,k,p,p,p,w,o,e,w,v,l
p,f,y,n,f,f,f,c,n,b,t,?,k,s,p,w,p,w,o,e,w,v,d
p,x,s,e,f,y,f,c,n,b,t,?,k,s,w,p,p,w,o,e,w,v,l
p,f,y,n,f,s,f,c,n,b,t,?,s,k,w,w,p,w,o,e,w,v,d
p,f,s,n,f,s,f,c,n,b,t,?,k,s,w,w,p,w,o,e,w,v,d
p,f,s,e,f,f,f,c,n,b,t,?,s,k,p,p,p,w,o,e,w,v,p
p,x,s,n,f,y,f,c,n,b,t,?,s,s,p,p,p,w,o,e,w,v,d
p,f,y,e,f,f,f,c,n,b,t,?,s,s,w,w,p,w,o,e,w,v,d
p,k,y,n,f,y,f,c,n,b,t,?,k,k,p,w,p,w,o,e,w,v,l
p,f,s,n,f,y,f,c,n,b,t,?,k,s,w,w,p,w,o,e,w,v,p
p,f,y,n,f,f,f,c,n,b,t,?,s,k,p,w,p,w,o,e,w,v,p
p,f,s,e,f,y,f,c,n,b,t,?,k,k,p,p,p,w,o,e,w,v,l
p,x,s,n,f,f,f,c,n,b,t,?,s,k,w,w,p,w,o,e,w,v,l
p,f,s,e,f,f,f,c,n,b,t,?,s,k,p,w,p,w,o,e,w,v,p
p,x,s,e,f,f,f,c,n,b,t,?,s,k,w,w,p,w,o,e,w,v,d
p,f,y,e,f,s,f,c,n,b,t,?,s,s,p,w,p,w,o,e,w,v,d
p,x,s,e,f,y,f,c,n,b,t,?,k,k,p,p,p,w,o,e,w,v,p
p,f,s,e,f,s,f,c,n,b,t,?,s,k,w,p,p,w,o,e,w,v,p
p,f,s,n,f,f,f,c,n,b,t,?,k,s,w,p,p,w,o,e,w,v,p
p,x,s,n,f,y,f,c,n,b,t,?,s,k,p,w,p,w,o,e,w,v,p
p,x,s,e,f,s,f,c,n,b,t,?,s,s,p,p,p,w,o,e,w,v,d
p,f,s,e,f,s,f,c,n,b,t,?,s,k,w,w,p,w,o,e,w,v,d
p,x,s,e,f,f,f,c,n,b,t,?,s,k,p,w,p,w,o,e,w,v,l
p,x,s,n,f,s,f,c,n,b,t,?,k,s,w,w,p,w,o,e,w,v,l
p,f,s,e,f,f,f,c,n,b,t,?,k,k,p,p,p,w,o,e,w,v,d
p,x,y,e,f,s,f,c,n,b,t,?,s,k,w,p,p,w,o,e,w,v,l
p,x,s,n,f,y,f,c,n,b,t,?,s,k,p,p,p,w,o,e,w,v,p
p,x,y,e,f,s,f,c,n,b,t,?,s,s,w,p,p,w,o,e,w,v,p
p,f,s,e,f,y,f,c,n,b,t,?,k,k,w,w,p,w,o,e,w,v,l
p,x,s,e,f,s,f,c,n,b,t,?,k,s,w,p,p,w,o,e,w,v,d
p,f,y,n,f,f,f,c,n,b,t,?,s,s,p,w,p,w,o,e,w,v,l
p,x,s,e,f,f,f,c,n,b,t,?,k,s,w,w,p,w,o,e,w,v,l
p,x,s,n,f,s,f,c,n,b,t,?,k,s,w,p,p,w,o,e,w,v,l
p,f,s,e,f,y,f,c,n,b,t,?,k,s,w,w,p,w,o,e,w,v,d
p,x,s,e,f,s,f,c,n,b,t,?,s,k,p,p,p,w,o,e,w,v,d
p,f,s,n,f,y,f,c,n,b,t,?,k,k,w,p,p,w,o,e,w,v,l
p,x,y,e,f,s,f,c,n,b,t,?,k,k,w,p,p,w,o,e,w,v,p
p,f,y,e,f,y,f,c,n,b,t,?,k,k,p,p,p,w,o,e,w,v,d
p,x,y,e,f,s,f,c,n,b,t,?,k,k,p,w,p,w,o,e,w,v,p
p,k,y,n,f,y,f,c,n,b,t,?,k,k,w,w,p,w,o,e,w,v,l
p,f,y,n,f,y,f,c,n,b,t,?,s,s,w,w,p,w,o,e,w,v,l
p,x,y,e,f,f,f,c,n,b,t,?,s,s,p,p,p,w,o,e,w,v,l
p,f,s,n,f,y,f,c,n,b,t,?,s,s,w,w,p,w,o,e,w,v,p
p,x,s,e,f,s,f,c,n,b,t,?,k,k,p,w,p,w,o,e,w,v,d
p,f,s,e,f,y,f,c,n,b,t,?,k,s,p,p,p,w,o,e,w,v,d
e,x,f,g,f,n,f,w,b,g,e,?,k,k,w,w,p,w,t,p,w,s,g
p,x,s,e,f,y,f,c,n,b,t,?,s,k,w,w,p,w,o,e,w,v,p
p,f,s,n,f,f,f,c,n,b,t,?,s,k,p,p,p,w,o,e,w,v,l
p,f,s,n,f,s,f,c,n,b,t,?,s,s,p,p,p,w,o,e,w,v,p
p,x,s,e,f,f,f,c,n,b,t,?,s,k,w,w,p,w,o,e,w,v,l
p,x,s,e,f,y,f,c,n,b,t,?,k,s,w,w,p,w,o,e,w,v,l
p,x,s,e,f,s,f,c,n,b,t,?,k,s,w,w,p,w,o,e,w,v,l
p,f,y,e,f,y,f,c,n,b,t,?,k,s,w,w,p,w,o,e,w,v,d
e,b,f,g,f,n,f,w,b,w,e,?,s,s,w,w,p,w,t,p,w,s,g
p,f,y,n,f,s,f,c,n,b,t,?,k,s,w,p,p,w,o,e,w,v,d
p,f,y,e,f,f,f,c,n,b,t,?,s,k,p,p,p,w,o,e,w,v,d
p,f,y,n,f,s,f,c,n,b,t,?,s,s,p,p,p,w,o,e,w,v,d
p,f,s,n,f,f,f,c,n,b,t,?,s,k,p,w,p,w,o,e,w,v,l
p,f,y,n,f,f,f,c,n,b,t,?,s,k,w,p,p,w,o,e,w,v,d
p,x,y,e,f,s,f,c,n,b,t,?,k,s,p,w,p,w,o,e,w,v,d
p,f,y,n,f,s,f,c,n,b,t,?,s,s,w,w,p,w,o,e,w,v,l
p,x,s,n,f,y,f,c,n,b,t,?,s,k,p,p,p,w,o,e,w,v,d
p,f,y,e,f,f,f,c,n,b,t,?,s,s,p,w,p,w,o,e,w,v,d
e,k,f,g,f,n,f,w,b,p,e,?,k,s,w,w,p,w,t,p,w,s,g
e,b,s,n,f,n,a,c,b,y,e,?,s,s,o,o,p,n,o,p,o,c,l
p,f,s,n,f,s,f,c,n,b,t,?,s,s,w,w,p,w,o,e,w,v,l
p,x,s,n,f,s,f,c,n,b,t,?,s,s,p,w,p,w,o,e,w,v,p
p,f,y,n,f,s,f,c,n,b,t,?,s,s,p,p,p,w,o,e,w,v,l
p,f,s,e,f,s,f,c,n,b,t,?,k,s,w,w,p,w,o,e,w,v,l
p,f,y,n,f,y,f,c,n,b,t,?,s,s,p,w,p,w,o,e,w,v,l
p,f,s,n,f,f,f,c,n,b,t,?,s,s,p,p,p,w,o,e,w,v,d
p,f,y,e,f,y,f,c,n,b,t,?,s,s,p,p,p,w,o,e,w,v,p
p,f,y,e,f,f,f,c,n,b,t,?,k,k,p,w,p,w,o,e,w,v,l
p,f,s,n,f,s,f,c,n,b,t,?,k,k,w,p,p,w,o,e,w,v,l
p,x,s,e,f,y,f,c,n,b,t,?,s,k,w,w,p,w,o,e,w,v,d
e,x,f,w,f,n,f,w,b,g,e,?,s,k,w,w,p,w,t,p,w,n,g
p,f,s,n,f,f,f,c,n,b,t,?,s,s,p,p,p,w,o,e,w,v,p
p,x,s,e,f,y,f,c,n,b,t,?,k,s,p,w,p,w,o,e,w,v,l
p,x,s,n,f,y,f,c,n,b,t,?,k,s,p,p,p,w,o,e,w,v,d
p,x,s,n,f,y,f,c,n,b,t,?,k,s,p,p,p,w,o,e,w,v,l
p,x,s,n,f,f,f,c,n,b,t,?,k,k,p,w,p,w,o,e,w,v,d
p,k,y,n,f,y,f,c,n,b,t,?,k,k,p,w,p,w,o,e,w,v,d
p,f,s,n,f,y,f,c,n,b,t,?,k,k,w,p,p,w,o,e,w,v,p
p,x,y,e,f,y,f,c,n,b,t,?,s,s,w,p,p,w,o,e,w,v,p
p,f,s,n,f,y,f,c,n,b,t,?,s,s,p,w,p,w,o,e,w,v,p
p,f,s,n,f,f,f,c,n,b,t,?,s,k,w,w,p,w,o,e,w,v,d
p,x,s,n,f,s,f,c,n,b,t,?,s,k,w,w,p,w,o,e,w,v,l
p,x,s,n,f,f,f,c,n,b,t,?,s,s,p,w,p,w,o,e,w,v,d
p,x,y,e,f,s,f,c,n,b,t,?,s,s,w,w,p,w,o,e,w,v,l
p,f,s,e,f,f,f,c,n,b,t,?,s,s,w,p,p,w,o,e,w,v,d
p,f,s,e,f,s,f,c,n,b,t,?,k,k,w,p,p,w,o,e,w,v,l
p,f,y,n,f,f,f,c,n,b,t,?,s,k,w,p,p,w,o,e,w,v,p
p,x,s,e,f,s,f,c,n,b,t,?,s,k,p,p,p,w,o,e,w,v,l
p,f,s,e,f,s,f,c,n,b,t,?,s,s,w,p,p,w,o,e,w,v,l
p,f,y,e,f,s,f,c,n,b,t,?,s,s,p,p,p,w,o,e,w,v,d
p,f,y,e,f,y,f,c,n,b,t,?,k,k,p,w,p,w,o,e,w,v,l
p,x,y,e,f,s,f,c,n,b,t,?,k,k,w,w,p,w,o,e,w,v,l
p,f,y,n,f,f,f,c,n,b,t,?,k,k,w,w,p,w,o,e,w,v,l
p,f,s,n,f,f,f,c,n,b,t,?,s,s,w,w,p,w,o,e,w,v,l
p,f,s,n,f,y,f,c,n,b,t,?,k,s,p,p,p,w,o,e,w,v,p
p,k,y,e,f,f,f,c,n,b,t,?,k,k,w,w,p,w,o,e,w,v,l
p,f,s,e,f,y,f,c,n,b,t,?,s,s,w,w,p,w,o,e,w,v,l
p,x,s,e,f,s,f,c,n,b,t,?,k,s,p,p,p,w,o,e,w,v,p
p,x,y,e,f,y,f,c,n,b,t,?,s,k,w,w,p,w,o,e,w,v,p
p,f,y,e,f,f,f,c,n,b,t,?,s,k,w,w,p,w,o,e,w,v,l
p,x,y,e,f,s,f,c,n,b,t,?,k,k,w,w,p,w,o,e,w,v,d
p,f,y,e,f,f,f,c,n,b,t,?,s,s,w,p,p,w,o,e,w,v,l
p,f,y,n,f,y,f,c,n,b,t,?,k,k,p,p,p,w,o,e,w,v,d
p,f,y,e,f,y,f,c,n,b,t,?,s,k,p,p,p,w,o,e,w,v,l
p,x,y,e,f,s,f,c,n,b,t,?,s,s,w,w,p,w,o,e,w,v,p
p,x,s,e,f,y,f,c,n,b,t,?,s,k,p,w,p,w,o,e,w,v,d
p,f,s,e,f,f,f,c,n,b,t,?,k,s,p,w,p,w,o,e,w,v,l
p,f,s,e,f,f,f,c,n,b,t,?,k,k,p,w,p,w,o,e,w,v,p
p,x,s,e,f,f,f,c,n,b,t,?,s,s,w,w,p,w,o,e,w,v,p
p,f,s,e,f,y,f,c,n,b,t,?,k,k,w,w,p,w,o,e,w,v,p
p,f,s,e,f,s,f,c,n,b,t,?,s,s,w,w,p,w,o,e,w,v,p
p,f,s,n,f,y,f,c,n,b,t,?,k,k,p,w,p,w,o,e,w,v,l
p,f,y,e,f,f,f,c,n,b,t,?,k,k,p,p,p,w,o,e,w,v,d
p,f,y,n,f,s,f,c,n,b,t,?,k,k,p,w,p,w,o,e,w,v,p
p,k,s,e,f,f,f,c,n,b,t,?,k,k,w,p,p,w,o,e,w,v,l
p,f,s,n,f,y,f,c,n,b,t,?,k,k,p,w,p,w,o,e,w,v,d
p,f,y,n,f,y,f,c,n,b,t,?,s,s,p,p,p,w,o,e,w,v,p
p,f,s,e,f,s,f,c,n,b,t,?,k,s,p,p,p,w,o,e,w,v,l
p,f,y,e,f,y,f,c,n,b,t,?,s,s,w,p,p,w,o,e,w,v,l
p,x,s,n,f,y,f,c,n,b,t,?,s,s,p,p,p,w,o,e,w,v,p
p,k,y,n,f,y,f,c,n,b,t,?,k,k,p,p,p,w,o,e,w,v,p
p,x,y,e,f,s,f,c,n,b,t,?,k,k,w,p,p,w,o,e,w,v,d
p,x,s,e,f,f,f,c,n,b,t,?,s,s,w,p,p,w,o,e,w,v,l
e,x,s,g,f,n,f,w,b,w,e,?,k,s,w,w,p,w,t,p,w,n,g
p,k,y,n,f,y,f,c,n,b,t,?,k,s,p,w,p,w,o,e,w,v,d
p,x,s,n,f,y,f,c,n,b,t,?,k,s,w,p,p,w,o,e,w,v,p
p,f,s,n,f,s,f,c,n,b,t,?,s,k,w,p,p,w,o,e,w,v,p
p,f,s,n,f,s,f,c,n,b,t,?,s,s,w,p,p,w,o,e,w,v,p
p,x,s,e,f,s,f,c,n,b,t,?,k,k,w,w,p,w,o,e,w,v,p
p,f,s,e,f,f,f,c,n,b,t,?,s,k,p,w,p,w,o,e,w,v,l
p,f,y,e,f,f,f,c,n,b,t,?,k,k,w,w,p,w,o,e,w,v,l
p,f,y,e,f,f,f,c,n,b,t,?,k,k,w,p,p,w,o,e,w,v,p
p,f,s,n,f,f,f,c,n,b,t,?,k,s,w,w,p,w,o,e,w,v,l
p,f,s,e,f,f,f,c,n,b,t,?,s,s,p,w,p,w,o,e,w,v,p
p,x,s,n,f,f,f,c,n,b,t,?,k,s,w,p,p,w,o,e,w,v,p
p,f,s,e,f,f,f,c,n,b,t,?,k,k,p,p,p,w,o,e,w,v,l
p,x,s,e,f,s,f,c,n,b,t,?,s,s,w,w,p,w,o,e,w,v,p
p,f,s,e,f,y,f,c,n,b,t,?,s,s,w,p,p,w,o,e,w,v,d
p,f,y,e,f,f,f,c,n,b,t,?,k,s,w,w,p,w,o,e,w,v,p
p,k,y,e,f,s,f,c,n,b,t,?,s,s,p,w,p,w,o,e,w,v,p
p,f,s,n,f,s,f,c,n,b,t,?,s,s,w,w,p,w,o,e,w,v,p
p,k,y,e,f,s,f,c,n,b,t,?,k,s,w,w,p,w,o,e,w,v,d
p,f,s,e,f,y,f,c,n,b,t,?,k,k,p,w,p,w,o,e,w,v,l
p,f,y,e,f,s,f,c,n,b,t,?,s,k,w,w,p,w,o,e,w,v,l
p,f,s,e,f,f,f,c,n,b,t,?,k,k,p,w,p,w,o,e,w,v,l
e,b,s,n,f,n,a,c,b,n,e,?,s,s,o,o,p,o,o,p,o,c,l
p,x,s,n,f,f,f,c,n,b,t,?,s,k,w,w,p,w,o,e,w,v,d
p,f,y,e,f,s,f,c,n,b,t,?,k,s,p,w,p,w,o,e,w,v,l
p,f,y,n,f,s,f,c,n,b,t,?,k,k,w,p,p,w,o,e,w,v,d
p,f,s,e,f,f,f,c,n,b,t,?,k,k,p,w,p,w,o,e,w,v,d
p,f,y,n,f,f,f,c,n,b,t,?,k,k,w,w,p,w,o,e,w,v,p
p,k,y,n,f,m,f,c,b,w,e,c,k,y,c,c,p,w,n,n,w,c,d
p,x,s,e,f,f,f,c,n,b,t,?,k,k,w,w,p,w,o,e,w,v,p
p,f,s,e,f,s,f,c,n,b,t,?,k,k,w,w,p,w,o,e,w,v,l
p,k,y,n,f,y,f,c,n,b,t,?,k,s,w,p,p,w,o,e,w,v,d
p,f,s,e,f,f,f,c,n,b,t,?,s,s,w,p,p,w,o,e,w,v,p
e,k,s,w,f,n,f,w,b,g,e,?,k,k,w,w,p,w,t,p,w,s,g
p,f,y,n,f,y,f,c,n,b,t,?,k,s,p,p,p,w,o,e,w,v,l
p,f,y,n,f,y,f,c,n,b,t,?,s,k,p,w,p,w,o,e,w,v,d
p,f,y,n,f,y,f,c,n,b,t,?,s,s,p,w,p,w,o,e,w,v,p
p,f,s,n,f,s,f,c,n,b,t,?,k,k,w,p,p,w,o,e,w,v,d
p,f,s,n,f,y,f,c,n,b,t,?,s,s,w,w,p,w,o,e,w,v,l
p,f,y,e,f,y,f,c,n,b,t,?,k,k,p,w,p,w,o,e,w,v,p
p,x,s,e,f,f,f,c,n,b,t,?,k,s,w,p,p,w,o,e,w,v,d
p,f,y,n,f,f,f,c,n,b,t,?,k,s,p,p,p,w,o,e,w,v,p
p,x,s,n,f,f,f,c,n,b,t,?,s,k,p,p,p,w,o,e,w,v,p
p,x,s,e,f,f,f,c,n,b,t,?,s,k,p,p,p,w,o,e,w,v,l
p,x,s,e,f,y,f,c,n,b,t,?,s,k,w,w,p,w,o,e,w,v,l
p,f,y,e,f,y,f,c,n,b,t,?,k,k,w,p,p,w,o,e,w,v,d
p,x,s,n,f,y,f,c,n,b,t,?,k,s,p,w,p,w,o,e,w,v,d
p,x,s,e,f,s,f,c,n,b,t,?,s,s,w,p,p,w,o,e,w,v,p
p,f,s,n,f,f,f,c,n,b,t,?,k,s,p,w,p,w,o,e,w,v,l
p,x,s,n,f,y,f,c,n,b,t,?,k,k,p,w,p,w,o,e,w,v,l
p,f,y,e,f,y,f,c,n,b,t,?,k,s,w,p,p,w,o,e,w,v,d
p,x,s,n,f,f,f,c,n,b,t,?,k,k,w,p,p,w,o,e,w,v,d
p,f,y,e,f,f,f,c,n,b,t,?,k,k,p,p,p,w,o,e,w,v,l
p,f,s,e,f,f,f,c,n,b,t,?,k,s,w,w,p,w,o,e,w,v,p
p,f,y,n,f,f,f,c,n,b,t,?,k,k,p,p,p,w,o,e,w,v,l
p,f,y,n,f,y,f,c,n,b,t,?,s,s,w,w,p,w,o,e,w,v,d
p,x,y,e,f,f,f,c,n,b,t,?,k,k,p,w,p,w,o,e,w,v,d
e,k,f,g,f,n,f,w,b,w,e,?,k,k,w,w,p,w,t,p,w,n,g
p,x,s,e,f,y,f,c,n,b,t,?,s,k,p,p,p,w,o,e,w,v,d
p,k,y,n,f,y,f,c,n,b,t,?,s,k,p,p,p,w,o,e,w,v,d
p,k,y,n,f,s,f,c,n,b,t,?,s,k,w,w,p,w,o,e,w,v,d
p,x,y,e,f,s,f,c,n,b,t,?,s,s,p,p,p,w,o,e,w,v,p
p,f,s,e,f,f,f,c,n,b,t,?,k,s,w,p,p,w,o,e,w,v,l
p,f,s,n,f,s,f,c,n,b,t,?,k,s,p,p,p,w,o,e,w,v,l
p,f,s,e,f,s,f,c,n,b,t,?,s,k,w,w,p,w,o,e,w,v,p
p,x,s,e,f,f,f,c,n,b,t,?,k,s,w,w,p,w,o,e,w,v,p
p,f,s,n,f,s,f,c,n,b,t,?,s,s,p,w,p,w,o,e,w,v,d
p,f,y,e,f,s,f,c,n,b,t,?,s,k,p,p,p,w,o,e,w,v,p
p,x,s,n,f,s,f,c,n,b,t,?,s,k,p,w,p,w,o,e,w,v,l
p,x,y,e,f,f,f,c,n,b,t,?,s,k,p,p,p,w,o,e,w,v,p
p,f,s,e,f,y,f,c,n,b,t,?,k,s,p,p,p,w,o,e,w,v,p
p,x,s,n,f,y,f,c,n,b,t,?,k,k,p,p,p,w,o,e,w,v,d
p,f,s,n,f,f,f,c,n,b,t,?,k,s,p,w,p,w,o,e,w,v,p
e,x,s,n,f,n,a,c,b,n,e,?,s,s,o,o,p,o,o,p,y,v,l
p,k,s,n,f,y,f,c,n,b,t,?,k,k,w,p,p,w,o,e,w,v,p
p,f,s,n,f,y,f,c,n,b,t,?,s,s,p,w,p,w,o,e,w,v,l
p,k,y,e,f,f,f,c,n,b,t,?,k,s,w,w,p,w,o,e,w,v,p
e,x,y,c,t,n,f,c,b,w,e,b,s,s,w,w,p,w,t,p,w,y,p
e,b,s,n,f,n,a,c,b,n,e,?,s,s,o,o,p,n,o,p,y,c,l
e,k,s,g,f,n,f,w,b,w,e,?,s,k,w,w,p,w,t,p,w,n,g
e,x,f,g,f,n,f,w,b,g,e,?,s,k,w,w,p,w,t,p,w,s,g
p,x,s,n,f,s,f,c,n,b,t,?,s,k,w,p,p,w,o,e,w,v,d
p,k,y,e,f,f,f,c,n,b,t,?,s,s,w,w,p,w,o,e,w,v,p
e,x,s,n,f,n,a,c,b,o,e,?,s,s,o,o,p,n,o,p,o,c,l
p,k,s,e,f,s,f,c,n,b,t,?,k,k,w,w,p,w,o,e,w,v,d
p,b,y,y,f,n,f,w,n,y,e,c,y,y,y,y,p,y,o,e,w,c,l
p,x,s,e,f,f,f,c,n,b,t,?,k,s,w,w,p,w,o,e,w,v,d
e,b,s,g,f,n,f,w,b,g,e,?,k,k,w,w,p,w,t,p,w,n,g
p,k,y,e,f,f,f,c,n,b,t,?,s,k,w,p,p,w,o,e,w,v,p
p,k,s,e,f,s,f,c,n,b,t,?,s,k,p,p,p,w,o,e,w,v,p
p,f,s,e,f,s,f,c,n,b,t,?,k,k,w,w,p,w,o,e,w,v,d
p,f,y,n,f,y,f,c,n,b,t,?,k,s,p,w,p,w,o,e,w,v,p
p,f,s,e,f,s,f,c,n,b,t,?,k,k,w,p,p,w,o,e,w,v,d
e,k,f,g,f,n,f,w,b,w,e,?,s,k,w,w,p,w,t,p,w,s,g
p,k,s,n,f,s,f,c,n,b,t,?,s,s,w,w,p,w,o,e,w,v,p
p,k,s,e,f,y,f,c,n,b,t,?,k,s,p,p,p,w,o,e,w,v,d
p,f,s,e,f,f,f,c,n,b,t,?,k,s,w,w,p,w,o,e,w,v,l
e,b,f,g,f,n,f,w,b,p,e,?,k,k,w,w,p,w,t,p,w,n,g
p,f,y,n,f,s,f,c,n,b,t,?,k,k,w,w,p,w,o,e,w,v,d
p,f,s,n,f,y,f,c,n,b,t,?,s,s,w,p,p,w,o,e,w,v,p
e,f,s,n,f,n,a,c,b,o,e,?,s,s,o,o,p,n,o,p,n,c,l
e,x,y,p,t,n,f,c,b,w,e,b,s,s,w,w,p,w,t,p,w,y,p
p,f,s,n,f,y,f,c,n,b,t,?,k,k,w,p,p,w,o,e,w,v,d
p,k,y,e,f,y,f,c,n,b,t,?,k,k,w,p,p,w,o,e,w,v,l
p,f,s,n,f,s,f,c,n,b,t,?,s,s,w,p,p,w,o,e,w,v,l
e,b,s,w,f,n,f,w,b,w,e,?,s,k,w,w,p,w,t,p,w,n,g
p,x,y,e,f,f,f,c,n,b,t,?,k,k,p,w,p,w,o,e,w,v,p
p,f,y,e,f,y,f,c,n,b,t,?,k,s,p,p,p,w,o,e,w,v,l
p,f,s,e,f,y,f,c,n,b,t,?,k,s,w,p,p,w,o,e,w,v,l
p,k,y,n,f,f,f,c,n,b,t,?,s,s,p,w,p,w,o,e,w,v,d
e,x,f,w,f,n,f,w,b,p,e,?,s,s,w,w,p,w,t,p,w,s,g
e,b,s,w,f,n,f,w,b,p,e,?,s,s,w,w,p,w,t,p,w,n,g
p,k,s,e,f,y,f,c,n,b,t,?,k,k,w,w,p,w,o,e,w,v,l
p,f,y,n,f,y,f,c,n,b,t,?,s,k,w,w,p,w,o,e,w,v,l
e,f,y,n,t,n,f,c,b,w,e,b,s,s,w,w,p,w,t,p,w,v,p
p,k,s,n,f,s,f,c,n,b,t,?,s,s,p,p,p,w,o,e,w,v,d
p,k,s,n,f,y,f,c,n,b,t,?,s,k,w,p,p,w,o,e,w,v,l
p,f,y,n,f,s,f,c,n,b,t,?,s,k,w,p,p,w,o,e,w,v,l
p,f,y,e,f,m,a,c,b,w,e,c,k,y,c,c,p,w,n,n,w,c,d
p,x,s,e,f,f,f,c,n,b,t,?,s,k,w,p,p,w,o,e,w,v,d
p,k,y,e,f,s,f,c,n,b,t,?,s,s,p,p,p,w,o,e,w,v,p
p,x,s,n,f,s,f,c,n,b,t,?,s,k,p,p,p,w,o,e,w,v,l
p,k,s,e,f,f,f,c,n,b,t,?,k,k,w,w,p,w,o,e,w,v,l
p,k,y,n,f,f,f,c,n,b,t,?,s,k,w,p,p,w,o,e,w,v,l
p,f,y,e,f,f,f,c,n,b,t,?,s,s,w,w,p,w,o,e,w,v,p
e,x,f,w,f,n,f,w,b,w,e,?,s,s,w,w,p,w,t,p,w,s,g
p,k,s,n,f,s,f,c,n,b,t,?,k,s,w,w,p,w,o,e,w,v,d
p,f,s,n,f,f,f,c,n,b,t,?,s,k,p,p,p,w,o,e,w,v,p
p,k,s,e,f,y,f,c,n,b,t,?,s,k,p,p,p,w,o,e,w,v,d
p,k,s,e,f,s,f,c,n,b,t,?,k,k,w,w,p,w,o,e,w,v,l
p,k,y,n,f,s,f,c,n,b,t,?,s,s,p,p,p,w,o,e,w,v,l
e,k,f,w,f,n,f,w,b,g,e,?,s,s,w,w,p,w,t,p,w,s,g
p,k,s,n,f,f,f,c,n,b,t,?,s,s,p,p,p,w,o,e,w,v,p
p,k,y,n,f,s,f,c,n,b,t,?,k,s,p,p,p,w,o,e,w,v,l
p,k,s,n,f,s,f,c,n,b,t,?,k,k,w,w,p,w,o,e,w,v,l
p,k,s,e,f,s,f,c,n,b,t,?,s,s,w,w,p,w,o,e,w,v,d
p,x,s,n,f,y,f,c,n,b,t,?,k,k,w,p,p,w,o,e,w,v,l
p,x,y,e,f,s,f,c,n,b,t,?,s,s,p,p,p,w,o,e,w,v,l
p,f,s,e,f,y,f,c,n,b,t,?,k,k,p,w,p,w,o,e,w,v,p
p,k,y,n,f,f,f,c,n,b,t,?,s,s,p,p,p,w,o,e,w,v,d
e,b,s,n,f,n,f,c,b,w,e,b,y,y,n,n,p,w,t,p,w,y,d
p,f,s,n,f,f,f,c,n,b,t,?,s,s,p,w,p,w,o,e,w,v,p
p,k,y,e,f,f,f,c,n,b,t,?,k,k,p,w,p,w,o,e,w,v,d
e,x,s,n,f,n,f,c,b,w,e,b,y,y,n,n,p,w,t,p,w,y,d
p,f,s,n,f,f,f,c,n,b,t,?,k,k,w,p,p,w,o,e,w,v,d
p,k,s,n,f,y,f,c,n,b,t,?,s,s,w,w,p,w,o,e,w,v,l
p,f,y,n,f,s,f,c,n,b,t,?,k,k,w,w,p,w,o,e,w,v,p
p,x,s,n,f,s,f,c,n,b,t,?,s,s,p,p,p,w,o,e,w,v,p
e,k,f,w,f,n,f,w,b,w,e,?,s,s,w,w,p,w,t,p,w,s,g
p,f,y,e,f,f,f,c,n,b,t,?,k,k,w,w,p,w,o,e,w,v,d
p,x,s,e,f,y,f,c,n,b,t,?,s,k,p,w,p,w,o,e,w,v,p
p,x,s,n,f,f,f,c,n,b,t,?,k,s,w,w,p,w,o,e,w,v,l
p,f,s,n,f,f,f,c,n,b,t,?,k,s,w,w,p,w,o,e,w,v,p
p,k,s,n,f,y,f,c,n,b,t,?,k,k,w,w,p,w,o,e,w,v,l
p,k,s,e,f,f,f,c,n,b,t,?,k,s,w,w,p,w,o,e,w,v,p
p,k,s,e,f,s,f,c,n,b,t,?,k,s,p,w,p,w,o,e,w,v,l
p,x,s,e,f,f,f,c,n,b,t,?,k,k,w,p,p,w,o,e,w,v,d
e,b,s,n,f,n,f,c,b,w,e,b,y,y,n,n,p,w,t,p,w,y,p
p,k,s,e,f,y,f,c,n,b,t,?,k,s,p,w,p,w,o,e,w,v,p
p,x,s,n,f,f,f,c,n,b,t,?,s,s,w,w,p,w,o,e,w,v,p
p,x,y,e,f,f,f,c,n,b,t,?,k,k,w,w,p,w,o,e,w,v,p
p,f,s,e,f,s,f,c,n,b,t,?,s,s,p,p,p,w,o,e,w,v,l
e,b,s,n,f,n,a,c,b,n,e,?,s,s,o,o,p,n,o,p,n,c,l
e,k,s,g,f,n,f,w,b,p,e,?,k,k,w,w,p,w,t,p,w,n,g
p,k,y,e,f,m,f,c,b,y,e,c,k,y,c,c,p,w,n,n,w,c,d
p,k,y,e,f,y,f,c,n,b,t,?,k,s,w,p,p,w,o,e,w,v,l
p,f,s,e,f,y,f,c,n,b,t,?,k,k,p,p,p,w,o,e,w,v,d
e,k,s,n,f,n,a,c,b,y,e,?,s,s,o,o,p,o,o,p,o,c,l
p,f,y,e,f,s,f,c,n,b,t,?,k,s,p,w,p,w,o,e,w,v,d
p,k,y,e,f,s,f,c,n,b,t,?,s,k,w,p,p,w,o,e,w,v,d
e,k,f,w,f,n,f,w,b,p,e,?,k,s,w,w,p,w,t,p,w,s,g
e,x,s,g,f,n,f,w,b,w,e,?,s,k,w,w,p,w,t,p,w,s,g
e,k,s,n,f,n,a,c,b,y,e,?,s,s,o,o,p,o,o,p,o,v,l
p,k,y,e,f,s,f,c,n,b,t,?,s,s,w,w,p,w,o,e,w,v,d
p,k,y,n,f,s,f,c,n,b,t,?,k,s,w,p,p,w,o,e,w,v,l
p,k,s,e,f,s,f,c,n,b,t,?,k,s,w,w,p,w,o,e,w,v,p
e,x,s,w,f,n,f,w,b,w,e,?,k,k,w,w,p,w,t,p,w,s,g
e,k,s,w,f,n,f,w,b,g,e,?,k,k,w,w,p,w,t,p,w,n,g
e,k,s,w,f,n,f,w,b,p,e,?,k,s,w,w,p,w,t,p,w,s,g
p,k,s,e,f,f,f,c,n,b,t,?,k,s,p,w,p,w,o,e,w,v,l
p,x,s,e,f,s,f,c,n,b,t,?,s,s,p,w,p,w,o,e,w,v,p
e,k,s,g,f,n,f,w,b,w,e,?,s,k,w,w,p,w,t,p,w,s,g
e,x,f,w,f,n,f,w,b,g,e,?,s,k,w,w,p,w,t,p,w,s,g
p,k,y,e,f,f,f,c,n,b,t,?,s,k,w,w,p,w,o,e,w,v,d
e,b,s,w,f,n,f,w,b,g,e,?,s,s,w,w,p,w,t,p,w,s,g
p,k,s,e,f,s,f,c,n,b,t,?,s,s,w,p,p,w,o,e,w,v,p
p,f,s,n,f,f,f,c,n,b,t,?,s,k,w,w,p,w,o,e,w,v,p
p,f,y,n,f,f,f,c,n,b,t,?,s,k,p,p,p,w,o,e,w,v,d
e,k,s,g,f,n,f,w,b,p,e,?,s,k,w,w,p,w,t,p,w,s,g
e,x,s,w,f,n,f,w,b,w,e,?,s,s,w,w,p,w,t,p,w,n,g
p,f,y,e,f,y,f,c,n,b,t,?,s,s,w,p,p,w,o,e,w,v,p
p,x,s,e,f,f,f,c,n,b,t,?,s,s,w,w,p,w,o,e,w,v,d
e,x,f,w,f,n,f,w,b,g,e,?,k,k,w,w,p,w,t,p,w,s,g
e,k,f,w,f,n,f,w,b,g,e,?,k,k,w,w,p,w,t,p,w,n,g
p,f,s,e,f,s,f,c,n,b,t,?,k,k,p,w,p,w,o,e,w,v,d
e,f,s,g,t,n,f,c,b,w,e,b,s,s,w,w,p,w,t,p,w,v,p
p,k,s,e,f,y,f,c,n,b,t,?,k,s,w,p,p,w,o,e,w,v,d
p,x,s,n,f,y,f,c,n,b,t,?,s,k,w,p,p,w,o,e,w,v,p
e,k,s,n,f,n,a,c,b,y,e,?,s,s,o,o,p,n,o,p,b,c,l
e,x,s,n,f,n,a,c,b,n,e,?,s,s,o,o,p,o,o,p,n,c,l
p,k,y,e,f,s,f,c,n,b,t,?,k,s,w,w,p,w,o,e,w,v,l
p,x,s,e,f,y,f,c,n,b,t,?,k,s,p,w,p,w,o,e,w,v,d
p,x,s,n,f,s,f,c,n,b,t,?,k,s,w,p,p,w,o,e,w,v,d
p,k,s,e,f,y,f,c,n,b,t,?,k,k,w,w,p,w,o,e,w,v,d
p,x,s,n,f,y,f,c,n,b,t,?,s,k,w,w,p,w,o,e,w,v,l
e,k,f,w,f,n,f,w,b,g,e,?,k,s,w,w,p,w,t,p,w,n,g
e,k,s,n,f,n,a,c,b,o,e,?,s,s,o,o,p,n,o,p,n,c,l
p,k,y,c,f,m,f,c,b,w,e,c,k,y,c,c,p,w,n,n,w,c,d
e,x,f,g,f,n,f,w,b,g,e,?,s,s,w,w,p,w,t,p,w,s,g
e,x,s,n,f,n,a,c,b,n,e,?,s,s,o,o,p,o,o,p,o,v,l
e,x,s,n,f,n,a,c,b,y,e,?,s,s,o,o,p,o,o,p,b,v,l
p,k,y,e,f,s,f,c,n,b,t,?,k,s,w,p,p,w,o,e,w,v,p
e,k,f,w,f,n,f,w,b,p,e,?,s,s,w,w,p,w,t,p,w,n,g
e,x,f,g,f,n,f,w,b,g,e,?,k,s,w,w,p,w,t,p,w,s,g
e,f,s,n,f,n,a,c,b,o,e,?,s,s,o,o,p,o,o,p,n,v,l
p,k,y,n,f,y,f,c,n,b,t,?,k,k,w,p,p,w,o,e,w,v,d
p,k,y,n,f,s,f,c,n,b,t,?,k,s,p,w,p,w,o,e,w,v,l
p,f,y,n,f,s,f,c,n,b,t,?,k,s,w,w,p,w,o,e,w,v,d
p,f,y,e,f,y,f,c,n,b,t,?,k,s,w,p,p,w,o,e,w,v,p
e,k,f,g,f,n,f,w,b,p,e,?,s,k,w,w,p,w,t,p,w,n,g
p,f,y,e,f,s,f,c,n,b,t,?,k,k,w,p,p,w,o,e,w,v,d
p,f,y,n,f,s,f,c,n,b,t,?,k,s,w,p,p,w,o,e,w,v,p
p,k,s,e,f,s,f,c,n,b,t,?,k,s,p,p,p,w,o,e,w,v,l
e,k,s,g,f,n,f,w,b,w,e,?,k,k,w,w,p,w,t,p,w,s,g
e,b,s,n,f,n,a,c,b,y,e,?,s,s,o,o,p,n,o,p,y,c,l
p,k,y,n,f,f,f,c,n,b,t,?,k,k,w,w,p,w,o,e,w,v,l
p,x,s,n,f,s,f,c,n,b,t,?,k,s,p,p,p,w,o,e,w,v,p
e,b,s,n,f,n,a,c,b,o,e,?,s,s,o,o,p,n,o,p,o,v,l
p,k,s,n,f,y,f,c,n,b,t,?,k,s,w,w,p,w,o,e,w,v,d
p,k,s,n,f,y,f,c,n,b,t,?,k,k,p,w,p,w,o,e,w,v,p
p,k,s,e,f,s,f,c,n,b,t,?,s,k,w,w,p,w,o,e,w,v,l
p,f,s,e,f,s,f,c,n,b,t,?,s,s,w,p,p,w,o,e,w,v,p
p,x,s,e,f,s,f,c,n,b,t,?,s,s,p,p,p,w,o,e,w,v,p
p,x,s,e,f,y,f,c,n,b,t,?,s,s,w,w,p,w,o,e,w,v,d
p,x,s,n,f,s,f,c,n,b,t,?,s,s,p,w,p,w,o,e,w,v,d
p,k,y,n,f,y,f,c,n,b,t,?,s,k,w,w,p,w,o,e,w,v,d
e,x,s,p,t,n,f,c,b,w,e,b,s,s,w,w,p,w,t,p,w,y,p
p,f,s,e,f,y,f,c,n,b,t,?,s,k,w,p,p,w,o,e,w,v,d
p,x,y,n,f,m,a,c,b,w,e,c,k,y,c,c,p,w,n,n,w,c,d
p,k,s,n,f,f,f,c,n,b,t,?,s,s,w,w,p,w,o,e,w,v,l
e,k,s,g,f,n,f,w,b,g,e,?,k,k,w,w,p,w,t,p,w,s,g
p,k,s,n,f,f,f,c,n,b,t,?,k,s,p,w,p,w,o,e,w,v,d
p,f,y,n,f,y,f,c,n,b,t,?,k,k,p,w,p,w,o,e,w,v,p
p,k,s,n,f,s,f,c,n,b,t,?,s,k,p,w,p,w,o,e,w,v,p
p,k,y,e,f,y,f,c,n,b,t,?,s,k,p,w,p,w,o,e,w,v,d
p,f,y,e,f,f,f,c,n,b,t,?,k,s,p,w,p,w,o,e,w,v,d
e,f,s,c,t,n,f,c,b,w,e,b,s,s,w,w,p,w,t,p,w,y,p
p,f,y,n,f,f,f,c,n,b,t,?,s,k,p,w,p,w,o,e,w,v,l
p,k,s,e,f,f,f,c,n,b,t,?,s,k,w,p,p,w,o,e,w,v,d
p,x,s,e,f,y,f,c,n,b,t,?,k,s,p,p,p,w,o,e,w,v,l
p,f,y,e,f,y,f,c,n,b,t,?,k,k,p,p,p,w,o,e,w,v,l
p,x,s,n,f,f,f,c,n,b,t,?,s,s,p,w,p,w,o,e,w,v,p
e,f,s,n,f,n,a,c,b,y,e,?,s,s,o,o,p,n,o,p,n,c,l
p,f,s,e,f,s,f,c,n,b,t,?,s,k,p,p,p,w,o,e,w,v,d
p,x,y,e,f,s,f,c,n,b,t,?,s,k,p,w,p,w,o,e,w,v,p
p,x,y,e,f,f,f,c,n,b,t,?,s,k,w,w,p,w,o,e,w,v,d
p,x,s,e,f,s,f,c,n,b,t,?,k,k,p,p,p,w,o,e,w,v,p
p,k,s,e,f,f,f,c,n,b,t,?,k,k,p,p,p,w,o,e,w,v,l
p,x,s,e,f,y,f,c,n,b,t,?,s,s,w,p,p,w,o,e,w,v,l
e,b,f,g,f,n,f,w,b,w,e,?,k,s,w,w,p,w,t,p,w,s,g
p,k,y,e,f,s,f,c,n,b,t,?,k,s,p,w,p,w,o,e,w,v,p
p,k,s,e,f,s,f,c,n,b,t,?,s,k,p,w,p,w,o,e,w,v,l
e,k,f,g,f,n,f,w,b,g,e,?,s,s,w,w,p,w,t,p,w,n,g
e,f,s,n,f,n,a,c,b,n,e,?,s,s,o,o,p,n,o,p,n,v,l
p,f,y,n,f,m,f,c,b,w,e,c,k,y,c,c,p,w,n,n,w,c,d
p,k,s,e,f,s,f,c,n,b,t,?,s,k,w,p,p,w,o,e,w,v,d
p,f,s,n,f,f,f,c,n,b,t,?,k,k,w,w,p,w,o,e,w,v,l
p,k,y,n,f,f,f,c,n,b,t,?,k,k,w,p,p,w,o,e,w,v,p
p,k,s,e,f,y,f,c,n,b,t,?,s,s,w,p,p,w,o,e,w,v,l
p,k,y,n,f,y,f,c,n,b,t,?,s,s,w,w,p,w,o,e,w,v,p
p,k,y,n,f,y,f,c,n,b,t,?,s,k,w,p,p,w,o,e,w,v,l
e,x,f,g,f,n,f,w,b,g,e,?,k,k,w,w,p,w,t,p,w,n,g
p,k,y,e,f,f,f,c,n,b,t,?,k,k,w,p,p,w,o,e,w,v,p
p,x,y,c,f,m,a,c,b,y,e,c,k,y,c,c,p,w,n,n,w,c,d
p,k,y,e,f,s,f,c,n,b,t,?,k,k,w,p,p,w,o,e,w,v,p
p,k,y,e,f,s,f,c,n,b,t,?,k,k,p,w,p,w,o,e,w,v,l
e,b,s,w,f,n,f,w,b,p,e,?,s,k,w,w,p,w,t,p,w,s,g
p,k,s,n,f,y,f,c,n,b,t,?,k,k,p,w,p,w,o,e,w,v,d
p,x,s,e,f,y,f,c,n,b,t,?,s,k,p,p,p,w,o,e,w,v,p
p,f,y,n,f,f,f,c,n,b,t,?,k,s,p,w,p,w,o,e,w,v,l
p,f,s,e,f,y,f,c,n,b,t,?,k,k,p,p,p,w,o,e,w,v,p
p,k,y,e,f,f,f,c,n,b,t,?,s,k,p,w,p,w,o,e,w,v,d
p,k,y,e,f,f,f,c,n,b,t,?,k,s,w,p,p,w,o,e,w,v,d
e,b,f,w,f,n,f,w,b,w,e,?,s,s,w,w,p,w,t,p,w,n,g
p,k,y,n,f,m,a,c,b,w,e,c,k,y,c,c,p,w,n,n,w,c,d
p,f,y,e,f,y,f,c,n,b,t,?,k,s,p,w,p,w,o,e,w,v,d
p,k,s,n,f,f,f,c,n,b,t,?,s,k,w,p,p,w,o,e,w,v,p
p,k,y,n,f,f,f,c,n,b,t,?,k,s,w,p,p,w,o,e,w,v,p
p,x,s,e,f,s,f,c,n,b,t,?,k,k,w,w,p,w,o,e,w,v,l
e,x,y,g,t,n,f,c,b,w,e,b,s,s,w,w,p,w,t,p,w,v,p
p,f,s,n,f,y,f,c,n,b,t,?,k,s,p,w,p,w,o,e,w,v,d
p,k,y,e,f,y,f,c,n,b,t,?,k,s,w,w,p,w,o,e,w,v,p
e,k,f,w,f,n,f,w,b,w,e,?,k,k,w,w,p,w,t,p,w,n,g
p,x,s,n,f,s,f,c,n,b,t,?,k,s,p,p,p,w,o,e,w,v,d
p,k,y,n,f,y,f,c,n,b,t,?,s,s,p,w,p,w,o,e,w,v,d
p,x,s,e,f,s,f,c,n,b,t,?,s,s,p,w,p,w,o,e,w,v,d
e,k,s,w,f,n,f,w,b,w,e,?,s,k,w,w,p,w,t,p,w,n,g
p,f,y,n,f,s,f,c,n,b,t,?,s,s,w,p,p,w,o,e,w,v,p
p,k,s,e,f,s,f,c,n,b,t,?,k,k,w,p,p,w,o,e,w,v,p
p,k,s,e,f,y,f,c,n,b,t,?,k,k,w,w,p,w,o,e,w,v,p
p,f,y,e,f,f,f,c,n,b,t,?,s,k,p,p,p,w,o,e,w,v,l
e,f,s,n,f,n,a,c,b,n,e,?,s,s,o,o,p,n,o,p,y,v,l
p,f,y,n,f,y,f,c,n,b,t,?,k,k,p,w,p,w,o,e,w,v,d
p,k,y,e,f,y,f,c,n,b,t,?,s,s,p,w,p,w,o,e,w,v,d
p,k,s,e,f,y,f,c,n,b,t,?,s,k,w,w,p,w,o,e,w,v,d
p,k,s,e,f,f,f,c,n,b,t,?,s,k,p,w,p,w,o,e,w,v,l
e,b,s,n,f,n,a,c,b,o,e,?,s,s,o,o,p,o,o,p,b,v,l
e,k,s,g,f,n,f,w,b,p,e,?,k,k,w,w,p,w,t,p,w,s,g
e,x,s,n,f,n,a,c,b,n,e,?,s,s,o,o,p,o,o,p,n,v,l
e,x,f,g,f,n,f,w,b,p,e,?,k,k,w,w,p,w,t,p,w,n,g
p,k,s,e,f,y,f,c,n,b,t,?,s,s,w,p,p,w,o,e,w,v,d
p,f,y,e,f,f,f,c,n,b,t,?,s,k,w,p,p,w,o,e,w,v,d
p,k,s,n,f,s,f,c,n,b,t,?,k,k,p,w,p,w,o,e,w,v,d
p,k,s,n,f,y,f,c,n,b,t,?,k,s,p,w,p,w,o,e,w,v,p
e,b,s,w,f,n,f,w,b,p,e,?,k,s,w,w,p,w,t,p,w,n,g
p,f,s,n,f,s,f,c,n,b,t,?,s,s,p,p,p,w,o,e,w,v,d
e,b,f,g,f,n,f,w,b,p,e,?,s,k,w,w,p,w,t,p,w,n,g
p,x,s,n,f,f,f,c,n,b,t,?,k,s,w,w,p,w,o,e,w,v,d
p,x,y,e,f,f,f,c,n,b,t,?,s,k,w,w,p,w,o,e,w,v,l
p,f,y,c,f,m,f,c,b,w,e,c,k,y,c,c,p,w,n,n,w,c,d
p,f,s,n,f,s,f,c,n,b,t,?,s,s,w,p,p,w,o,e,w,v,d
p,x,y,e,f,s,f,c,n,b,t,?,s,s,p,w,p,w,o,e,w,v,l
p,f,s,n,f,s,f,c,n,b,t,?,k,k,w,w,p,w,o,e,w,v,l
p,f,y,e,f,f,f,c,n,b,t,?,k,s,w,p,p,w,o,e,w,v,p
p,f,s,e,f,f,f,c,n,b,t,?,k,k,w,p,p,w,o,e,w,v,l
p,x,s,e,f,s,f,c,n,b,t,?,k,k,w,w,p,w,o,e,w,v,d
e,k,s,g,f,n,f,w,b,w,e,?,k,s,w,w,p,w,t,p,w,s,g
p,x,s,e,f,y,f,c,n,b,t,?,s,s,p,w,p,w,o,e,w,v,p
p,k,s,n,f,y,f,c,n,b,t,?,k,s,w,p,p,w,o,e,w,v,l
p,k,y,e,f,s,f,c,n,b,t,?,k,s,w,p,p,w,o,e,w,v,l
p,x,s,n,f,y,f,c,n,b,t,?,k,k,w,p,p,w,o,e,w,v,p
e,b,s,g,f,n,f,w,b,g,e,?,s,k,w,w,p,w,t,p,w,n,g
p,x,s,n,f,s,f,c,n,b,t,?,s,s,w,p,p,w,o,e,w,v,l
p,f,s,e,f,s,f,c,n,b,t,?,s,s,w,w,p,w,o,e,w,v,d
p,k,s,n,f,s,f,c,n,b,t,?,s,s,p,w,p,w,o,e,w,v,d
e,b,s,g,f,n,f,w,b,w,e,?,s,s,w,w,p,w,t,p,w,s,g
p,x,s,n,f,y,f,c,n,b,t,?,k,k,p,p,p,w,o,e,w,v,p
p,f,y,e,f,y,f,c,n,b,t,?,s,k,w,w,p,w,o,e,w,v,p
p,f,s,e,f,y,f,c,n,b,t,?,s,k,p,w,p,w,o,e,w,v,d
p,f,y,n,f,m,f,c,b,y,e,c,k,y,c,c,p,w,n,n,w,c,d
e,b,f,g,f,n,f,w,b,g,e,?,k,s,w,w,p,w,t,p,w,s,g
p,f,s,e,f,f,f,c,n,b,t,?,k,k,p,p,p,w,o,e,w,v,p
p,k,s,n,f,f,f,c,n,b,t,?,s,k,p,p,p,w,o,e,w,v,l
e,k,s,g,f,n,f,w,b,p,e,?,s,k,w,w,p,w,t,p,w,n,g
p,k,y,n,f,f,f,c,n,b,t,?,k,k,p,p,p,w,o,e,w,v,l
p,x,s,e,f,s,f,c,n,b,t,?,k,k,p,p,p,w,o,e,w,v,l
e,b,s,n,f,n,a,c,b,y,e,?,s,s,o,o,p,o,o,p,y,c,l
p,k,y,n,f,f,f,c,n,b,t,?,s,k,p,w,p,w,o,e,w,v,l
p,f,y,n,f,s,f,c,n,b,t,?,k,k,w,w,p,w,o,e,w,v,l
e,x,s,n,f,n,a,c,b,n,e,?,s,s,o,o,p,n,o,p,b,c,l
p,k,s,n,f,f,f,c,n,b,t,?,k,k,p,w,p,w,o,e,w,v,l
p,k,s,n,f,f,f,c,n,b,t,?,k,k,p,p,p,w,o,e,w,v,d
p,k,s,n,f,s,f,c,n,b,t,?,k,s,p,p,p,w,o,e,w,v,p
p,k,s,n,f,s,f,c,n,b,t,?,s,s,p,w,p,w,o,e,w,v,p
e,f,y,c,t,n,f,c,b,w,e,b,s,s,w,w,p,w,t,p,w,y,p
e,f,s,n,f,n,a,c,b,n,e,?,s,s,o,o,p,n,o,p,n,c,l
e,b,s,w,f,n,f,w,b,g,e,?,k,k,w,w,p,w,t,p,w,n,g
p,k,s,e,f,s,f,c,n,b,t,?,s,s,p,p,p,w,o,e,w,v,p
e,b,s,g,f,n,f,w,b,w,e,?,s,s,w,w,p,w,t,p,w,n,g
p,k,y,e,f,y,f,c,n,b,t,?,k,k,p,w,p,w,o,e,w,v,p
p,k,y,n,f,s,f,c,n,b,t,?,s,s,w,w,p,w,o,e,w,v,d
e,x,s,n,f,n,a,c,b,o,e,?,s,s,o,o,p,o,o,p,y,c,l
p,x,s,e,f,y,f,c,n,b,t,?,k,s,w,w,p,w,o,e,w,v,p
p,x,s,n,f,f,f,c,n,b,t,?,k,s,p,p,p,w,o,e,w,v,d
p,f,s,e,f,y,f,c,n,b,t,?,k,s,w,w,p,w,o,e,w,v,l
p,f,y,e,f,s,f,c,n,b,t,?,s,s,p,p,p,w,o,e,w,v,p
p,x,y,e,f,s,f,c,n,b,t,?,k,s,p,p,p,w,o,e,w,v,p
p,k,s,e,f,f,f,c,n,b,t,?,k,k,w,w,p,w,o,e,w,v,d
e,k,y,n,f,n,f,c,b,w,e,b,y,y,n,n,p,w,t,p,w,y,d
p,f,s,e,f,f,f,c,n,b,t,?,s,s,w,w,p,w,o,e,w,v,d
p,k,s,n,f,s,f,c,n,b,t,?,k,k,p,w,p,w,o,e,w,v,p
p,f,y,n,f,y,f,c,n,b,t,?,s,s,w,w,p,w,o,e,w,v,p
p,f,s,e,f,f,f,c,n,b,t,?,k,s,p,p,p,w,o,e,w,v,d
e,k,f,g,f,n,f,w,b,w,e,?,s,s,w,w,p,w,t,p,w,n,g
p,k,s,n,f,f,f,c,n,b,t,?,s,k,w,p,p,w,o,e,w,v,d
e,b,f,w,f,n,f,w,b,p,e,?,k,s,w,w,p,w,t,p,w,s,g
p,k,s,e,f,y,f,c,n,b,t,?,k,k,p,w,p,w,o,e,w,v,l
e,x,s,g,f,n,f,w,b,p,e,?,k,k,w,w,p,w,t,p,w,n,g
e,k,s,n,f,n,a,c,b,y,e,?,s,s,o,o,p,o,o,p,y,c,l
p,k,s,e,f,f,f,c,n,b,t,?,k,s,w,p,p,w,o,e,w,v,p
p,k,y,n,f,f,f,c,n,b,t,?,s,s,w,p,p,w,o,e,w,v,l
e,k,f,g,f,n,f,w,b,g,e,?,k,k,w,w,p,w,t,p,w,n,g
p,x,s,n,f,y,f,c,n,b,t,?,s,s,p,p,p,w,o,e,w,v,l
p,k,y,n,f,s,f,c,n,b,t,?,s,s,w,p,p,w,o,e,w,v,l
e,x,f,w,f,n,f,w,b,g,e,?,k,s,w,w,p,w,t,p,w,n,g
p,k,y,e,f,f,f,c,n,b,t,?,k,s,p,w,p,w,o,e,w,v,p
p,k,s,e,f,f,f,c,n,b,t,?,k,s,p,p,p,w,o,e,w,v,l
p,k,s,e,f,f,f,c,n,b,t,?,k,k,p,w,p,w,o,e,w,v,l
p,k,y,e,f,s,f,c,n,b,t,?,k,s,w,w,p,w,o,e,w,v,p
p,k,y,n,f,s,f,c,n,b,t,?,s,s,p,w,p,w,o,e,w,v,p
e,k,s,g,f,n,f,w,b,g,e,?,k,k,w,w,p,w,t,p,w,n,g
p,k,y,n,f,f,f,c,n,b,t,?,k,k,p,p,p,w,o,e,w,v,p
p,k,s,e,f,f,f,c,n,b,t,?,s,s,w,p,p,w,o,e,w,v,l
e,x,s,g,f,n,f,w,b,w,e,?,s,k,w,w,p,w,t,p,w,n,g
e,f,s,n,f,n,a,c,b,y,e,?,s,s,o,o,p,o,o,p,y,v,l
e,k,s,g,f,n,f,w,b,g,e,?,k,s,w,w,p,w,t,p,w,n,g
p,x,s,e,f,s,f,c,n,b,t,?,k,s,w,p,p,w,o,e,w,v,p
p,k,s,n,f,f,f,c,n,b,t,?,s,s,w,w,p,w,o,e,w,v,d
p,k,s,n,f,s,f,c,n,b,t,?,s,k,w,p,p,w,o,e,w,v,p
e,x,s,g,f,n,f,w,b,p,e,?,k,s,w,w,p,w,t,p,w,s,g
p,k,y,e,f,s,f,c,n,b,t,?,k,k,p,p,p,w,o,e,w,v,p
e,f,s,n,f,n,a,c,b,n,e,?,s,s,o,o,p,o,o,p,y,v,l
e,k,s,w,f,n,f,w,b,w,e,?,k,k,w,w,p,w,t,p,w,n,g
p,f,y,e,f,m,f,c,b,y,e,c,k,y,c,c,p,w,n,n,w,c,d
e,b,s,g,f,n,f,w,b,g,e,?,k,k,w,w,p,w,t,p,w,s,g
p,f,y,n,f,y,f,c,n,b,t,?,s,k,w,w,p,w,o,e,w,v,p
e,b,s,n,f,n,a,c,b,o,e,?,s,s,o,o,p,n,o,p,b,c,l
e,b,s,g,f,n,f,w,b,w,e,?,k,s,w,w,p,w,t,p,w,n,g
e,k,s,n,f,n,a,c,b,n,e,?,s,s,o,o,p,o,o,p,y,c,l
e,b,s,g,f,n,f,w,b,p,e,?,k,k,w,w,p,w,t,p,w,n,g
p,k,s,n,f,f,f,c,n,b,t,?,k,s,w,w,p,w,o,e,w,v,l
p,k,y,n,f,y,f,c,n,b,t,?,s,k,p,w,p,w,o,e,w,v,p
e,f,s,n,f,n,a,c,b,n,e,?,s,s,o,o,p,n,o,p,o,c,l
p,k,s,e,f,y,f,c,n,b,t,?,k,k,p,p,p,w,o,e,w,v,p
p,f,s,e,f,y,f,c,n,b,t,?,s,k,w,p,p,w,o,e,w,v,p
p,k,s,n,f,y,f,c,n,b,t,?,s,k,p,p,p,w,o,e,w,v,l
p,k,s,n,f,s,f,c,n,b,t,?,s,k,w,p,p,w,o,e,w,v,l
e,b,s,n,f,n,a,c,b,y,e,?,s,s,o,o,p,o,o,p,y,v,l
e,k,f,g,f,n,f,w,b,w,e,?,k,k,w,w,p,w,t,p,w,s,g
e,b,s,n,f,n,a,c,b,o,e,?,s,s,o,o,p,o,o,p,o,c,l
p,k,s,n,f,s,f,c,n,b,t,?,k,s,p,w,p,w,o,e,w,v,l
p,k,y,e,f,s,f,c,n,b,t,?,s,k,w,p,p,w,o,e,w,v,l
p,k,y,e,f,y,f,c,n,b,t,?,k,s,p,p,p,w,o,e,w,v,p
p,k,s,n,f,y,f,c,n,b,t,?,s,s,p,p,p,w,o,e,w,v,l
e,f,s,n,f,n,a,c,b,n,e,?,s,s,o,o,p,o,o,p,n,c,l
p,k,s,e,f,y,f,c,n,b,t,?,s,s,w,w,p,w,o,e,w,v,d
e,x,s,n,f,n,a,c,b,o,e,?,s,s,o,o,p,o,o,p,o,v,l
p,k,s,n,f,y,f,c,n,b,t,?,k,k,w,p,p,w,o,e,w,v,d
e,k,s,w,f,n,f,w,b,p,e,?,s,s,w,w,p,w,t,p,w,s,g
p,k,y,e,f,f,f,c,n,b,t,?,s,s,w,p,p,w,o,e,w,v,d
p,k,y,n,f,f,f,c,n,b,t,?,k,k,p,w,p,w,o,e,w,v,d
e,k,f,g,f,n,f,w,b,g,e,?,s,s,w,w,p,w,t,p,w,s,g
p,f,s,n,f,y,f,c,n,b,t,?,k,s,p,w,p,w,o,e,w,v,p
e,x,s,g,f,n,f,w,b,w,e,?,s,s,w,w,p,w,t,p,w,n,g
p,k,y,n,f,f,f,c,n,b,t,?,s,k,p,w,p,w,o,e,w,v,p
p,f,s,e,f,f,f,c,n,b,t,?,s,k,p,p,p,w,o,e,w,v,d
e,x,f,w,f,n,f,w,b,p,e,?,k,k,w,w,p,w,t,p,w,n,g
p,k,y,n,f,s,f,c,n,b,t,?,k,s,w,w,p,w,o,e,w,v,l
p,f,y,n,f,m,a,c,b,w,e,c,k,y,c,c,p,w,n,n,w,c,d
e,b,f,g,f,n,f,w,b,w,e,?,s,s,w,w,p,w,t,p,w,n,g
p,k,y,e,f,y,f,c,n,b,t,?,k,k,w,p,p,w,o,e,w,v,p
p,x,y,e,f,s,f,c,n,b,t,?,k,s,p,p,p,w,o,e,w,v,d
p,k,s,e,f,y,f,c,n,b,t,?,k,k,w,p,p,w,o,e,w,v,l
e,k,f,g,f,n,f,w,b,g,e,?,s,k,w,w,p,w,t,p,w,n,g
e,k,f,w,f,n,f,w,b,p,e,?,s,s,w,w,p,w,t,p,w,s,g
p,k,y,e,f,s,f,c,n,b,t,?,s,k,w,w,p,w,o,e,w,v,d
e,k,s,g,f,n,f,w,b,g,e,?,s,s,w,w,p,w,t,p,w,n,g
p,k,s,n,f,f,f,c,n,b,t,?,s,k,p,w,p,w,o,e,w,v,d
p,k,y,n,f,y,f,c,n,b,t,?,s,s,p,w,p,w,o,e,w,v,l
e,k,s,w,f,n,f,w,b,w,e,?,k,s,w,w,p,w,t,p,w,s,g
p,k,y,e,f,y,f,c,n,b,t,?,k,k,p,w,p,w,o,e,w,v,l
e,b,s,w,f,n,f,w,b,w,e,?,k,s,w,w,p,w,t,p,w,s,g
p,k,s,n,f,y,f,c,n,b,t,?,s,k,p,p,p,w,o,e,w,v,d
e,x,s,w,f,n,f,w,b,w,e,?,s,k,w,w,p,w,t,p,w,n,g
e,b,s,n,f,n,a,c,b,n,e,?,s,s,o,o,p,o,o,p,n,v,l
p,k,s,n,f,s,f,c,n,b,t,?,k,s,w,p,p,w,o,e,w,v,d
p,k,y,e,f,f,f,c,n,b,t,?,s,k,p,w,p,w,o,e,w,v,p
e,x,f,w,f,n,f,w,b,w,e,?,s,s,w,w,p,w,t,p,w,n,g
p,x,y,e,f,m,a,c,b,y,e,c,k,y,c,c,p,w,n,n,w,c,d
p,k,s,e,f,y,f,c,n,b,t,?,k,k,p,w,p,w,o,e,w,v,p
p,k,s,n,f,f,f,c,n,b,t,?,k,k,w,w,p,w,o,e,w,v,l
p,k,y,n,f,y,f,c,n,b,t,?,s,s,p,w,p,w,o,e,w,v,p
p,k,s,e,f,f,f,c,n,b,t,?,s,k,w,w,p,w,o,e,w,v,d
e,k,s,n,f,n,a,c,b,o,e,?,s,s,o,o,p,n,o,p,b,c,l
p,k,y,n,f,f,f,c,n,b,t,?,k,s,p,w,p,w,o,e,w,v,l
e,f,y,n,f,n,f,c,b,w,e,b,y,y,n,n,p,w,t,p,w,y,d
e,k,s,g,f,n,f,w,b,w,e,?,s,s,w,w,p,w,t,p,w,n,g
p,f,y,e,f,y,f,c,n,b,t,?,k,k,w,p,p,w,o,e,w,v,l
p,k,y,y,f,n,f,w,n,y,e,c,y,y,y,y,p,y,o,e,w,c,l
p,k,y,e,f,y,f,c,n,b,t,?,s,s,p,w,p,w,o,e,w,v,p
p,k,s,e,f,s,f,c,n,b,t,?,k,k,p,p,p,w,o,e,w,v,l
p,k,y,e,f,s,f,c,n,b,t,?,s,k,p,p,p,w,o,e,w,v,l
e,b,s,n,f,n,a,c,b,o,e,?,s,s,o,o,p,n,o,p,n,c,l
e,x,s,g,t,n,f,c,b,w,e,b,s,s,w,w,p,w,t,p,w,y,p
e,k,s,g,f,n,f,w,b,p,e,?,k,s,w,w,p,w,t,p,w,n,g
p,f,y,e,f,s,f,c,n,b,t,?,s,k,p,w,p,w,o,e,w,v,p
p,k,s,e,f,s,f,c,n,b,t,?,k,k,w,w,p,w,o,e,w,v,p
p,k,y,e,f,s,f,c,n,b,t,?,s,s,w,w,p,w,o,e,w,v,l
e,b,f,w,f,n,f,w,b,w,e,?,k,k,w,w,p,w,t,p,w,n,g
e,f,s,n,f,n,a,c,b,n,e,?,s,s,o,o,p,o,o,p,o,c,l
p,k,s,n,f,y,f,c,n,b,t,?,k,k,w,w,p,w,o,e,w,v,p
p,k,s,e,f,f,f,c,n,b,t,?,s,s,p,w,p,w,o,e,w,v,d
e,x,f,w,f,n,f,w,b,g,e,?,k,s,w,w,p,w,t,p,w,s,g
p,k,y,e,f,y,f,c,n,b,t,?,s,k,w,w,p,w,o,e,w,v,l
e,x,f,w,f,n,f,w,b,g,e,?,s,s,w,w,p,w,t,p,w,s,g
p,k,y,e,f,y,f,c,n,b,t,?,s,s,w,p,p,w,o,e,w,v,l
p,k,y,n,f,s,f,c,n,b,t,?,s,k,w,w,p,w,o,e,w,v,p
e,x,s,g,f,n,f,w,b,p,e,?,k,s,w,w,p,w,t,p,w,n,g
e,x,s,w,f,n,f,w,b,g,e,?,s,k,w,w,p,w,t,p,w,n,g
p,k,y,n,f,f,f,c,n,b,t,?,k,k,w,w,p,w,o,e,w,v,d
p,k,s,n,f,f,f,c,n,b,t,?,k,s,w,p,p,w,o,e,w,v,l
p,k,s,e,f,s,f,c,n,b,t,?,k,s,p,w,p,w,o,e,w,v,d
e,b,f,w,f,n,f,w,b,p,e,?,k,k,w,w,p,w,t,p,w,n,g
p,f,s,n,f,f,f,c,n,b,t,?,s,k,p,w,p,w,o,e,w,v,p
p,k,s,e,f,y,f,c,n,b,t,?,k,k,p,w,p,w,o,e,w,v,d
p,k,s,n,f,f,f,c,n,b,t,?,s,s,p,p,p,w,o,e,w,v,l
p,x,y,n,f,m,f,c,b,y,e,c,k,y,c,c,p,w,n,n,w,c,d
p,k,y,n,f,f,f,c,n,b,t,?,k,s,w,p,p,w,o,e,w,v,l
e,f,s,n,f,n,a,c,b,o,e,?,s,s,o,o,p,n,o,p,y,c,l
p,x,y,e,f,f,f,c,n,b,t,?,s,s,p,w,p,w,o,e,w,v,d
e,f,s,n,f,n,a,c,b,y,e,?,s,s,o,o,p,n,o,p,y,v,l
e,b,s,w,f,n,f,w,b,g,e,?,s,s,w,w,p,w,t,p,w,n,g
e,b,s,g,f,n,f,w,b,p,e,?,s,s,w,w,p,w,t,p,w,n,g
p,k,y,e,f,s,f,c,n,b,t,?,k,k,w,p,p,w,o,e,w,v,l
p,k,s,n,f,y,f,c,n,b,t,?,k,k,w,w,p,w,o,e,w,v,d
p,k,s,e,f,f,f,c,n,b,t,?,s,s,p,w,p,w,o,e,w,v,p
p,k,s,e,f,y,f,c,n,b,t,?,k,k,p,p,p,w,o,e,w,v,d
e,b,f,w,f,n,f,w,b,g,e,?,s,s,w,w,p,w,t,p,w,s,g
e,k,s,g,f,n,f,w,b,p,e,?,s,s,w,w,p,w,t,p,w,n,g
p,f,y,e,f,m,f,c,b,w,e,c,k,y,c,c,p,w,n,n,w,c,d
p,k,y,n,f,f,f,c,n,b,t,?,s,s,w,p,p,w,o,e,w,v,d
p,k,y,n,f,f,f,c,n,b,t,?,s,k,p,p,p,w,o,e,w,v,p
p,f,s,e,f,y,f,c,n,b,t,?,s,s,w,w,p,w,o,e,w,v,d
p,x,s,n,f,s,f,c,n,b,t,?,s,k,p,p,p,w,o,e,w,v,d
p,k,y,n,f,s,f,c,n,b,t,?,k,k,p,p,p,w,o,e,w,v,p
p,k,y,c,f,m,f,c,b,y,e,c,k,y,c,c,p,w,n,n,w,c,d
p,k,y,n,f,s,f,c,n,b,t,?,s,k,p,w,p,w,o,e,w,v,d
e,k,s,w,f,n,f,w,b,g,e,?,s,s,w,w,p,w,t,p,w,n,g
p,f,y,n,f,y,f,c,n,b,t,?,k,k,w,p,p,w,o,e,w,v,l
e,b,f,g,f,n,f,w,b,p,e,?,s,s,w,w,p,w,t,p,w,s,g
p,f,s,e,f,f,f,c,n,b,t,?,s,k,w,w,p,w,o,e,w,v,d
p,k,s,e,f,y,f,c,n,b,t,?,k,k,p,p,p,w,o,e,w,v,l
e,k,s,g,f,n,f,w,b,p,e,?,k,s,w,w,p,w,t,p,w,s,g
e,x,s,g,f,n,f,w,b,p,e,?,s,s,w,w,p,w,t,p,w,s,g
p,k,s,e,f,y,f,c,n,b,t,?,k,s,w,p,p,w,o,e,w,v,l
e,k,s,n,f,n,a,c,b,n,e,?,s,s,o,o,p,n,o,p,y,c,l
e,f,y,p,t,n,f,c,b,w,e,b,s,s,w,w,p,w,t,p,w,y,p
e,b,s,w,f,n,f,w,b,g,e,?,s,k,w,w,p,w,t,p,w,n,g
p,f,y,n,f,s,f,c,n,b,t,?,s,k,p,w,p,w,o,e,w,v,l
p,f,s,e,f,f,f,c,n,b,t,?,k,k,w,p,p,w,o,e,w,v,p
p,k,s,e,f,f,f,c,n,b,t,?,s,s,p,p,p,w,o,e,w,v,l
e,k,f,g,f,n,f,w,b,p,e,?,s,s,w,w,p,w,t,p,w,n,g
e,x,f,w,f,n,f,w,b,p,e,?,k,k,w,w,p,w,t,p,w,s,g
e,x,s,c,t,n,f,c,b,w,e,b,s,s,w,w,p,w,t,p,w,y,p
e,k,f,g,f,n,f,w,b,w,e,?,s,s,w,w,p,w,t,p,w,s,g
p,k,s,e,f,y,f,c,n,b,t,?,s,s,p,w,p,w,o,e,w,v,l
p,k,y,e,f,y,f,c,n,b,t,?,s,s,w,p,p,w,o,e,w,v,p
p,k,s,n,f,y,f,c,n,b,t,?,s,s,w,p,p,w,o,e,w,v,p
p,x,y,e,f,f,f,c,n,b,t,?,s,k,w,p,p,w,o,e,w,v,p
e,k,s,n,f,n,a,c,b,o,e,?,s,s,o,o,p,o,o,p,o,c,l
p,f,y,y,f,n,f,w,n,w,e,c,y,y,y,y,p,y,o,e,w,c,l
p,x,y,c,f,m,a,c,b,w,e,c,k,y,c,c,p,w,n,n,w,c,d
p,x,s,n,f,y,f,c,n,b,t,?,s,s,w,w,p,w,o,e,w,v,d
e,x,y,p,t,n,f,c,b,w,e,b,s,s,w,w,p,w,t,p,w,v,p
p,k,y,n,f,s,f,c,n,b,t,?,s,k,p,p,p,w,o,e,w,v,p
e,k,s,g,f,n,f,w,b,g,e,?,s,k,w,w,p,w,t,p,w,n,g
e,b,s,g,f,n,f,w,b,p,e,?,s,k,w,w,p,w,t,p,w,s,g
p,k,s,e,f,f,f,c,n,b,t,?,k,s,p,w,p,w,o,e,w,v,p
e,x,s,n,f,n,a,c,b,o,e,?,s,s,o,o,p,n,o,p,b,v,l
e,b,s,n,f,n,a,c,b,o,e,?,s,s,o,o,p,n,o,p,b,v,l
e,f,s,n,t,n,f,c,b,w,e,b,s,s,w,w,p,w,t,p,w,y,p
e,k,s,g,f,n,f,w,b,g,e,?,s,s,w,w,p,w,t,p,w,s,g
p,f,s,n,f,y,f,c,n,b,t,?,k,s,p,p,p,w,o,e,w,v,d
p,k,s,n,f,f,f,c,n,b,t,?,s,s,w,p,p,w,o,e,w,v,d
p,f,y,n,f,s,f,c,n,b,t,?,k,s,p,p,p,w,o,e,w,v,l
p,k,y,e,f,y,f,c,n,b,t,?,k,s,w,p,p,w,o,e,w,v,d
p,k,s,n,f,f,f,c,n,b,t,?,k,s,p,p,p,w,o,e,w,v,l
p,k,s,e,f,y,f,c,n,b,t,?,k,s,w,w,p,w,o,e,w,v,p
e,b,s,w,f,n,f,w,b,w,e,?,k,s,w,w,p,w,t,p,w,n,g
p,k,y,n,f,m,f,c,b,y,e,c,k,y,c,c,p,w,n,n,w,c,d
p,k,y,e,f,y,f,c,n,b,t,?,s,s,w,p,p,w,o,e,w,v,d
e,k,s,n,f,n,a,c,b,o,e,?,s,s,o,o,p,o,o,p,y,v,l
p,k,s,e,f,f,f,c,n,b,t,?,s,k,p,w,p,w,o,e,w,v,p
e,b,s,w,f,n,f,w,b,w,e,?,k,k,w,w,p,w,t,p,w,s,g
e,x,s,g,f,n,f,w,b,p,e,?,k,k,w,w,p,w,t,p,w,s,g
p,k,s,n,f,s,f,c,n,b,t,?,s,k,w,w,p,w,o,e,w,v,l
p,k,y,n,f,y,f,c,n,b,t,?,s,s,p,p,p,w,o,e,w,v,p
p,k,s,n,f,f,f,c,n,b,t,?,s,k,w,w,p,w,o,e,w,v,d
p,k,y,e,f,f,f,c,n,b,t,?,s,s,p,p,p,w,o,e,w,v,p
p,k,s,e,f,s,f,c,n,b,t,?,k,k,w,p,p,w,o,e,w,v,l
p,k,y,n,f,y,f,c,n,b,t,?,s,k,w,w,p,w,o,e,w,v,p
e,b,s,g,f,n,f,w,b,p,e,?,k,k,w,w,p,w,t,p,w,s,g
p,k,y,e,f,y,f,c,n,b,t,?,s,k,p,p,p,w,o,e,w,v,p
e,b,f,w,f,n,f,w,b,g,e,?,s,k,w,w,p,w,t,p,w,s,g
p,c,y,y,f,n,f,w,n,y,e,c,y,y,y,y,p,y,o,e,w,c,l
p,x,s,n,f,s,f,c,n,b,t,?,s,k,w,p,p,w,o,e,w,v,p
p,k,y,e,f,y,f,c,n,b,t,?,k,k,p,p,p,w,o,e,w,v,l
e,x,s,g,f,n,f,w,b,g,e,?,s,s,w,w,p,w,t,p,w,s,g
e,b,s,n,f,n,a,c,b,n,e,?,s,s,o,o,p,n,o,p,y,v,l
p,k,y,e,f,y,f,c,n,b,t,?,s,k,p,p,p,w,o,e,w,v,l
e,b,s,n,f,n,a,c,b,o,e,?,s,s,o,o,p,o,o,p,n,c,l
p,k,y,e,f,y,f,c,n,b,t,?,s,s,p,w,p,w,o,e,w,v,l
p,k,y,e,f,f,f,c,n,b,t,?,k,k,p,p,p,w,o,e,w,v,l
p,k,s,e,f,y,f,c,n,b,t,?,s,s,w,w,p,w,o,e,w,v,p
e,b,s,g,f,n,f,w,b,p,e,?,s,s,w,w,p,w,t,p,w,s,g
e,k,s,n,f,n,a,c,b,n,e,?,s,s,o,o,p,o,o,p,n,c,l
e,b,s,n,f,n,a,c,b,y,e,?,s,s,o,o,p,n,o,p,n,v,l
p,x,s,n,f,f,f,c,n,b,t,?,s,k,w,p,p,w,o,e,w,v,d
e,x,s,g,t,n,f,c,b,w,e,b,s,s,w,w,p,w,t,p,w,v,p
e,x,f,g,f,n,f,w,b,w,e,?,k,s,w,w,p,w,t,p,w,s,g
p,k,s,n,f,s,f,c,n,b,t,?,k,s,p,p,p,w,o,e,w,v,l
e,k,f,g,f,n,f,w,b,p,e,?,k,s,w,w,p,w,t,p,w,n,g
p,k,s,n,f,f,f,c,n,b,t,?,k,s,w,p,p,w,o,e,w,v,p
p,k,y,e,f,y,f,c,n,b,t,?,s,s,p,p,p,w,o,e,w,v,d
p,k,y,n,f,s,f,c,n,b,t,?,s,s,p,w,p,w,o,e,w,v,d
e,f,s,p,t,n,f,c,b,w,e,b,s,s,w,w,p,w,t,p,w,y,p
p,k,y,n,f,f,f,c,n,b,t,?,k,s,w,p,p,w,o,e,w,v,d
p,k,y,e,f,f,f,c,n,b,t,?,s,s,p,w,p,w,o,e,w,v,p
e,f,s,n,f,n,a,c,b,y,e,?,s,s,o,o,p,n,o,p,b,c,l
p,k,y,e,f,f,f,c,n,b,t,?,k,k,p,w,p,w,o,e,w,v,l
p,k,y,n,f,y,f,c,n,b,t,?,k,k,w,w,p,w,o,e,w,v,d
p,k,y,n,f,y,f,c,n,b,t,?,k,k,p,p,p,w,o,e,w,v,d
p,f,y,n,f,s,f,c,n,b,t,?,s,k,w,w,p,w,o,e,w,v,p
p,k,s,e,f,f,f,c,n,b,t,?,k,k,p,p,p,w,o,e,w,v,p
p,k,y,e,f,s,f,c,n,b,t,?,k,k,p,p,p,w,o,e,w,v,l
e,x,s,n,f,n,a,c,b,n,e,?,s,s,o,o,p,o,o,p,o,c,l
p,f,s,e,f,s,f,c,n,b,t,?,k,s,w,p,p,w,o,e,w,v,p
e,k,s,g,f,n,f,w,b,p,e,?,s,s,w,w,p,w,t,p,w,s,g
p,k,s,e,f,s,f,c,n,b,t,?,s,s,p,p,p,w,o,e,w,v,l
p,k,s,e,f,y,f,c,n,b,t,?,s,k,p,w,p,w,o,e,w,v,l
e,f,s,n,f,n,a,c,b,n,e,?,s,s,o,o,p,o,o,p,o,v,l
p,k,s,n,f,s,f,c,n,b,t,?,s,k,p,p,p,w,o,e,w,v,l
e,x,f,g,f,n,f,w,b,p,e,?,s,k,w,w,p,w,t,p,w,s,g
e,k,s,n,f,n,a,c,b,n,e,?,s,s,o,o,p,o,o,p,o,v,l
p,f,s,e,f,s,f,c,n,b,t,?,s,s,p,p,p,w,o,e,w,v,p
p,k,s,n,f,s,f,c,n,b,t,?,s,s,w,w,p,w,o,e,w,v,d
e,f,y,n,t,n,f,c,b,w,e,b,s,s,w,w,p,w,t,p,w,y,p
e,x,f,g,f,n,f,w,b,g,e,?,s,k,w,w,p,w,t,p,w,n,g
e,k,s,w,f,n,f,w,b,w,e,?,k,s,w,w,p,w,t,p,w,n,g
e,b,s,n,f,n,a,c,b,n,e,?,s,s,o,o,p,n,o,p,b,c,l
p,k,y,e,f,s,f,c,n,b,t,?,k,k,w,w,p,w,o,e,w,v,p
p,k,y,e,f,y,f,c,n,b,t,?,s,s,w,w,p,w,o,e,w,v,l
e,k,y,n,f,n,f,c,b,w,e,b,y,y,n,n,p,w,t,p,w,y,p
e,x,f,g,f,n,f,w,b,p,e,?,k,k,w,w,p,w,t,p,w,s,g
p,k,s,n,f,f,f,c,n,b,t,?,k,k,w,w,p,w,o,e,w,v,p
p,k,y,e,f,f,f,c,n,b,t,?,s,k,p,p,p,w,o,e,w,v,l
p,k,y,n,f,f,f,c,n,b,t,?,s,k,w,w,p,w,o,e,w,v,d
p,f,y,n,f,f,f,c,n,b,t,?,s,k,w,p,p,w,o,e,w,v,l
e,f,s,n,f,n,a,c,b,y,e,?,s,s,o,o,p,n,o,p,b,v,l
p,f,y,e,f,f,f,c,n,b,t,?,s,s,w,p,p,w,o,e,w,v,d
p,k,s,n,f,s,f,c,n,b,t,?,s,k,p,p,p,w,o,e,w,v,p
p,k,s,n,f,f,f,c,n,b,t,?,s,k,w,p,p,w,o,e,w,v,l
e,b,s,n,f,n,a,c,b,n,e,?,s,s,o,o,p,o,o,p,y,c,l
e,x,f,g,f,n,f,w,b,g,e,?,k,s,w,w,p,w,t,p,w,n,g
p,k,s,n,f,s,f,c,n,b,t,?,s,k,w,w,p,w,o,e,w,v,p
p,k,y,n,f,f,f,c,n,b,t,?,s,s,w,w,p,w,o,e,w,v,p
e,x,s,g,f,n,f,w,b,w,e,?,s,s,w,w,p,w,t,p,w,s,g
p,k,y,n,f,s,f,c,n,b,t,?,k,k,w,w,p,w,o,e,w,v,d
p,k,s,e,f,s,f,c,n,b,t,?,k,s,w,p,p,w,o,e,w,v,d
p,k,y,e,f,y,f,c,n,b,t,?,s,k,w,p,p,w,o,e,w,v,l
e,b,s,n,f,n,a,c,b,o,e,?,s,s,o,o,p,n,o,p,o,c,l
e,b,s,g,f,n,f,w,b,g,e,?,s,k,w,w,p,w,t,p,w,s,g
p,x,y,e,f,m,a,c,b,w,e,c,k,y,c,c,p,w,n,n,w,c,d
p,k,s,n,f,f,f,c,n,b,t,?,k,s,p,p,p,w,o,e,w,v,p
p,k,y,e,f,f,f,c,n,b,t,?,k,s,p,p,p,w,o,e,w,v,d
p,k,y,e,f,y,f,c,n,b,t,?,s,k,w,p,p,w,o,e,w,v,d
p,k,s,n,f,f,f,c,n,b,t,?,k,k,w,p,p,w,o,e,w,v,d
p,k,y,e,f,s,f,c,n,b,t,?,k,s,p,p,p,w,o,e,w,v,l
p,k,s,e,f,s,f,c,n,b,t,?,s,s,p,w,p,w,o,e,w,v,d
p,x,s,e,f,y,f,c,n,b,t,?,k,s,p,w,p,w,o,e,w,v,p
p,k,s,e,f,s,f,c,n,b,t,?,s,s,w,p,p,w,o,e,w,v,d
p,k,s,n,f,y,f,c,n,b,t,?,s,s,p,w,p,w,o,e,w,v,d
e,b,f,g,f,n,f,w,b,w,e,?,k,k,w,w,p,w,t,p,w,s,g
p,k,y,n,f,m,a,c,b,y,e,c,k,y,c,c,p,w,n,n,w,c,d
e,f,s,n,t,n,f,c,b,w,e,b,s,s,w,w,p,w,t,p,w,v,p
p,k,s,n,f,y,f,c,n,b,t,?,k,k,p,p,p,w,o,e,w,v,p
p,f,y,y,f,n,f,w,n,y,e,c,y,y,y,y,p,y,o,e,w,c,l
p,k,s,n,f,s,f,c,n,b,t,?,k,s,w,w,p,w,o,e,w,v,l
p,f,y,e,f,m,a,c,b,y,e,c,k,y,c,c,p,w,n,n,w,c,d
e,x,f,g,f,n,f,w,b,p,e,?,s,s,w,w,p,w,t,p,w,n,g
p,k,y,n,f,y,f,c,n,b,t,?,s,k,p,w,p,w,o,e,w,v,d
p,k,s,n,f,s,f,c,n,b,t,?,k,s,w,p,p,w,o,e,w,v,l
p,f,y,n,f,y,f,c,n,b,t,?,s,s,p,p,p,w,o,e,w,v,d
e,f,s,n,f,n,a,c,b,n,e,?,s,s,o,o,p,o,o,p,y,c,l
p,k,y,n,f,s,f,c,n,b,t,?,s,s,p,p,p,w,o,e,w,v,d
p,f,y,n,f,f,f,c,n,b,t,?,k,k,p,w,p,w,o,e,w,v,d
p,k,s,n,f,s,f,c,n,b,t,?,k,k,w,w,p,w,o,e,w,v,p
p,f,y,e,f,s,f,c,n,b,t,?,s,k,p,w,p,w,o,e,w,v,l
p,k,s,n,f,s,f,c,n,b,t,?,k,k,w,p,p,w,o,e,w,v,p
p,x,y,e,f,s,f,c,n,b,t,?,s,s,p,p,p,w,o,e,w,v,d
p,k,y,n,f,y,f,c,n,b,t,?,s,k,p,p,p,w,o,e,w,v,p
e,x,s,w,f,n,f,w,b,p,e,?,k,s,w,w,p,w,t,p,w,s,g
e,x,s,g,f,n,f,w,b,g,e,?,s,k,w,w,p,w,t,p,w,s,g
e,x,f,w,f,n,f,w,b,w,e,?,k,k,w,w,p,w,t,p,w,s,g
p,k,s,n,f,s,f,c,n,b,t,?,k,s,p,w,p,w,o,e,w,v,d
p,k,s,e,f,f,f,c,n,b,t,?,k,k,w,p,p,w,o,e,w,v,d
p,k,y,e,f,y,f,c,n,b,t,?,s,k,p,w,p,w,o,e,w,v,p
p,k,s,e,f,f,f,c,n,b,t,?,s,s,p,p,p,w,o,e,w,v,d
p,k,s,n,f,y,f,c,n,b,t,?,k,s,p,p,p,w,o,e,w,v,p
p,k,y,n,f,f,f,c,n,b,t,?,k,k,w,p,p,w,o,e,w,v,l
p,k,y,e,f,y,f,c,n,b,t,?,s,s,w,w,p,w,o,e,w,v,p
p,k,s,n,f,y,f,c,n,b,t,?,s,k,w,w,p,w,o,e,w,v,d
p,k,s,e,f,s,f,c,n,b,t,?,s,k,w,w,p,w,o,e,w,v,d
e,f,s,n,f,n,a,c,b,o,e,?,s,s,o,o,p,n,o,p,o,c,l
p,f,s,n,f,s,f,c,n,b,t,?,s,s,w,w,p,w,o,e,w,v,d
p,k,s,n,f,s,f,c,n,b,t,?,k,k,p,w,p,w,o,e,w,v,l
e,x,s,g,f,n,f,w,b,g,e,?,k,s,w,w,p,w,t,p,w,n,g
e,x,f,w,f,n,f,w,b,p,e,?,s,s,w,w,p,w,t,p,w,n,g
p,k,y,n,f,s,f,c,n,b,t,?,s,s,w,p,p,w,o,e,w,v,d
e,x,s,n,f,n,a,c,b,n,e,?,s,s,o,o,p,n,o,p,o,c,l
p,k,y,n,f,s,f,c,n,b,t,?,k,k,w,p,p,w,o,e,w,v,l
p,k,y,n,f,s,f,c,n,b,t,?,s,s,p,w,p,w,o,e,w,v,l
p,k,y,n,f,s,f,c,n,b,t,?,s,s,w,p,p,w,o,e,w,v,p
p,k,y,e,f,s,f,c,n,b,t,?,k,s,p,w,p,w,o,e,w,v,l
p,k,s,n,f,f,f,c,n,b,t,?,k,k,p,p,p,w,o,e,w,v,l
e,b,s,n,f,n,a,c,b,y,e,?,s,s,o,o,p,n,o,p,b,c,l
e,f,s,n,f,n,a,c,b,o,e,?,s,s,o,o,p,o,o,p,n,c,l
e,b,s,w,f,n,f,w,b,g,e,?,k,k,w,w,p,w,t,p,w,s,g
p,k,s,n,f,y,f,c,n,b,t,?,k,k,p,w,p,w,o,e,w,v,l
e,x,s,n,f,n,a,c,b,n,e,?,s,s,o,o,p,n,o,p,n,c,l
p,k,y,n,f,s,f,c,n,b,t,?,k,s,p,w,p,w,o,e,w,v,d
e,b,f,g,f,n,f,w,b,g,e,?,k,k,w,w,p,w,t,p,w,s,g
e,b,s,g,f,n,f,w,b,p,e,?,k,s,w,w,p,w,t,p,w,n,g
p,x,s,n,f,s,f,c,n,b,t,?,k,k,w,p,p,w,o,e,w,v,d
e,x,s,n,f,n,a,c,b,n,e,?,s,s,o,o,p,o,o,p,b,c,l
e,x,s,w,f,n,f,w,b,p,e,?,s,k,w,w,p,w,t,p,w,n,g
e,x,s,n,f,n,f,c,b,w,e,b,y,y,n,n,p,w,t,p,w,y,p
e,k,s,g,f,n,f,w,b,g,e,?,s,k,w,w,p,w,t,p,w,s,g
e,x,s,w,f,n,f,w,b,g,e,?,k,k,w,w,p,w,t,p,w,n,g
p,f,y,c,f,m,f,c,b,y,e,c,k,y,c,c,p,w,n,n,w,c,d
e,x,s,n,f,n,a,c,b,y,e,?,s,s,o,o,p,o,o,p,y,c,l
p,k,s,e,f,y,f,c,n,b,t,?,s,k,p,p,p,w,o,e,w,v,l
p,k,y,e,f,s,f,c,n,b,t,?,s,k,p,w,p,w,o,e,w,v,l
e,x,s,w,f,n,f,w,b,p,e,?,k,s,w,w,p,w,t,p,w,n,g
e,k,f,w,f,n,f,w,b,g,e,?,k,k,w,w,p,w,t,p,w,s,g
e,b,f,g,f,n,f,w,b,p,e,?,k,s,w,w,p,w,t,p,w,s,g
e,k,s,n,f,n,a,c,b,n,e,?,s,s,o,o,p,o,o,p,b,v,l
p,k,y,n,f,f,f,c,n,b,t,?,s,s,p,p,p,w,o,e,w,v,p
p,f,y,e,f,s,f,c,n,b,t,?,k,k,p,p,p,w,o,e,w,v,p
p,k,s,e,f,s,f,c,n,b,t,?,s,k,p,p,p,w,o,e,w,v,l
e,k,s,n,f,n,a,c,b,y,e,?,s,s,o,o,p,n,o,p,n,v,l
e,f,s,p,t,n,f,c,b,w,e,b,s,s,w,w,p,w,t,p,w,v,p
p,k,y,n,f,f,f,c,n,b,t,?,k,k,w,w,p,w,o,e,w,v,p
e,b,s,w,f,n,f,w,b,g,e,?,k,s,w,w,p,w,t,p,w,s,g
p,k,s,e,f,y,f,c,n,b,t,?,s,s,w,p,p,w,o,e,w,v,p
e,k,s,w,f,n,f,w,b,p,e,?,k,k,w,w,p,w,t,p,w,s,g
p,k,y,n,f,s,f,c,n,b,t,?,s,k,p,p,p,w,o,e,w,v,l
p,k,s,n,f,s,f,c,n,b,t,?,s,s,p,w,p,w,o,e,w,v,l
e,f,s,n,f,n,a,c,b,y,e,?,s,s,o,o,p,o,o,p,b,c,l
p,k,s,n,f,y,f,c,n,b,t,?,k,k,w,p,p,w,o,e,w,v,l
p,k,y,e,f,f,f,c,n,b,t,?,k,k,p,p,p,w,o,e,w,v,d
e,x,s,n,f,n,a,c,b,n,e,?,s,s,o,o,p,n,o,p,y,v,l
e,x,f,w,f,n,f,w,b,g,e,?,k,k,w,w,p,w,t,p,w,n,g
e,x,f,g,f,n,f,w,b,w,e,?,k,s,w,w,p,w,t,p,w,n,g
e,x,s,n,f,n,a,c,b,n,e,?,s,s,o,o,p,n,o,p,b,v,l
p,k,s,n,f,y,f,c,n,b,t,?,s,s,p,p,p,w,o,e,w,v,p
p,k,y,e,f,y,f,c,n,b,t,?,k,k,w,w,p,w,o,e,w,v,p
e,x,s,w,f,n,f,w,b,g,e,?,s,s,w,w,p,w,t,p,w,s,g
p,k,y,e,f,y,f,c,n,b,t,?,k,s,p,p,p,w,o,e,w,v,d
e,x,f,g,f,n,f,w,b,w,e,?,s,s,w,w,p,w,t,p,w,s,g
p,k,s,n,f,s,f,c,n,b,t,?,k,k,p,p,p,w,o,e,w,v,l
p,f,y,n,f,f,f,c,n,b,t,?,s,k,w,w,p,w,o,e,w,v,d
p,k,s,e,f,s,f,c,n,b,t,?,k,s,w,w,p,w,o,e,w,v,d
e,k,s,n,f,n,f,c,b,w,e,b,y,y,n,n,p,w,t,p,w,y,p
p,k,s,e,f,y,f,c,n,b,t,?,k,s,w,w,p,w,o,e,w,v,l
p,k,s,n,f,y,f,c,n,b,t,?,k,s,w,w,p,w,o,e,w,v,p
e,b,s,g,f,n,f,w,b,g,e,?,s,s,w,w,p,w,t,p,w,s,g
p,k,y,n,f,s,f,c,n,b,t,?,k,k,p,w,p,w,o,e,w,v,l
p,k,s,n,f,f,f,c,n,b,t,?,k,s,w,w,p,w,o,e,w,v,p
e,k,f,g,f,n,f,w,b,w,e,?,k,s,w,w,p,w,t,p,w,n,g
p,k,y,n,f,f,f,c,n,b,t,?,s,k,p,p,p,w,o,e,w,v,l
p,k,s,e,f,y,f,c,n,b,t,?,s,k,w,p,p,w,o,e,w,v,l
p,k,y,n,f,s,f,c,n,b,t,?,k,s,p,p,p,w,o,e,w,v,p
p,k,s,e,f,y,f,c,n,b,t,?,s,s,p,p,p,w,o,e,w,v,d
e,k,f,w,f,n,f,w,b,g,e,?,s,k,w,w,p,w,t,p,w,n,g
p,k,y,e,f,y,f,c,n,b,t,?,k,s,p,w,p,w,o,e,w,v,d
p,k,y,e,f,s,f,c,n,b,t,?,k,k,p,w,p,w,o,e,w,v,d
e,b,f,w,f,n,f,w,b,g,e,?,k,s,w,w,p,w,t,p,w,s,g
e,x,s,g,f,n,f,w,b,g,e,?,s,s,w,w,p,w,t,p,w,n,g
e,b,s,g,f,n,f,w,b,w,e,?,k,s,w,w,p,w,t,p,w,s,g
p,k,y,e,f,s,f,c,n,b,t,?,s,k,p,p,p,w,o,e,w,v,p
p,k,s,n,f,y,f,c,n,b,t,?,s,k,w,w,p,w,o,e,w,v,p
p,k,y,e,f,y,f,c,n,b,t,?,k,k,w,w,p,w,o,e,w,v,d
e,b,s,w,f,n,f,w,b,w,e,?,s,k,w,w,p,w,t,p,w,s,g
p,f,s,e,f,f,f,c,n,b,t,?,s,s,p,w,p,w,o,e,w,v,d
p,k,s,n,f,s,f,c,n,b,t,?,k,k,w,p,p,w,o,e,w,v,d
e,k,s,w,f,n,f,w,b,p,e,?,s,k,w,w,p,w,t,p,w,s,g
p,k,y,e,f,y,f,c,n,b,t,?,s,k,p,p,p,w,o,e,w,v,d
p,k,s,e,f,f,f,c,n,b,t,?,k,s,w,w,p,w,o,e,w,v,l
p,k,s,n,f,s,f,c,n,b,t,?,s,k,p,p,p,w,o,e,w,v,d
e,x,s,n,t,n,f,c,b,w,e,b,s,s,w,w,p,w,t,p,w,v,p
p,k,s,n,f,f,f,c,n,b,t,?,k,k,w,p,p,w,o,e,w,v,p
p,k,y,e,f,f,f,c,n,b,t,?,k,k,p,p,p,w,o,e,w,v,p
p,b,y,y,f,n,f,w,n,w,e,c,y,y,y,y,p,y,o,e,w,c,l
p,k,y,e,f,f,f,c,n,b,t,?,k,k,w,p,p,w,o,e,w,v,l
e,x,s,n,t,n,f,c,b,w,e,b,s,s,w,w,p,w,t,p,w,y,p
p,k,s,e,f,f,f,c,n,b,t,?,s,s,p,p,p,w,o,e,w,v,p
e,k,f,g,f,n,f,w,b,p,e,?,k,k,w,w,p,w,t,p,w,s,g
p,k,s,e,f,s,f,c,n,b,t,?,s,s,p,p,p,w,o,e,w,v,d
p,k,s,e,f,f,f,c,n,b,t,?,k,k,p,w,p,w,o,e,w,v,d
p,k,s,n,f,y,f,c,n,b,t,?,s,s,w,p,p,w,o,e,w,v,l
p,k,y,n,f,y,f,c,n,b,t,?,s,s,w,p,p,w,o,e,w,v,l
e,x,f,g,f,n,f,w,b,p,e,?,k,s,w,w,p,w,t,p,w,n,g
e,b,s,w,f,n,f,w,b,g,e,?,k,s,w,w,p,w,t,p,w,n,g
p,k,y,e,f,s,f,c,n,b,t,?,k,s,w,p,p,w,o,e,w,v,d
e,b,s,n,f,n,a,c,b,y,e,?,s,s,o,o,p,o,o,p,n,c,l
p,k,y,e,f,y,f,c,n,b,t,?,k,k,p,p,p,w,o,e,w,v,p
p,k,s,e,f,y,f,c,n,b,t,?,s,k,p,p,p,w,o,e,w,v,p
e,b,s,g,f,n,f,w,b,g,e,?,k,s,w,w,p,w,t,p,w,s,g
p,k,s,e,f,y,f,c,n,b,t,?,s,s,p,w,p,w,o,e,w,v,p
e,b,s,n,f,n,a,c,b,n,e,?,s,s,o,o,p,n,o,p,o,v,l
p,f,s,n,f,y,f,c,n,b,t,?,s,s,p,p,p,w,o,e,w,v,p
p,k,s,e,f,y,f,c,n,b,t,?,k,s,w,w,p,w,o,e,w,v,d
p,k,s,n,f,y,f,c,n,b,t,?,k,s,w,w,p,w,o,e,w,v,l
p,k,y,n,f,y,f,c,n,b,t,?,s,s,p,p,p,w,o,e,w,v,l
e,b,f,g,f,n,f,w,b,g,e,?,s,s,w,w,p,w,t,p,w,n,g
e,k,s,w,f,n,f,w,b,g,e,?,s,s,w,w,p,w,t,p,w,s,g
p,k,s,n,f,y,f,c,n,b,t,?,s,k,p,w,p,w,o,e,w,v,l
p,f,y,n,f,f,f,c,n,b,t,?,k,k,p,p,p,w,o,e,w,v,d
e,x,s,w,f,n,f,w,b,p,e,?,k,k,w,w,p,w,t,p,w,s,g
e,x,s,n,f,n,a,c,b,o,e,?,s,s,o,o,p,o,o,p,b,c,l
p,k,s,n,f,s,f,c,n,b,t,?,k,s,w,w,p,w,o,e,w,v,p
p,k,y,n,f,s,f,c,n,b,t,?,s,s,w,w,p,w,o,e,w,v,l
e,k,s,n,f,n,a,c,b,o,e,?,s,s,o,o,p,o,o,p,b,v,l
e,b,f,w,f,n,f,w,b,w,e,?,k,k,w,w,p,w,t,p,w,s,g
e,x,s,w,f,n,f,w,b,w,e,?,k,k,w,w,p,w,t,p,w,n,g
p,f,y,e,f,y,f,c,n,b,t,?,s,s,p,w,p,w,o,e,w,v,p
p,k,y,e,f,f,f,c,n,b,t,?,s,s,w,p,p,w,o,e,w,v,l
p,x,y,e,f,m,f,c,b,y,e,c,k,y,c,c,p,w,n,n,w,c,d
e,f,s,n,f,n,a,c,b,y,e,?,s,s,o,o,p,n,o,p,y,c,l
p,k,s,n,f,f,f,c,n,b,t,?,s,k,p,p,p,w,o,e,w,v,d
p,x,s,n,f,s,f,c,n,b,t,?,k,k,p,w,p,w,o,e,w,v,d
p,k,y,e,f,s,f,c,n,b,t,?,s,k,p,w,p,w,o,e,w,v,d
e,b,s,w,f,n,f,w,b,p,e,?,s,s,w,w,p,w,t,p,w,s,g
e,b,s,g,f,n,f,w,b,p,e,?,k,s,w,w,p,w,t,p,w,s,g
e,k,f,g,f,n,f,w,b,g,e,?,k,s,w,w,p,w,t,p,w,n,g
e,k,f,g,f,n,f,w,b,p,e,?,k,k,w,w,p,w,t,p,w,n,g
e,x,f,w,f,n,f,w,b,w,e,?,k,s,w,w,p,w,t,p,w,n,g
p,k,y,e,f,s,f,c,n,b,t,?,k,s,p,p,p,w,o,e,w,v,p
p,f,y,e,f,s,f,c,n,b,t,?,k,s,p,p,p,w,o,e,w,v,l
p,k,y,e,f,s,f,c,n,b,t,?,s,s,p,w,p,w,o,e,w,v,l
p,f,s,n,f,f,f,c,n,b,t,?,k,k,p,w,p,w,o,e,w,v,l
e,b,s,w,f,n,f,w,b,p,e,?,k,s,w,w,p,w,t,p,w,s,g
e,k,s,w,f,n,f,w,b,w,e,?,k,k,w,w,p,w,t,p,w,s,g
e,b,f,w,f,n,f,w,b,p,e,?,s,s,w,w,p,w,t,p,w,n,g
e,f,s,n,f,n,a,c,b,n,e,?,s,s,o,o,p,n,o,p,b,c,l
p,k,y,e,f,s,f,c,n,b,t,?,s,s,p,w,p,w,o,e,w,v,d
p,k,s,n,f,f,f,c,n,b,t,?,s,s,w,w,p,w,o,e,w,v,p
p,k,s,n,f,y,f,c,n,b,t,?,s,k,w,p,p,w,o,e,w,v,p
p,f,y,n,f,y,f,c,n,b,t,?,s,k,w,p,p,w,o,e,w,v,d
p,x,s,e,f,f,f,c,n,b,t,?,k,k,p,w,p,w,o,e,w,v,l
e,f,s,n,f,n,a,c,b,y,e,?,s,s,o,o,p,o,o,p,o,v,l
e,k,f,w,f,n,f,w,b,w,e,?,s,k,w,w,p,w,t,p,w,s,g
p,k,s,n,f,y,f,c,n,b,t,?,k,s,w,p,p,w,o,e,w,v,d
p,x,s,n,f,y,f,c,n,b,t,?,k,s,w,w,p,w,o,e,w,v,d
e,b,f,g,f,n,f,w,b,w,e,?,s,k,w,w,p,w,t,p,w,s,g
p,k,y,n,f,s,f,c,n,b,t,?,k,k,p,p,p,w,o,e,w,v,d
e,b,s,n,f,n,a,c,b,o,e,?,s,s,o,o,p,o,o,p,y,c,l
e,f,s,n,f,n,a,c,b,y,e,?,s,s,o,o,p,o,o,p,n,v,l
p,k,y,e,f,s,f,c,n,b,t,?,k,k,p,w,p,w,o,e,w,v,p
p,k,s,e,f,s,f,c,n,b,t,?,k,k,p,p,p,w,o,e,w,v,d
p,k,y,n,f,s,f,c,n,b,t,?,k,s,p,w,p,w,o,e,w,v,p
p,k,y,e,f,s,f,c,n,b,t,?,s,k,w,w,p,w,o,e,w,v,p
p,k,y,n,f,f,f,c,n,b,t,?,k,k,p,p,p,w,o,e,w,v,d
e,x,s,g,f,n,f,w,b,w,e,?,k,k,w,w,p,w,t,p,w,s,g
p,k,y,n,f,f,f,c,n,b,t,?,s,s,w,w,p,w,o,e,w,v,d
e,f,y,c,t,n,f,c,b,w,e,b,s,s,w,w,p,w,t,p,w,v,p
e,b,s,n,f,n,a,c,b,n,e,?,s,s,o,o,p,n,o,p,n,v,l
p,k,s,e,f,y,f,c,n,b,t,?,s,k,w,w,p,w,o,e,w,v,l
p,k,s,n,f,f,f,c,n,b,t,?,s,s,p,w,p,w,o,e,w,v,d
p,k,y,n,f,f,f,c,n,b,t,?,s,s,w,p,p,w,o,e,w,v,p
e,b,f,g,f,n,f,w,b,g,e,?,s,k,w,w,p,w,t,p,w,s,g
p,k,y,n,f,s,f,c,n,b,t,?,k,k,w,w,p,w,o,e,w,v,p
e,b,f,w,f,n,f,w,b,p,e,?,k,k,w,w,p,w,t,p,w,s,g
p,k,s,e,f,f,f,c,n,b,t,?,s,k,p,p,p,w,o,e,w,v,l
e,x,s,w,f,n,f,w,b,p,e,?,s,k,w,w,p,w,t,p,w,s,g
p,k,y,e,f,f,f,c,n,b,t,?,s,k,w,w,p,w,o,e,w,v,l
p,k,y,e,f,s,f,c,n,b,t,?,s,k,p,p,p,w,o,e,w,v,d
e,x,s,w,f,n,f,w,b,w,e,?,k,s,w,w,p,w,t,p,w,n,g
p,k,y,e,f,f,f,c,n,b,t,?,s,s,w,w,p,w,o,e,w,v,d
p,k,y,n,f,s,f,c,n,b,t,?,s,k,w,p,p,w,o,e,w,v,p
e,k,s,n,f,n,a,c,b,o,e,?,s,s,o,o,p,n,o,p,o,v,l
e,k,s,n,f,n,a,c,b,o,e,?,s,s,o,o,p,n,o,p,n,v,l
p,k,s,e,f,y,f,c,n,b,t,?,k,s,p,p,p,w,o,e,w,v,l
p,k,s,e,f,s,f,c,n,b,t,?,k,s,w,p,p,w,o,e,w,v,p
e,k,s,n,f,n,a,c,b,y,e,?,s,s,o,o,p,n,o,p,n,c,l
p,k,s,n,f,y,f,c,n,b,t,?,s,k,p,w,p,w,o,e,w,v,d
p,k,s,e,f,f,f,c,n,b,t,?,s,s,w,p,p,w,o,e,w,v,d
p,k,y,e,f,s,f,c,n,b,t,?,k,k,p,p,p,w,o,e,w,v,d
p,k,y,e,f,f,f,c,n,b,t,?,s,s,p,p,p,w,o,e,w,v,d
p,k,y,e,f,f,f,c,n,b,t,?,s,k,w,p,p,w,o,e,w,v,l
e,k,f,w,f,n,f,w,b,w,e,?,s,k,w,w,p,w,t,p,w,n,g
e,b,s,n,f,n,a,c,b,o,e,?,s,s,o,o,p,o,o,p,n,v,l
p,k,s,e,f,s,f,c,n,b,t,?,k,k,p,w,p,w,o,e,w,v,d
e,f,s,n,f,n,a,c,b,y,e,?,s,s,o,o,p,o,o,p,b,v,l
e,f,y,n,f,n,f,c,b,w,e,b,y,y,n,n,p,w,t,p,w,y,p
p,k,y,e,f,y,f,c,n,b,t,?,k,s,w,w,p,w,o,e,w,v,l
e,f,s,g,t,n,f,c,b,w,e,b,s,s,w,w,p,w,t,p,w,y,p
e,x,s,p,t,n,f,c,b,w,e,b,s,s,w,w,p,w,t,p,w,v,p
p,c,y,y,f,n,f,w,n,w,e,c,y,y,y,y,p,y,o,e,w,c,l
p,k,s,e,f,f,f,c,n,b,t,?,k,s,p,p,p,w,o,e,w,v,p
p,k,y,e,f,f,f,c,n,b,t,?,s,k,w,p,p,w,o,e,w,v,d
p,k,y,e,f,m,a,c,b,y,e,c,k,y,c,c,p,w,n,n,w,c,d
e,b,s,n,f,n,a,c,b,y,e,?,s,s,o,o,p,n,o,p,o,v,l
p,k,s,n,f,s,f,c,n,b,t,?,s,k,p,w,p,w,o,e,w,v,l
e,x,s,w,f,n,f,w,b,g,e,?,s,k,w,w,p,w,t,p,w,s,g
p,x,s,e,f,f,f,c,n,b,t,?,s,s,w,w,p,w,o,e,w,v,l
p,x,y,c,f,m,f,c,b,w,e,c,k,y,c,c,p,w,n,n,w,c,d
p,f,s,n,f,s,f,c,n,b,t,?,s,s,p,p,p,w,o,e,w,v,l
e,k,s,n,f,n,a,c,b,o,e,?,s,s,o,o,p,o,o,p,b,c,l
e,b,y,n,f,n,f,c,b,w,e,b,y,y,n,n,p,w,t,p,w,y,d
p,f,s,n,f,s,f,c,n,b,t,?,k,s,p,p,p,w,o,e,w,v,d
p,k,s,n,f,y,f,c,n,b,t,?,s,s,p,w,p,w,o,e,w,v,p
e,b,s,g,f,n,f,w,b,w,e,?,k,k,w,w,p,w,t,p,w,s,g
e,x,y,n,t,n,f,c,b,w,e,b,s,s,w,w,p,w,t,p,w,v,p
p,f,s,n,f,s,f,c,n,b,t,?,k,s,p,w,p,w,o,e,w,v,p
e,k,s,n,f,n,a,c,b,o,e,?,s,s,o,o,p,n,o,p,y,c,l
e,b,f,w,f,n,f,w,b,w,e,?,k,s,w,w,p,w,t,p,w,n,g
e,x,f,w,f,n,f,w,b,g,e,?,s,s,w,w,p,w,t,p,w,n,g
p,k,s,n,f,y,f,c,n,b,t,?,k,s,p,p,p,w,o,e,w,v,d
p,x,y,n,f,m,a,c,b,y,e,c,k,y,c,c,p,w,n,n,w,c,d
p,k,y,e,f,s,f,c,n,b,t,?,s,s,w,p,p,w,o,e,w,v,p
e,x,s,n,f,n,a,c,b,o,e,?,s,s,o,o,p,n,o,p,b,c,l
p,k,s,e,f,f,f,c,n,b,t,?,s,s,w,p,p,w,o,e,w,v,p
p,x,s,e,f,s,f,c,n,b,t,?,k,s,p,p,p,w,o,e,w,v,l
p,k,s,n,f,y,f,c,n,b,t,?,k,s,p,w,p,w,o,e,w,v,l
p,k,y,e,f,s,f,c,n,b,t,?,k,k,w,w,p,w,o,e,w,v,d
p,k,y,n,f,f,f,c,n,b,t,?,k,k,p,w,p,w,o,e,w,v,l
p,k,s,e,f,f,f,c,n,b,t,?,s,k,p,p,p,w,o,e,w,v,d
e,b,f,g,f,n,f,w,b,p,e,?,s,s,w,w,p,w,t,p,w,n,g
e,k,s,n,f,n,a,c,b,o,e,?,s,s,o,o,p,n,o,p,y,v,l
p,k,y,n,f,s,f,c,n,b,t,?,k,k,w,p,p,w,o,e,w,v,p
p,k,y,y,f,n,f,w,n,w,e,c,y,y,y,y,p,y,o,e,w,c,l
e,k,s,w,f,n,f,w,b,p,e,?,k,s,w,w,p,w,t,p,w,n,g
e,x,s,n,f,n,a,c,b,n,e,?,s,s,o,o,p,o,o,p,y,c,l
p,k,s,n,f,s,f,c,n,b,t,?,k,s,p,w,p,w,o,e,w,v,p
e,k,f,g,f,n,f,w,b,p,e,?,s,k,w,w,p,w,t,p,w,s,g
e,k,f,w,f,n,f,w,b,w,e,?,s,s,w,w,p,w,t,p,w,n,g
e,f,s,n,f,n,a,c,b,o,e,?,s,s,o,o,p,n,o,p,b,c,l
e,x,s,w,f,n,f,w,b,p,e,?,k,k,w,w,p,w,t,p,w,n,g
e,b,s,g,f,n,f,w,b,w,e,?,k,k,w,w,p,w,t,p,w,n,g
e,x,f,w,f,n,f,w,b,w,e,?,s,k,w,w,p,w,t,p,w,n,g
e,k,f,w,f,n,f,w,b,p,e,?,k,s,w,w,p,w,t,p,w,n,g
p,k,s,n,f,f,f,c,n,b,t,?,s,s,p,p,p,w,o,e,w,v,d
p,k,y,e,f,s,f,c,n,b,t,?,s,s,w,p,p,w,o,e,w,v,d
e,k,f,g,f,n,f,w,b,p,e,?,s,s,w,w,p,w,t,p,w,s,g
e,x,s,w,f,n,f,w,b,p,e,?,s,s,w,w,p,w,t,p,w,s,g
p,k,s,n,f,f,f,c,n,b,t,?,s,s,p,w,p,w,o,e,w,v,p
p,k,y,n,f,s,f,c,n,b,t,?,k,s,w,p,p,w,o,e,w,v,d
p,k,y,n,f,f,f,c,n,b,t,?,k,k,p,w,p,w,o,e,w,v,p
p,k,s,e,f,f,f,c,n,b,t,?,k,k,w,p,p,w,o,e,w,v,p
p,k,s,e,f,s,f,c,n,b,t,?,k,s,w,w,p,w,o,e,w,v,l
e,b,s,n,f,n,a,c,b,y,e,?,s,s,o,o,p,o,o,p,n,v,l
p,k,s,e,f,s,f,c,n,b,t,?,s,k,w,w,p,w,o,e,w,v,p
e,x,s,g,f,n,f,w,b,p,e,?,s,s,w,w,p,w,t,p,w,n,g
e,x,s,n,f,n,a,c,b,o,e,?,s,s,o,o,p,o,o,p,y,v,l
e,b,s,w,f,n,f,w,b,w,e,?,k,k,w,w,p,w,t,p,w,n,g
p,k,s,e,f,s,f,c,n,b,t,?,k,s,p,w,p,w,o,e,w,v,p
e,x,s,n,f,n,a,c,b,y,e,?,s,s,o,o,p,o,o,p,n,v,l
p,k,s,n,f,f,f,c,n,b,t,?,k,k,w,w,p,w,o,e,w,v,d
p,k,s,e,f,f,f,c,n,b,t,?,k,s,p,p,p,w,o,e,w,v,d
p,k,y,e,f,s,f,c,n,b,t,?,s,k,w,p,p,w,o,e,w,v,p
e,b,f,w,f,n,f,w,b,p,e,?,s,s,w,w,p,w,t,p,w,s,g
p,k,y,n,f,f,f,c,n,b,t,?,k,s,w,w,p,w,o,e,w,v,d
p,k,s,e,f,s,f,c,n,b,t,?,k,k,w,p,p,w,o,e,w,v,d
e,b,s,g,f,n,f,w,b,w,e,?,s,k,w,w,p,w,t,p,w,s,g
p,k,s,n,f,y,f,c,n,b,t,?,k,k,p,p,p,w,o,e,w,v,d
p,x,s,n,f,y,f,c,n,b,t,?,s,k,w,w,p,w,o,e,w,v,p
p,k,y,e,f,f,f,c,n,b,t,?,k,s,p,w,p,w,o,e,w,v,l
e,x,s,w,f,n,f,w,b,p,e,?,s,s,w,w,p,w,t,p,w,n,g
e,x,s,w,f,n,f,w,b,g,e,?,k,k,w,w,p,w,t,p,w,s,g
p,k,y,n,f,s,f,c,n,b,t,?,k,s,w,p,p,w,o,e,w,v,p
e,k,s,n,f,n,f,c,b,w,e,b,y,y,n,n,p,w,t,p,w,y,d
p,k,s,e,f,y,f,c,n,b,t,?,s,k,w,p,p,w,o,e,w,v,d
p,k,y,e,f,s,f,c,n,b,t,?,s,s,w,p,p,w,o,e,w,v,l
e,b,s,n,f,n,a,c,b,y,e,?,s,s,o,o,p,o,o,p,o,v,l
e,b,f,g,f,n,f,w,b,w,e,?,s,k,w,w,p,w,t,p,w,n,g
p,k,s,e,f,f,f,c,n,b,t,?,s,s,p,w,p,w,o,e,w,v,l
p,k,s,n,f,s,f,c,n,b,t,?,s,s,w,p,p,w,o,e,w,v,l
p,f,y,n,f,f,f,c,n,b,t,?,k,k,p,w,p,w,o,e,w,v,p
p,f,y,n,f,f,f,c,n,b,t,?,s,k,p,w,p,w,o,e,w,v,d
e,f,s,n,f,n,a,c,b,o,e,?,s,s,o,o,p,o,o,p,y,c,l
p,k,y,n,f,y,f,c,n,b,t,?,s,s,w,w,p,w,o,e,w,v,d
e,k,s,w,f,n,f,w,b,w,e,?,s,s,w,w,p,w,t,p,w,s,g
e,b,s,n,f,n,a,c,b,y,e,?,s,s,o,o,p,o,o,p,b,c,l
p,k,y,n,f,s,f,c,n,b,t,?,k,k,p,w,p,w,o,e,w,v,p
p,k,s,n,f,y,f,c,n,b,t,?,k,s,w,p,p,w,o,e,w,v,p
p,k,s,e,f,s,f,c,n,b,t,?,s,k,p,p,p,w,o,e,w,v,d
e,k,s,w,f,n,f,w,b,p,e,?,s,k,w,w,p,w,t,p,w,n,g
p,k,y,e,f,y,f,c,n,b,t,?,k,s,p,p,p,w,o,e,w,v,l
e,x,s,w,f,n,f,w,b,w,e,?,s,s,w,w,p,w,t,p,w,s,g
p,k,y,e,f,s,f,c,n,b,t,?,k,s,p,w,p,w,o,e,w,v,d
p,k,y,e,f,s,f,c,n,b,t,?,k,k,w,p,p,w,o,e,w,v,d
p,k,y,n,f,s,f,c,n,b,t,?,k,s,w,w,p,w,o,e,w,v,d
p,f,y,c,f,m,a,c,b,w,e,c,k,y,c,c,p,w,n,n,w,c,d
p,x,s,n,f,s,f,c,n,b,t,?,s,k,p,w,p,w,o,e,w,v,d
e,k,f,g,f,n,f,w,b,w,e,?,k,s,w,w,p,w,t,p,w,s,g
p,k,s,e,f,y,f,c,n,b,t,?,s,s,w,w,p,w,o,e,w,v,l
p,x,y,n,f,m,f,c,b,w,e,c,k,y,c,c,p,w,n,n,w,c,d
p,f,y,e,f,y,f,c,n,b,t,?,s,s,w,w,p,w,o,e,w,v,l
e,k,s,n,f,n,a,c,b,n,e,?,s,s,o,o,p,n,o,p,b,c,l
p,k,s,n,f,s,f,c,n,b,t,?,s,s,p,p,p,w,o,e,w,v,p
e,b,f,g,f,n,f,w,b,g,e,?,s,k,w,w,p,w,t,p,w,n,g
e,b,f,w,f,n,f,w,b,p,e,?,s,k,w,w,p,w,t,p,w,n,g
e,x,s,n,f,n,a,c,b,y,e,?,s,s,o,o,p,o,o,p,y,v,l
p,k,y,n,f,s,f,c,n,b,t,?,s,k,w,p,p,w,o,e,w,v,l
e,f,s,n,f,n,a,c,b,y,e,?,s,s,o,o,p,n,o,p,o,c,l
e,x,s,w,f,n,f,w,b,g,e,?,s,s,w,w,p,w,t,p,w,n,g
p,k,s,e,f,s,f,c,n,b,t,?,s,s,w,w,p,w,o,e,w,v,l
p,k,s,e,f,y,f,c,n,b,t,?,k,k,w,p,p,w,o,e,w,v,p
e,x,s,g,f,n,f,w,b,w,e,?,k,k,w,w,p,w,t,p,w,n,g
e,b,s,g,f,n,f,w,b,g,e,?,s,s,w,w,p,w,t,p,w,n,g
p,k,y,n,f,f,f,c,n,b,t,?,s,k,p,p,p,w,o,e,w,v,d
p,k,y,e,f,m,f,c,b,w,e,c,k,y,c,c,p,w,n,n,w,c,d
p,k,y,e,f,f,f,c,n,b,t,?,s,s,w,p,p,w,o,e,w,v,p
p,k,y,n,f,f,f,c,n,b,t,?,s,k,w,p,p,w,o,e,w,v,p
e,x,f,w,f,n,f,w,b,p,e,?,k,s,w,w,p,w,t,p,w,s,g
p,k,y,e,f,f,f,c,n,b,t,?,k,s,w,w,p,w,o,e,w,v,l
e,b,s,n,f,n,a,c,b,y,e,?,s,s,o,o,p,n,o,p,b,v,l
p,k,y,n,f,s,f,c,n,b,t,?,k,k,w,p,p,w,o,e,w,v,d
p,k,s,n,f,s,f,c,n,b,t,?,s,s,w,p,p,w,o,e,w,v,p
e,b,s,n,f,n,a,c,b,y,e,?,s,s,o,o,p,n,o,p,y,v,l
e,f,s,n,f,n,a,c,b,o,e,?,s,s,o,o,p,n,o,p,n,v,l
e,k,s,g,f,n,f,w,b,w,e,?,k,k,w,w,p,w,t,p,w,n,g
e,f,s,n,f,n,a,c,b,y,e,?,s,s,o,o,p,o,o,p,y,c,l
p,k,y,e,f,y,f,c,n,b,t,?,s,k,p,w,p,w,o,e,w,v,l
e,b,s,n,f,n,a,c,b,n,e,?,s,s,o,o,p,n,o,p,b,v,l
e,k,s,n,f,n,a,c,b,y,e,?,s,s,o,o,p,o,o,p,n,c,l
p,k,y,e,f,y,f,c,n,b,t,?,s,k,w,w,p,w,o,e,w,v,d
e,f,s,n,f,n,a,c,b,y,e,?,s,s,o,o,p,o,o,p,n,c,l
p,k,s,e,f,f,f,c,n,b,t,?,k,s,w,p,p,w,o,e,w,v,d
e,b,f,g,f,n,f,w,b,g,e,?,k,k,w,w,p,w,t,p,w,n,g
p,k,y,n,f,y,f,c,n,b,t,?,s,s,w,p,p,w,o,e,w,v,d
e,f,s,n,f,n,a,c,b,n,e,?,s,s,o,o,p,o,o,p,b,v,l
p,k,s,n,f,s,f,c,n,b,t,?,k,k,w,p,p,w,o,e,w,v,l
e,x,s,g,f,n,f,w,b,w,e,?,k,s,w,w,p,w,t,p,w,s,g
e,x,s,g,f,n,f,w,b,g,e,?,k,k,w,w,p,w,t,p,w,s,g
e,k,s,n,f,n,a,c,b,y,e,?,s,s,o,o,p,n,o,p,b,v,l
e,x,s,n,f,n,a,c,b,y,e,?,s,s,o,o,p,n,o,p,b,c,l
p,k,y,e,f,y,f,c,n,b,t,?,s,s,w,w,p,w,o,e,w,v,d
e,x,f,g,f,n,f,w,b,w,e,?,k,k,w,w,p,w,t,p,w,n,g
p,k,s,n,f,f,f,c,n,b,t,?,k,s,w,p,p,w,o,e,w,v,d
p,k,y,e,f,s,f,c,n,b,t,?,k,s,p,p,p,w,o,e,w,v,d
p,k,y,n,f,f,f,c,n,b,t,?,s,s,p,w,p,w,o,e,w,v,p
p,k,s,e,f,f,f,c,n,b,t,?,k,s,p,w,p,w,o,e,w,v,d
p,k,y,n,f,s,f,c,n,b,t,?,s,k,w,w,p,w,o,e,w,v,l
p,k,y,e,f,s,f,c,n,b,t,?,s,s,p,p,p,w,o,e,w,v,l
e,x,s,w,f,n,f,w,b,g,e,?,k,s,w,w,p,w,t,p,w,n,g
p,k,s,n,f,s,f,c,n,b,t,?,s,s,p,p,p,w,o,e,w,v,l
p,k,s,e,f,y,f,c,n,b,t,?,k,s,w,p,p,w,o,e,w,v,p
p,k,s,e,f,s,f,c,n,b,t,?,s,s,w,w,p,w,o,e,w,v,p
e,x,f,g,f,n,f,w,b,w,e,?,s,s,w,w,p,w,t,p,w,n,g
e,x,s,n,f,n,a,c,b,o,e,?,s,s,o,o,p,o,o,p,o,c,l
e,b,s,w,f,n,f,w,b,p,e,?,k,k,w,w,p,w,t,p,w,n,g
p,k,s,n,f,f,f,c,n,b,t,?,s,k,w,w,p,w,o,e,w,v,l
p,k,y,n,f,f,f,c,n,b,t,?,s,s,w,w,p,w,o,e,w,v,l
p,k,s,n,f,s,f,c,n,b,t,?,s,s,w,p,p,w,o,e,w,v,d
p,x,y,e,f,f,f,c,n,b,t,?,k,s,w,w,p,w,o,e,w,v,p
p,k,y,e,f,f,f,c,n,b,t,?,k,s,p,w,p,w,o,e,w,v,d
e,x,s,n,f,n,a,c,b,o,e,?,s,s,o,o,p,o,o,p,b,v,l
e,x,s,g,f,n,f,w,b,g,e,?,k,s,w,w,p,w,t,p,w,s,g
p,k,s,e,f,f,f,c,n,b,t,?,k,s,w,p,p,w,o,e,w,v,l
p,k,y,e,f,f,f,c,n,b,t,?,k,s,p,p,p,w,o,e,w,v,l
e,k,s,w,f,n,f,w,b,g,e,?,k,s,w,w,p,w,t,p,w,n,g
e,b,s,n,f,n,a,c,b,y,e,?,s,s,o,o,p,o,o,p,b,v,l
e,k,s,w,f,n,f,w,b,p,e,?,k,k,w,w,p,w,t,p,w,n,g
p,k,s,e,f,s,f,c,n,b,t,?,s,k,p,w,p,w,o,e,w,v,d
p,k,y,n,f,f,f,c,n,b,t,?,s,k,w,w,p,w,o,e,w,v,p
p,k,s,e,f,y,f,c,n,b,t,?,s,s,p,p,p,w,o,e,w,v,l
p,k,s,n,f,y,f,c,n,b,t,?,k,s,p,w,p,w,o,e,w,v,d
p,x,s,n,f,s,f,c,n,b,t,?,k,k,p,w,p,w,o,e,w,v,l
e,k,s,n,f,n,a,c,b,o,e,?,s,s,o,o,p,o,o,p,n,c,l
p,k,s,n,f,f,f,c,n,b,t,?,k,s,w,w,p,w,o,e,w,v,d
p,k,s,n,f,s,f,c,n,b,t,?,k,k,w,w,p,w,o,e,w,v,d
p,k,y,e,f,f,f,c,n,b,t,?,s,k,p,w,p,w,o,e,w,v,l
e,x,f,w,f,n,f,w,b,p,e,?,s,k,w,w,p,w,t,p,w,s,g
p,f,s,e,f,y,f,c,n,b,t,?,k,s,w,p,p,w,o,e,w,v,d
p,k,s,n,f,y,f,c,n,b,t,?,k,s,p,p,p,w,o,e,w,v,l
p,k,s,e,f,f,f,c,n,b,t,?,s,s,w,w,p,w,o,e,w,v,d
e,f,s,n,f,n,a,c,b,o,e,?,s,s,o,o,p,o,o,p,b,v,l
e,x,y,n,f,n,f,c,b,w,e,b,y,y,n,n,p,w,t,p,w,y,d
p,k,y,n,f,s,f,c,n,b,t,?,k,s,p,p,p,w,o,e,w,v,d
p,k,s,e,f,s,f,c,n,b,t,?,k,k,p,w,p,w,o,e,w,v,l
e,b,s,w,f,n,f,w,b,g,e,?,s,k,w,w,p,w,t,p,w,s,g
p,k,y,n,f,s,f,c,n,b,t,?,s,s,w,w,p,w,o,e,w,v,p
p,k,s,n,f,y,f,c,n,b,t,?,s,s,w,w,p,w,o,e,w,v,p
e,x,s,n,f,n,a,c,b,o,e,?,s,s,o,o,p,o,o,p,n,c,l
e,x,s,g,f,n,f,w,b,p,e,?,s,k,w,w,p,w,t,p,w,s,g
e,x,s,g,f,n,f,w,b,g,e,?,k,k,w,w,p,w,t,p,w,n,g
p,f,y,n,f,y,f,c,n,b,t,?,k,k,p,p,p,w,o,e,w,v,p
p,f,y,n,f,s,f,c,n,b,t,?,s,s,w,p,p,w,o,e,w,v,d
e,f,y,g,t,n,f,c,b,w,e,b,s,s,w,w,p,w,t,p,w,v,p
p,k,s,e,f,y,f,c,n,b,t,?,s,s,p,w,p,w,o,e,w,v,d
e,x,f,w,f,n,f,w,b,w,e,?,k,s,w,w,p,w,t,p,w,s,g
p,k,y,n,f,s,f,c,n,b,t,?,s,k,p,w,p,w,o,e,w,v,p
p,k,s,n,f,y,f,c,n,b,t,?,s,k,p,w,p,w,o,e,w,v,p
p,x,s,e,f,f,f,c,n,b,t,?,s,k,p,w,p,w,o,e,w,v,p
e,x,f,g,f,n,f,w,b,p,e,?,k,s,w,w,p,w,t,p,w,s,g
e,f,s,n,f,n,a,c,b,n,e,?,s,s,o,o,p,o,o,p,n,v,l
p,x,y,e,f,f,f,c,n,b,t,?,k,s,p,w,p,w,o,e,w,v,p
e,b,f,w,f,n,f,w,b,w,e,?,s,s,w,w,p,w,t,p,w,s,g
p,k,s,e,f,f,f,c,n,b,t,?,s,s,w,w,p,w,o,e,w,v,l
e,x,f,g,f,n,f,w,b,p,e,?,s,s,w,w,p,w,t,p,w,s,g
p,f,y,n,f,m,a,c,b,y,e,c,k,y,c,c,p,w,n,n,w,c,d
e,x,s,n,f,n,a,c,b,y,e,?,s,s,o,o,p,n,o,p,o,v,l
e,b,s,g,f,n,f,w,b,p,e,?,s,k,w,w,p,w,t,p,w,n,g
e,b,s,n,f,n,a,c,b,n,e,?,s,s,o,o,p,o,o,p,o,v,l
p,k,s,e,f,f,f,c,n,b,t,?,k,k,p,p,p,w,o,e,w,v,d
e,f,s,n,f,n,a,c,b,o,e,?,s,s,o,o,p,o,o,p,o,v,l
e,x,f,g,f,n,f,w,b,w,e,?,s,k,w,w,p,w,t,p,w,n,g
p,k,s,n,f,f,f,c,n,b,t,?,s,k,w,w,p,w,o,e,w,v,p
e,x,f,w,f,n,f,w,b,p,e,?,s,k,w,w,p,w,t,p,w,n,g
e,f,y,p,t,n,f,c,b,w,e,b,s,s,w,w,p,w,t,p,w,v,p
p,k,y,e,f,f,f,c,n,b,t,?,s,s,p,w,p,w,o,e,w,v,l
e,k,f,g,f,n,f,w,b,w,e,?,s,k,w,w,p,w,t,p,w,n,g
e,k,s,n,f,n,a,c,b,o,e,?,s,s,o,o,p,o,o,p,y,c,l
p,k,s,n,f,f,f,c,n,b,t,?,k,k,p,w,p,w,o,e,w,v,d
p,k,s,n,f,y,f,c,n,b,t,?,s,k,w,w,p,w,o,e,w,v,l
p,k,s,e,f,s,f,c,n,b,t,?,s,k,w,p,p,w,o,e,w,v,p
p,k,y,n,f,s,f,c,n,b,t,?,s,k,p,p,p,w,o,e,w,v,d
e,k,s,n,f,n,a,c,b,o,e,?,s,s,o,o,p,n,o,p,o,c,l
p,k,y,n,f,s,f,c,n,b,t,?,k,s,w,w,p,w,o,e,w,v,p
e,k,f,w,f,n,f,w,b,p,e,?,s,k,w,w,p,w,t,p,w,s,g
p,k,y,e,f,f,f,c,n,b,t,?,k,k,p,w,p,w,o,e,w,v,p
e,f,s,n,f,n,f,c,b,w,e,b,y,y,n,n,p,w,t,p,w,y,p
p,k,s,e,f,s,f,c,n,b,t,?,s,k,p,w,p,w,o,e,w,v,p
e,x,f,g,f,n,f,w,b,w,e,?,k,k,w,w,p,w,t,p,w,s,g
p,k,y,e,f,f,f,c,n,b,t,?,s,s,p,w,p,w,o,e,w,v,d
p,k,y,e,f,y,f,c,n,b,t,?,k,s,w,w,p,w,o,e,w,v,d
p,k,s,n,f,f,f,c,n,b,t,?,s,s,w,p,p,w,o,e,w,v,l
e,b,s,n,f,n,a,c,b,n,e,?,s,s,o,o,p,n,o,p,o,c,l
e,k,s,w,f,n,f,w,b,w,e,?,s,s,w,w,p,w,t,p,w,n,g
e,b,s,n,f,n,a,c,b,y,e,?,s,s,o,o,p,o,o,p,o,c,l
e,f,y,g,t,n,f,c,b,w,e,b,s,s,w,w,p,w,t,p,w,y,p
p,k,y,e,f,m,a,c,b,w,e,c,k,y,c,c,p,w,n,n,w,c,d
p,x,y,e,f,y,f,c,n,b,t,?,s,s,w,p,p,w,o,e,w,v,d
p,k,y,n,f,f,f,c,n,b,t,?,k,s,p,w,p,w,o,e,w,v,p
e,k,s,n,f,n,a,c,b,y,e,?,s,s,o,o,p,o,o,p,y,v,l
e,k,s,n,f,n,a,c,b,n,e,?,s,s,o,o,p,o,o,p,o,c,l
e,x,y,c,t,n,f,c,b,w,e,b,s,s,w,w,p,w,t,p,w,v,p
p,k,s,e,f,s,f,c,n,b,t,?,k,s,w,p,p,w,o,e,w,v,l
p,k,y,n,f,y,f,c,n,b,t,?,s,k,p,p,p,w,o,e,w,v,l
p,k,s,e,f,s,f,c,n,b,t,?,s,s,p,w,p,w,o,e,w,v,l
p,k,y,n,f,y,f,c,n,b,t,?,s,k,w,p,p,w,o,e,w,v,d
p,k,y,e,f,f,f,c,n,b,t,?,k,s,w,p,p,w,o,e,w,v,p
e,f,s,c,t,n,f,c,b,w,e,b,s,s,w,w,p,w,t,p,w,v,p
e,x,s,n,f,n,a,c,b,o,e,?,s,s,o,o,p,n,o,p,n,c,l
e,b,f,w,f,n,f,w,b,w,e,?,s,k,w,w,p,w,t,p,w,n,g
e,k,f,g,f,n,f,w,b,g,e,?,s,k,w,w,p,w,t,p,w,s,g
e,f,s,n,f,n,a,c,b,y,e,?,s,s,o,o,p,o,o,p,o,c,l
e,k,s,n,f,n,a,c,b,n,e,?,s,s,o,o,p,n,o,p,o,c,l
e,k,f,w,f,n,f,w,b,g,e,?,s,s,w,w,p,w,t,p,w,n,g
p,k,y,e,f,f,f,c,n,b,t,?,k,s,w,p,p,w,o,e,w,v,l
e,b,f,w,f,n,f,w,b,g,e,?,k,k,w,w,p,w,t,p,w,s,g
p,k,y,n,f,y,f,c,n,b,t,?,s,s,w,p,p,w,o,e,w,v,p
p,k,y,e,f,y,f,c,n,b,t,?,k,k,w,p,p,w,o,e,w,v,d
p,k,y,n,f,f,f,c,n,b,t,?,s,k,w,p,p,w,o,e,w,v,d
e,x,s,n,f,n,a,c,b,o,e,?,s,s,o,o,p,n,o,p,y,v,l
e,x,y,n,t,n,f,c,b,w,e,b,s,s,w,w,p,w,t,p,w,y,p
e,b,s,w,f,n,f,w,b,p,e,?,s,k,w,w,p,w,t,p,w,n,g
p,f,y,n,f,f,f,c,n,b,t,?,k,s,w,p,p,w,o,e,w,v,d
p,k,s,n,f,f,f,c,n,b,t,?,s,k,p,w,p,w,o,e,w,v,l
p,k,s,e,f,y,f,c,n,b,t,?,s,k,p,w,p,w,o,e,w,v,p
e,x,s,n,f,n,a,c,b,o,e,?,s,s,o,o,p,n,o,p,y,c,l
e,x,s,n,f,n,a,c,b,y,e,?,s,s,o,o,p,n,o,p,n,v,l
e,b,s,w,f,n,f,w,b,w,e,?,s,s,w,w,p,w,t,p,w,s,g
p,x,y,e,f,f,f,c,n,b,t,?,s,s,p,p,p,w,o,e,w,v,p
e,b,f,w,f,n,f,w,b,w,e,?,k,s,w,w,p,w,t,p,w,s,g
e,b,f,w,f,n,f,w,b,g,e,?,s,k,w,w,p,w,t,p,w,n,g
e,b,f,w,f,n,f,w,b,g,e,?,k,s,w,w,p,w,t,p,w,n,g
e,k,s,n,f,n,a,c,b,o,e,?,s,s,o,o,p,o,o,p,o,v,l
p,k,y,e,f,s,f,c,n,b,t,?,s,k,p,w,p,w,o,e,w,v,p
e,k,s,n,f,n,a,c,b,y,e,?,s,s,o,o,p,n,o,p,o,v,l
p,k,s,e,f,f,f,c,n,b,t,?,k,s,w,w,p,w,o,e,w,v,d
p,k,y,c,f,m,a,c,b,y,e,c,k,y,c,c,p,w,n,n,w,c,d
p,k,s,n,f,y,f,c,n,b,t,?,s,s,p,p,p,w,o,e,w,v,d
e,x,s,g,f,n,f,w,b,g,e,?,s,k,w,w,p,w,t,p,w,n,g
e,f,s,n,f,n,f,c,b,w,e,b,y,y,n,n,p,w,t,p,w,y,d
e,k,s,n,f,n,a,c,b,y,e,?,s,s,o,o,p,n,o,p,y,c,l
e,b,y,n,f,n,f,c,b,w,e,b,y,y,n,n,p,w,t,p,w,y,p
p,x,s,n,f,f,f,c,n,b,t,?,k,k,p,p,p,w,o,e,w,v,l
e,b,s,n,f,n,a,c,b,o,e,?,s,s,o,o,p,o,o,p,b,c,l
p,f,s,n,f,y,f,c,n,b,t,?,k,k,w,w,p,w,o,e,w,v,p
p,k,y,n,f,f,f,c,n,b,t,?,k,s,p,p,p,w,o,e,w,v,p
e,k,s,g,f,n,f,w,b,w,e,?,k,s,w,w,p,w,t,p,w,n,g
p,k,y,n,f,f,f,c,n,b,t,?,s,k,w,w,p,w,o,e,w,v,l
e,k,f,g,f,n,f,w,b,g,e,?,k,s,w,w,p,w,t,p,w,s,g
e,x,s,n,f,n,a,c,b,y,e,?,s,s,o,o,p,n,o,p,o,c,l
p,k,s,e,f,y,f,c,n,b,t,?,s,k,w,w,p,w,o,e,w,v,p
e,f,s,n,f,n,a,c,b,o,e,?,s,s,o,o,p,n,o,p,y,v,l
p,k,s,n,f,y,f,c,n,b,t,?,k,k,p,p,p,w,o,e,w,v,l
p,k,y,n,f,s,f,c,n,b,t,?,s,s,p,p,p,w,o,e,w,v,p
e,k,s,n,f,n,a,c,b,n,e,?,s,s,o,o,p,n,o,p,n,v,l
e,b,s,n,f,n,a,c,b,n,e,?,s,s,o,o,p,o,o,p,n,c,l
e,x,y,n,f,n,f,c,b,w,e,b,y,y,n,n,p,w,t,p,w,y,p
e,x,s,w,f,n,f,w,b,w,e,?,k,s,w,w,p,w,t,p,w,s,g
e,f,s,n,f,n,a,c,b,n,e,?,s,s,o,o,p,n,o,p,o,v,l
p,f,s,n,f,f,f,c,n,b,t,?,s,k,w,p,p,w,o,e,w,v,p
p,x,y,e,f,s,f,c,n,b,t,?,s,s,w,p,p,w,o,e,w,v,d
p,k,y,e,f,y,f,c,n,b,t,?,s,k,w,p,p,w,o,e,w,v,p
p,k,s,e,f,f,f,c,n,b,t,?,s,k,p,w,p,w,o,e,w,v,d
p,k,s,e,f,f,f,c,n,b,t,?,k,k,p,w,p,w,o,e,w,v,p
e,b,s,n,f,n,a,c,b,o,e,?,s,s,o,o,p,n,o,p,n,v,l
e,x,s,n,f,n,a,c,b,y,e,?,s,s,o,o,p,n,o,p,y,v,l
e,f,s,n,f,n,a,c,b,o,e,?,s,s,o,o,p,o,o,p,y,v,l
p,k,s,n,f,s,f,c,n,b,t,?,s,s,w,w,p,w,o,e,w,v,l
e,b,s,n,f,n,a,c,b,n,e,?,s,s,o,o,p,o,o,p,b,v,l
e,k,s,g,f,n,f,w,b,w,e,?,s,s,w,w,p,w,t,p,w,s,g
e,k,f,w,f,n,f,w,b,p,e,?,k,k,w,w,p,w,t,p,w,s,g
p,k,s,e,f,s,f,c,n,b,t,?,k,s,p,p,p,w,o,e,w,v,p
e,b,f,w,f,n,f,w,b,g,e,?,k,k,w,w,p,w,t,p,w,n,g
e,x,s,w,f,n,f,w,b,w,e,?,s,k,w,w,p,w,t,p,w,s,g
e,b,f,w,f,n,f,w,b,p,e,?,s,k,w,w,p,w,t,p,w,s,g
p,k,y,n,f,y,f,c,n,b,t,?,s,s,p,p,p,w,o,e,w,v,d
p,f,s,n,f,y,f,c,n,b,t,?,k,s,p,w,p,w,o,e,w,v,l
p,f,y,e,f,y,f,c,n,b,t,?,k,k,p,p,p,w,o,e,w,v,p
p,k,s,e,f,y,f,c,n,b,t,?,s,k,w,p,p,w,o,e,w,v,p
p,k,y,n,f,f,f,c,n,b,t,?,k,s,p,p,p,w,o,e,w,v,d
e,x,s,n,f,n,a,c,b,y,e,?,s,s,o,o,p,n,o,p,y,c,l
e,f,s,n,f,n,a,c,b,y,e,?,s,s,o,o,p,n,o,p,n,v,l
p,k,y,n,f,f,f,c,n,b,t,?,k,s,p,p,p,w,o,e,w,v,l
p,k,s,n,f,f,f,c,n,b,t,?,s,s,p,w,p,w,o,e,w,v,l
e,x,f,g,f,n,f,w,b,g,e,?,s,s,w,w,p,w,t,p,w,n,g
e,k,s,w,f,n,f,w,b,w,e,?,s,k,w,w,p,w,t,p,w,s,g
p,k,y,e,f,f,f,c,n,b,t,?,s,k,p,p,p,w,o,e,w,v,p
p,x,s,n,f,f,f,c,n,b,t,?,s,s,w,w,p,w,o,e,w,v,d
p,k,y,n,f,f,f,c,n,b,t,?,s,s,p,w,p,w,o,e,w,v,l
e,k,s,n,f,n,a,c,b,n,e,?,s,s,o,o,p,o,o,p,b,c,l
e,b,f,w,f,n,f,w,b,p,e,?,k,s,w,w,p,w,t,p,w,n,g
e,k,s,n,f,n,a,c,b,n,e,?,s,s,o,o,p,n,o,p,b,v,l
p,k,y,e,f,y,f,c,n,b,t,?,k,k,p,w,p,w,o,e,w,v,d
e,x,y,g,t,n,f,c,b,w,e,b,s,s,w,w,p,w,t,p,w,y,p
p,k,s,e,f,f,f,c,n,b,t,?,s,k,w,w,p,w,o,e,w,v,l
e,b,s,n,f,n,a,c,b,n,e,?,s,s,o,o,p,o,o,p,y,v,l
p,k,y,e,f,y,f,c,n,b,t,?,k,s,p,w,p,w,o,e,w,v,p
e,x,s,n,f,n,a,c,b,y,e,?,s,s,o,o,p,o,o,p,b,c,l
e,f,s,n,f,n,a,c,b,n,e,?,s,s,o,o,p,n,o,p,b,v,l
e,f,s,n,f,n,a,c,b,n,e,?,s,s,o,o,p,n,o,p,y,c,l
p,k,y,e,f,y,f,c,n,b,t,?,k,s,w,p,p,w,o,e,w,v,p
e,b,f,g,f,n,f,w,b,g,e,?,k,s,w,w,p,w,t,p,w,n,g
p,k,s,e,f,y,f,c,n,b,t,?,s,k,p,w,p,w,o,e,w,v,d
p,k,s,n,f,y,f,c,n,b,t,?,s,k,w,p,p,w,o,e,w,v,d
p,k,y,n,f,f,f,c,n,b,t,?,k,s,w,w,p,w,o,e,w,v,l
p,k,s,n,f,s,f,c,n,b,t,?,s,k,w,p,p,w,o,e,w,v,d
e,x,f,w,f,n,f,w,b,w,e,?,s,k,w,w,p,w,t,p,w,s,g
e,f,s,n,f,n,a,c,b,y,e,?,s,s,o,o,p,n,o,p,o,v,l
p,k,y,n,f,f,f,c,n,b,t,?,k,k,w,p,p,w,o,e,w,v,d
e,x,s,n,f,n,a,c,b,n,e,?,s,s,o,o,p,n,o,p,n,v,l
e,b,f,g,f,n,f,w,b,w,e,?,k,s,w,w,p,w,t,p,w,n,g
e,b,s,n,f,n,a,c,b,o,e,?,s,s,o,o,p,o,o,p,y,v,l
e,x,s,n,f,n,a,c,b,o,e,?,s,s,o,o,p,n,o,p,o,v,l
p,k,s,e,f,s,f,c,n,b,t,?,s,k,w,p,p,w,o,e,w,v,l
p,k,s,n,f,f,f,c,n,b,t,?,s,s,w,p,p,w,o,e,w,v,p
p,k,s,n,f,s,f,c,n,b,t,?,k,s,p,p,p,w,o,e,w,v,d
p,k,s,n,f,s,f,c,n,b,t,?,k,k,p,p,p,w,o,e,w,v,p
p,k,y,n,f,y,f,c,n,b,t,?,s,k,p,w,p,w,o,e,w,v,l
e,k,f,w,f,n,f,w,b,w,e,?,k,s,w,w,p,w,t,p,w,s,g
p,k,y,e,f,f,f,c,n,b,t,?,s,s,p,p,p,w,o,e,w,v,l
e,k,s,n,f,n,a,c,b,y,e,?,s,s,o,o,p,o,o,p,b,v,l
p,k,s,e,f,f,f,c,n,b,t,?,k,k,w,w,p,w,o,e,w,v,p
e,b,s,n,f,n,a,c,b,n,e,?,s,s,o,o,p,o,o,p,b,c,l
e,f,s,n,f,n,a,c,b,o,e,?,s,s,o,o,p,o,o,p,b,c,l
e,k,s,n,f,n,a,c,b,n,e,?,s,s,o,o,p,n,o,p,n,c,l
p,k,y,e,f,s,f,c,n,b,t,?,k,k,w,w,p,w,o,e,w,v,l
e,k,s,n,f,n,a,c,b,n,e,?,s,s,o,o,p,o,o,p,y,v,l
p,k,y,e,f,f,f,c,n,b,t,?,k,k,w,w,p,w,o,e,w,v,p
e,k,s,n,f,n,a,c,b,n,e,?,s,s,o,o,p,n,o,p,y,v,l
e,b,f,g,f,n,f,w,b,w,e,?,k,k,w,w,p,w,t,p,w,n,g
e,f,s,n,f,n,a,c,b,o,e,?,s,s,o,o,p,o,o,p,o,c,l
e,b,s,n,f,n,a,c,b,o,e,?,s,s,o,o,p,n,o,p,y,c,l
e,f,s,n,f,n,a,c,b,o,e,?,s,s,o,o,p,n,o,p,o,v,l
e,b,f,g,f,n,f,w,b,g,e,?,s,s,w,w,p,w,t,p,w,s,g
p,k,y,e,f,f,f,c,n,b,t,?,s,s,w,w,p,w,o,e,w,v,l
p,k,s,n,f,s,f,c,n,b,t,?,s,k,p,w,p,w,o,e,w,v,d
p,k,y,n,f,f,f,c,n,b,t,?,k,s,w,w,p,w,o,e,w,v,p
p,k,s,e,f,s,f,c,n,b,t,?,k,k,p,p,p,w,o,e,w,v,p
p,k,y,n,f,y,f,c,n,b,t,?,s,s,w,w,p,w,o,e,w,v,l
e,b,f,g,f,n,f,w,b,p,e,?,k,k,w,w,p,w,t,p,w,s,g
e,k,f,w,f,n,f,w,b,g,e,?,s,k,w,w,p,w,t,p,w,s,g
e,k,s,n,f,n,a,c,b,n,e,?,s,s,o,o,p,n,o,p,o,v,l
p,x,s,e,f,f,f,c,n,b,t,?,k,s,w,p,p,w,o,e,w,v,p
e,k,s,n,f,n,a,c,b,n,e,?,s,s,o,o,p,o,o,p,n,v,l
p,k,y,e,f,f,f,c,n,b,t,?,k,k,w,p,p,w,o,e,w,v,d
p,k,s,n,f,f,f,c,n,b,t,?,k,s,p,p,p,w,o,e,w,v,d
p,k,y,e,f,f,f,c,n,b,t,?,s,k,w,w,p,w,o,e,w,v,p
p,k,y,e,f,y,f,c,n,b,t,?,s,s,p,p,p,w,o,e,w,v,p
p,x,s,n,f,y,f,c,n,b,t,?,k,k,w,w,p,w,o,e,w,v,d
e,b,s,g,f,n,f,w,b,g,e,?,k,s,w,w,p,w,t,p,w,n,g
p,x,y,c,f,m,f,c,b,y,e,c,k,y,c,c,p,w,n,n,w,c,d
e,k,f,w,f,n,f,w,b,w,e,?,k,s,w,w,p,w,t,p,w,n,g
p,k,y,n,f,s,f,c,n,b,t,?,k,k,p,p,p,w,o,e,w,v,l
p,k,s,e,f,y,f,c,n,b,t,?,k,k,w,p,p,w,o,e,w,v,d
e,k,f,w,f,n,f,w,b,w,e,?,k,k,w,w,p,w,t,p,w,s,g
e,f,s,n,f,n,a,c,b,o,e,?,s,s,o,o,p,n,o,p,b,v,l
p,k,s,e,f,s,f,c,n,b,t,?,s,s,p,w,p,w,o,e,w,v,p
e,x,s,n,f,n,a,c,b,y,e,?,s,s,o,o,p,n,o,p,n,c,l
e,k,s,n,f,n,a,c,b,y,e,?,s,s,o,o,p,n,o,p,o,c,l
e,k,s,n,f,n,a,c,b,y,e,?,s,s,o,o,p,o,o,p,n,v,l
e,k,s,n,f,n,a,c,b,y,e,?,s,s,o,o,p,n,o,p,y,v,l
e,k,s,n,f,n,a,c,b,o,e,?,s,s,o,o,p,o,o,p,n,v,l
e,x,s,n,f,n,a,c,b,y,e,?,s,s,o,o,p,o,o,p,n,c,l
p,k,y,e,f,y,f,c,n,b,t,?,k,s,p,w,p,w,o,e,w,v,l
e,b,s,w,f,n,f,w,b,w,e,?,s,s,w,w,p,w,t,p,w,n,g
e,x,s,n,f,n,a,c,b,o,e,?,s,s,o,o,p,o,o,p,n,v,l
e,k,s,w,f,n,f,w,b,p,e,?,s,s,w,w,p,w,t,p,w,n,g
e,k,s,n,f,n,a,c,b,o,e,?,s,s,o,o,p,n,o,p,b,v,l
p,k,y,e,f,y,f,c,n,b,t,?,k,k,p,p,p,w,o,e,w,v,d
p,f,y,c,f,m,a,c,b,y,e,c,k,y,c,c,p,w,n,n,w,c,d
e,x,s,n,f,n,a,c,b,y,e,?,s,s,o,o,p,o,o,p,o,v,l
p,k,y,n,f,s,f,c,n,b,t,?,s,k,p,w,p,w,o,e,w,v,l
p,k,s,e,f,y,f,c,n,b,t,?,k,s,p,w,p,w,o,e,w,v,d
p,k,y,n,f,f,f,c,n,b,t,?,k,s,p,w,p,w,o,e,w,v,d
e,k,s,n,f,n,a,c,b,y,e,?,s,s,o,o,p,o,o,p,b,c,l
e,x,s,n,f,n,a,c,b,y,e,?,s,s,o,o,p,n,o,p,b,v,l
e,f,s,n,f,n,a,c,b,n,e,?,s,s,o,o,p,o,o,p,b,c,l
p,k,y,n,f,y,f,c,n,b,t,?,s,k,w,w,p,w,o,e,w,v,l
e,x,s,n,f,n,a,c,b,y,e,?,s,s,o,o,p,o,o,p,o,c,l
e,f,s,n,f,n,f,w,b,h,t,e,f,s,w,w,,w,o,e,n,s,g
p,f,f,g,f,f,f,c,b,w,e,b,k,k,n,n,,w,o,l,u,v,p
p,x,y,w,t,f,f,c,b,h,t,b,s,s,w,w,,w,o,p,h,y,u
e,x,f,n,f,n,f,w,b,k,t,e,f,f,w,w,,w,o,e,n,a,g
e,f,s,n,f,n,f,w,b,h,t,e,s,s,p,w,,w,o,e,n,a,g
e,b,y,y,t,l,f,c,b,k,e,c,s,s,w,w,,w,o,p,k,n,m
e,f,f,e,t,n,f,c,b,w,t,b,s,s,w,w,,w,o,p,k,y,d
p,f,s,n,f,f,f,c,n,b,t,?,k,k,p,w,,w,o,e,w,v,d
e,f,y,n,t,n,f,c,b,w,t,b,s,s,w,w,,w,o,p,n,y,d
e,b,s,c,f,n,f,w,b,w,e,?,k,s,w,w,,w,t,p,w,n,g
e,f,y,c,f,a,f,c,b,p,e,b,s,s,w,w,,w,o,p,k,y,p
p,f,s,e,f,f,f,c,n,b,t,?,s,s,w,p,,w,o,e,w,v,p
e,x,y,y,t,a,f,c,b,w,e,c,s,s,e,w,,w,o,p,k,s,m
e,x,s,p,t,n,f,c,b,w,e,?,s,s,w,e,,w,t,e,w,c,w
e,f,y,n,f,n,f,c,n,w,e,?,s,s,w,w,,w,o,p,w,y,l
p,f,y,e,f,y,f,c,n,b,t,?,k,k,p,p,,w,o,e,w,v,p
p,x,s,e,f,s,f,c,n,b,t,?,s,s,p,w,,w,o,e,w,v,p
p,x,y,y,f,f,f,c,b,h,e,b,k,k,n,p,,w,o,l,h,v,d
p,f,y,g,t,f,f,c,b,p,t,b,s,s,w,w,,w,o,p,h,y,u
p,f,f,w,f,n,f,w,b,e,e,?,y,s,w,w,,w,t,e,w,a,g
p,x,y,n,f,f,f,c,n,b,t,?,k,k,p,p,,w,o,e,w,v,l
e,x,y,w,t,a,f,c,b,w,e,c,s,s,w,w,,w,o,p,n,s,m
p,x,f,c,t,f,f,c,b,g,e,b,f,y,w,e,,w,o,f,h,v,u
p,x,f,y,f,f,f,c,b,g,e,b,k,k,p,b,,w,o,l,h,v,g
e,f,y,y,t,l,f,c,b,p,e,r,s,y,w,w,,w,o,p,k,y,g
p,k,y,n,f,f,f,c,n,b,t,?,k,k,w,p,,w,o,e,w,v,d
e,x,y,n,t,n,f,c,b,n,t,b,s,s,w,p,,w,o,p,n,y,d
p,x,s,n,f,f,f,c,n,b,t,?,k,k,p,w,,w,o,e,w,v,d
e,f,f,w,t,l,f,c,b,p,e,b,s,s,c,g,,w,o,p,k,y,d
e,f,f,g,f,n,f,w,b,p,t,e,f,f,w,w,,w,o,e,n,a,g
e,s,y,n,t,n,f,c,n,u,e,?,f,k,w,y,,w,t,l,h,v,w
e,b,s,w,t,a,f,c,b,n,e,c,s,s,w,w,,w,o,p,k,s,m
e,f,y,n,t,n,f,c,b,u,t,b,s,s,w,w,,w,o,p,n,y,d
e,f,f,y,t,l,f,w,n,n,t,b,f,f,p,p,,w,o,e,k,v,d
e,f,f,n,t,n,f,c,b,w,t,b,s,s,w,p,,w,o,p,n,v,d
e,f,y,n,t,n,f,w,b,p,e,r,s,y,y,g,,y,n,p,n,s,d
e,k,s,w,f,n,a,c,b,g,e,?,s,k,o,o,,o,o,p,w,c,l
p,f,f,g,t,f,f,c,b,p,t,b,s,s,p,w,,w,t,p,h,v,m
e,f,s,w,f,n,f,w,b,n,t,e,s,f,p,w,,w,o,e,n,a,g
e,f,y,n,t,a,f,c,b,p,e,b,s,s,n,p,,w,o,p,n,y,d
e,f,y,n,t,a,f,c,b,p,e,b,s,s,w,w,,w,o,p,n,y,d
e,f,y,e,t,n,f,c,b,n,t,b,s,s,g,w,,w,o,p,k,y,d
p,f,f,b,t,f,f,c,b,p,t,b,f,s,p,w,,w,o,p,h,y,g
p,f,y,y,f,f,f,c,b,h,e,b,k,k,b,p,,w,o,l,h,y,d
p,x,f,g,f,f,f,c,b,h,e,b,k,k,n,n,,w,o,l,h,y,d
p,f,f,g,f,f,f,c,b,p,e,b,k,k,n,n,,w,o,l,h,s,g
p,x,y,y,f,f,f,c,b,g,e,b,k,k,b,n,,w,o,l,h,v,d
p,x,y,w,t,n,a,c,b,k,e,c,s,f,o,o,,o,o,p,n,c,w
e,f,y,e,t,n,f,c,n,p,t,b,s,s,w,w,,w,o,p,k,v,d
p,k,y,n,f,f,f,c,n,b,t,?,k,s,w,w,,w,o,e,w,v,p
e,f,f,b,t,n,f,c,n,g,e,b,k,f,e,p,,w,o,l,h,v,d
e,f,f,e,t,n,f,c,b,u,t,b,s,s,p,p,,w,o,p,n,v,d
e,f,y,p,t,n,f,c,b,w,e,?,s,s,w,w,,w,t,e,w,v,w
e,x,y,g,t,n,f,c,b,u,t,b,s,s,w,g,,w,o,p,n,y,d
e,f,y,n,t,n,f,c,b,n,t,b,s,s,g,p,,w,o,p,n,y,d
p,f,s,n,f,s,f,c,n,b,t,?,s,s,w,w,,w,o,e,w,v,l
e,x,y,g,t,n,f,c,b,w,t,b,s,s,p,p,,w,o,p,n,v,d
e,f,y,n,t,n,f,c,b,w,t,b,s,s,g,p,,w,o,p,k,v,d
e,f,f,g,t,n,f,c,b,n,t,b,s,s,g,p,,w,o,p,k,y,d
p,k,y,n,f,f,f,c,n,b,t,?,k,s,p,p,,w,o,e,w,v,d
e,x,f,e,t,n,f,c,b,w,t,b,s,s,g,p,,w,o,p,n,y,d
e,f,s,g,f,n,f,w,b,h,t,e,f,s,w,w,,w,o,e,k,a,g
p,f,s,g,f,f,f,c,b,p,e,b,k,k,n,b,,w,o,l,h,s,d
p,k,y,e,f,y,f,c,n,b,t,?,k,s,w,w,,w,o,e,w,v,l
p,f,y,e,f,s,f,c,n,b,t,?,k,s,w,w,,w,o,e,w,v,l
p,x,y,n,f,s,f,c,n,b,t,?,k,s,p,w,,w,o,e,w,v,d
e,k,f,n,t,n,f,w,b,p,t,e,s,s,w,g,,w,o,p,n,a,d
p,f,f,g,f,f,f,c,b,h,e,b,k,k,b,p,,w,o,l,h,v,p
e,x,s,g,f,n,f,w,b,k,t,e,s,s,p,w,,w,o,e,n,s,g
p,k,s,n,f,n,f,c,b,g,e,?,k,s,w,w,,w,o,e,w,c,p
e,f,y,e,t,n,f,c,b,n,t,b,s,s,w,w,,w,o,p,n,v,d
e,x,f,g,t,n,f,c,b,n,t,b,s,s,w,w,,w,o,p,n,v,d
e,b,f,w,t,a,f,c,b,g,e,b,s,s,n,p,,w,o,p,n,y,d
p,k,s,n,f,y,f,c,n,b,t,?,s,k,p,p,,w,o,e,w,v,l
e,s,f,g,f,n,f,c,n,k,e,e,s,s,w,w,,w,o,p,n,y,u
e,x,s,g,f,n,f,w,b,n,t,e,s,f,w,w,,w,o,e,n,a,g
e,f,y,e,t,n,f,c,b,p,t,b,s,s,w,w,,w,o,p,k,v,d
e,f,f,g,t,n,f,c,b,w,t,b,s,s,w,w,,w,o,p,n,v,d
e,x,s,g,f,n,f,w,b,n,t,e,s,s,w,w,,w,o,e,k,a,g
e,f,f,n,f,n,f,w,b,k,t,e,f,f,p,w,,w,o,e,k,a,g
e,f,y,n,f,n,f,w,b,h,t,e,f,f,g,w,,w,o,e,n,s,g
e,x,y,p,f,a,f,w,n,n,t,b,f,s,c,n,,w,o,e,n,v,l
e,f,y,p,t,n,f,w,b,w,e,r,s,y,e,w,,w,o,p,n,s,g
e,x,s,n,f,n,a,c,b,o,e,?,s,s,o,o,,n,o,p,o,c,l
e,x,f,e,t,n,f,c,b,u,t,b,s,s,g,w,,w,o,p,k,v,d
p,x,y,y,f,f,f,c,b,p,e,b,k,k,b,p,,w,o,l,h,y,g
e,x,f,n,f,n,f,c,n,g,e,b,k,k,w,n,,w,o,l,h,v,d
e,f,f,w,f,n,f,w,b,g,e,?,k,s,w,w,,w,t,p,w,n,g
p,f,f,g,f,f,f,c,b,h,e,b,k,k,p,b,,w,o,l,h,y,d
p,f,y,g,f,f,f,c,b,g,e,b,k,k,b,p,,w,o,l,h,v,p
p,x,s,e,f,p,f,c,n,u,e,b,s,f,w,p,,w,o,p,k,s,d
p,f,f,y,f,f,f,c,b,h,e,b,k,k,p,p,,w,o,l,h,s,p
p,x,s,e,f,f,f,c,n,w,t,b,s,y,p,w,,w,o,e,w,s,d
e,f,y,n,t,n,f,c,b,n,t,b,s,s,p,p,,w,o,p,n,y,d
p,f,y,y,f,f,f,c,b,p,e,b,k,k,p,b,,w,o,l,h,y,g
p,f,f,g,f,f,f,c,b,g,e,b,k,k,b,b,,w,o,l,h,y,p
p,f,y,g,f,f,f,c,b,h,e,b,k,k,b,p,,w,o,l,h,v,d
p,x,f,y,f,f,f,c,b,h,e,b,k,k,b,p,,w,o,l,h,y,d
e,s,f,n,f,n,f,c,n,n,e,e,s,s,w,w,,w,o,p,k,y,u
p,x,s,g,f,f,f,c,b,g,e,b,k,k,p,p,,w,o,l,h,s,g
e,x,f,e,t,n,f,c,b,u,t,b,s,s,w,p,,w,o,p,k,v,d
p,f,f,y,f,f,f,c,b,g,e,b,k,k,b,n,,w,o,l,h,y,g
e,x,f,e,t,n,f,c,b,n,t,b,s,s,g,g,,w,o,p,n,y,d
e,x,f,w,f,n,f,w,b,h,t,e,k,s,w,w,,w,o,p,n,s,g
e,x,f,n,t,n,f,c,b,w,t,b,s,s,g,p,,w,o,p,n,y,d
e,f,y,w,t,a,f,c,b,p,e,r,s,y,w,w,,w,o,p,n,y,g
e,x,y,n,f,n,f,c,n,w,e,b,s,s,w,w,,w,o,e,w,v,p
e,x,f,e,t,n,f,c,b,n,t,b,s,s,g,p,,w,o,p,n,v,d
e,f,f,w,f,n,f,w,b,h,t,e,f,f,w,w,,w,o,e,k,a,g
p,f,s,n,f,s,f,c,n,b,t,?,s,s,w,w,,w,o,e,w,v,d
p,f,f,g,t,c,f,c,n,p,e,e,s,s,w,w,,w,o,p,k,s,u
p,x,f,g,f,f,f,c,b,h,e,b,k,k,p,n,,w,o,l,h,s,p
p,x,y,e,f,y,f,c,n,b,t,?,s,s,e,n,,w,o,e,w,v,d
p,x,s,n,t,c,f,c,n,p,e,e,s,s,w,w,,w,o,p,k,v,u
p,k,s,n,f,y,f,c,n,b,t,?,s,s,p,w,,w,o,e,w,v,l
e,x,f,g,t,n,f,c,b,n,t,b,s,s,w,w,,w,o,p,n,v,d
p,f,s,g,t,f,f,c,b,h,t,b,s,s,w,w,,w,o,p,h,v,g
e,x,y,g,t,n,f,c,b,w,t,b,s,s,g,g,,w,o,p,n,v,d
p,f,s,g,f,f,f,c,b,h,e,b,k,k,n,n,,w,o,l,h,y,d
e,x,f,n,t,n,f,c,b,u,t,b,s,s,p,g,,w,o,p,n,v,d
p,f,f,g,f,f,f,c,b,g,e,b,k,k,n,n,,w,o,l,h,v,g
e,x,s,y,t,a,f,c,b,n,e,c,s,s,w,w,,w,o,p,n,n,g
p,f,y,g,t,f,f,c,b,w,t,b,s,s,w,w,,w,o,p,h,y,g
p,f,f,g,f,f,f,c,b,g,e,b,k,k,n,p,,w,o,l,h,v,p
e,x,s,w,t,l,f,c,b,k,e,c,s,s,w,w,,w,o,p,n,s,g
e,f,f,g,f,n,f,w,b,h,t,e,s,f,w,w,,w,o,e,k,s,g
p,x,f,y,f,f,f,c,b,h,e,b,k,k,b,p,,w,o,l,h,v,d
p,f,s,g,t,c,f,c,n,k,e,e,s,s,w,w,,w,o,p,k,v,u
p,x,y,y,f,f,f,c,b,g,e,b,k,k,n,n,,w,o,l,h,y,g
e,f,s,g,f,n,f,w,b,n,t,e,s,f,w,w,,w,o,e,k,s,g
p,f,f,w,t,p,f,c,n,k,e,e,s,s,w,w,,w,o,p,k,s,u
e,f,s,y,f,l,a,c,b,o,e,?,s,s,o,o,,o,o,p,n,s,l
p,x,s,y,f,f,f,c,b,g,e,b,k,k,p,b,,w,o,l,h,v,d
p,f,y,b,t,f,f,c,b,w,t,b,s,f,w,w,,w,o,p,h,v,g
p,x,f,y,f,f,f,c,b,p,e,b,k,k,b,b,,w,o,l,h,v,g
p,f,s,n,f,s,f,c,n,b,t,?,s,k,p,p,,w,o,e,w,v,d
e,f,s,g,f,n,f,w,b,k,t,e,s,s,p,w,,w,o,e,n,a,g
e,x,s,n,f,n,f,w,b,p,t,e,s,s,g,w,,w,o,e,n,s,g
p,x,f,w,t,f,f,c,b,h,t,b,s,s,p,w,,w,o,p,h,v,g
p,f,f,n,t,p,f,c,n,n,e,e,f,s,w,w,,w,o,p,n,v,u
e,x,s,y,t,l,f,c,b,w,e,c,s,s,w,w,,w,o,p,k,s,m
e,b,y,y,t,l,f,c,b,g,e,c,s,s,w,w,,w,o,p,k,s,m
e,b,s,g,f,n,f,w,b,p,e,?,s,s,e,w,,w,t,p,w,n,g
p,k,y,n,f,f,f,c,n,b,t,?,k,k,p,w,,w,o,e,w,v,l
e,s,s,n,f,n,f,c,n,g,e,e,s,s,w,w,,w,o,p,k,v,u
p,k,y,n,f,f,f,c,n,b,t,?,s,k,w,w,,w,o,e,w,v,l
p,x,y,e,f,y,f,c,n,b,t,?,s,s,w,w,,w,o,e,w,v,d
p,f,f,n,t,p,f,c,n,w,e,e,s,s,w,w,,w,o,p,n,v,u
e,f,s,w,f,n,f,w,b,h,t,e,f,f,w,w,,w,o,e,k,a,g
p,k,y,n,f,s,f,c,n,b,t,?,k,k,w,w,,w,o,e,w,v,l
e,x,y,c,f,l,f,w,n,w,t,b,s,s,w,w,,w,o,e,n,v,l
p,k,y,e,f,y,f,c,n,b,t,?,s,k,w,p,,w,o,e,w,v,d
p,f,y,e,f,f,f,c,n,b,t,?,s,k,w,p,,w,o,e,w,v,p
e,x,y,w,f,a,f,w,b,o,e,?,s,k,w,w,,w,t,p,n,c,g
p,f,s,g,f,f,f,c,b,p,e,b,k,k,b,n,,w,o,l,h,v,g
e,x,y,n,t,n,f,c,b,w,t,b,s,s,g,w,,w,o,p,k,y,d
p,x,y,w,t,f,f,c,b,w,t,b,s,s,w,w,,w,o,p,h,v,g
e,x,s,y,t,a,f,c,b,n,e,c,s,s,w,w,,w,o,p,n,s,m
p,x,f,y,f,f,f,c,b,g,e,b,k,k,p,p,,w,o,l,h,v,d
e,x,s,w,f,n,f,w,b,g,e,?,s,s,e,w,,w,t,p,w,n,g
p,f,f,e,f,s,f,c,b,w,t,b,k,y,w,w,,w,o,e,r,y,g
e,f,y,n,t,n,f,c,b,w,t,b,s,f,g,p,,w,o,e,w,v,d
e,x,f,n,t,n,f,c,b,n,t,b,s,s,p,g,,w,o,p,k,y,d
e,x,y,g,t,n,f,c,b,p,t,b,s,s,w,g,,w,o,p,k,v,d
p,f,s,e,f,s,f,c,n,b,t,?,k,s,w,w,,w,o,e,w,v,l
e,x,s,n,f,n,f,w,b,h,t,e,f,s,p,w,,w,o,e,n,s,g
e,x,f,n,t,n,f,c,b,w,t,b,s,s,w,p,,w,o,p,n,v,d
e,x,f,n,t,n,f,c,b,n,t,b,s,s,w,w,,w,o,p,n,v,d
e,f,f,g,f,n,f,w,b,p,t,e,s,f,w,w,,w,o,e,k,s,g
p,x,f,w,t,f,f,c,b,w,t,b,s,s,w,w,,w,o,p,h,v,g
p,x,y,e,f,y,f,c,n,b,t,?,k,s,w,p,,w,o,e,w,v,d
e,f,s,w,t,n,f,c,b,g,e,b,s,s,o,g,,o,o,p,r,v,d
p,f,f,y,f,f,f,c,b,g,e,b,k,k,b,p,,w,o,l,h,y,g
e,x,f,p,t,n,f,c,n,w,e,b,s,s,g,p,,w,o,p,n,v,d
p,x,f,y,f,f,f,c,b,h,e,b,k,k,p,b,,w,o,l,h,v,d
p,x,s,p,t,c,f,c,n,k,e,e,s,s,w,w,,w,o,p,k,s,g
e,k,y,w,f,n,a,c,n,w,e,?,s,s,y,o,,y,o,p,w,v,l
e,x,y,w,t,l,f,c,b,g,e,c,s,s,w,w,,w,o,p,n,s,m
e,b,s,y,t,a,f,c,b,n,e,c,s,s,w,w,,w,o,p,k,s,g
e,f,f,g,f,n,f,c,b,w,t,b,s,f,w,w,,w,o,e,w,v,p
e,x,s,g,f,n,f,w,b,n,t,e,f,f,w,w,,w,o,e,k,a,g
e,k,y,c,f,c,f,w,n,p,t,b,s,f,w,w,,w,o,e,k,v,l
p,k,y,e,f,y,f,c,n,b,t,?,k,s,p,w,,w,o,e,w,v,p
p,x,y,g,t,f,f,c,b,p,t,b,s,s,w,w,,w,o,p,h,y,g
e,f,f,n,t,n,f,c,n,u,e,b,s,s,w,w,,w,o,p,n,v,d
e,k,s,n,f,a,a,c,b,n,e,?,s,s,o,o,,o,o,p,n,n,l
e,f,f,w,f,n,f,w,b,p,t,e,s,f,p,w,,w,o,e,k,s,g
e,f,y,w,t,a,f,w,b,p,e,b,s,s,w,w,,w,o,p,k,v,d
p,x,y,e,f,f,f,c,n,b,t,?,k,k,w,p,,w,o,e,w,v,d
p,k,y,n,f,y,f,c,n,b,t,?,s,s,w,w,,w,o,e,w,v,l
e,f,y,c,f,l,f,w,b,p,e,b,s,s,w,w,,w,o,p,k,v,l
e,x,s,e,t,n,f,c,b,u,t,b,s,s,w,p,,w,o,p,k,v,d
e,f,s,n,f,n,f,w,b,n,t,e,f,f,g,w,,w,o,e,n,a,g
e,x,f,y,t,l,f,c,b,g,e,b,s,s,w,w,,w,o,p,k,y,d
e,k,s,n,f,n,a,c,b,n,e,?,s,s,o,o,,o,o,p,y,c,l
p,f,s,n,f,y,f,c,n,b,t,?,s,k,p,w,,w,o,e,w,v,l
e,b,s,w,t,a,f,c,b,n,e,c,s,s,w,w,,w,o,p,n,s,g
e,f,y,e,t,n,f,c,b,n,t,b,s,s,p,g,,w,o,p,n,v,d
e,f,s,g,f,n,f,w,b,n,t,b,s,f,p,p,,w,o,e,n,v,l
p,k,y,n,f,y,f,c,n,b,t,?,k,s,e,n,,w,o,e,w,v,l
e,x,f,g,f,n,f,w,b,k,t,e,s,f,w,w,,w,o,e,n,s,g
p,x,f,g,f,f,f,c,b,g,e,b,k,k,b,b,,w,o,l,h,y,d
e,x,y,g,f,n,f,w,b,k,t,e,s,f,w,w,,w,o,e,n,s,g
e,f,f,n,f,n,f,w,b,h,t,e,s,f,w,w,,w,o,e,n,s,g
e,x,f,w,f,n,f,w,b,h,t,e,s,f,w,w,,w,o,e,n,a,g
p,x,s,n,f,y,f,c,n,b,t,?,k,k,p,p,,w,o,e,w,v,l
p,x,y,y,f,f,f,c,b,h,e,b,k,k,b,p,,w,o,l,h,v,d
p,x,y,g,f,f,f,c,b,h,e,b,k,k,b,b,,w,o,l,h,y,p
p,f,f,g,f,f,f,c,b,p,e,b,k,k,n,n,,w,o,l,h,y,d
p,f,y,e,f,s,f,c,n,b,t,?,k,s,w,p,,w,o,e,w,v,d
p,x,y,g,f,f,f,c,b,p,e,b,k,k,b,n,,w,o,l,h,y,d
e,x,y,e,t,n,f,c,b,w,t,b,s,s,w,p,,w,o,p,n,y,d
e,f,f,n,t,n,f,c,b,w,t,b,s,s,p,w,,w,o,p,n,v,d
e,x,s,n,f,n,f,w,b,n,t,e,f,s,p,w,,w,o,e,n,s,g
p,k,s,n,f,y,f,c,n,b,t,?,k,k,w,p,,w,o,e,w,v,d
p,f,f,g,f,f,f,c,b,p,e,b,k,k,p,n,,w,o,l,h,y,d
e,f,s,n,t,a,f,w,b,p,e,b,k,s,n,p,,w,o,p,k,v,d
p,f,y,w,t,f,f,c,b,w,t,b,s,s,p,w,,w,o,p,h,v,g
p,k,s,e,f,s,f,c,n,b,t,?,s,k,p,p,,w,o,e,w,v,p
e,b,s,y,t,a,f,c,b,n,e,c,s,s,w,w,,w,o,p,n,s,g
p,x,y,n,f,y,f,c,n,b,t,?,k,k,p,p,,w,o,e,w,v,d
e,f,f,n,f,n,f,w,b,p,t,e,s,s,w,w,,w,o,e,n,s,g
p,k,f,c,f,m,f,c,b,w,e,?,f,y,w,w,,w,o,p,w,n,p
p,k,s,e,f,y,f,c,n,b,t,?,s,k,w,w,,w,o,e,w,v,d
e,f,y,e,t,n,f,c,b,n,t,b,s,s,g,g,,w,o,p,k,v,d
p,f,f,y,f,f,f,c,b,g,e,b,k,k,p,b,,w,o,l,h,v,g
e,x,f,n,t,n,f,c,b,w,t,b,s,s,g,p,,w,o,p,k,y,d
p,x,y,n,f,s,f,c,n,b,t,?,s,k,w,p,,w,o,e,w,v,d
e,b,s,n,t,l,f,c,b,g,e,c,s,s,e,w,,w,o,p,k,n,m
e,x,y,g,f,l,a,w,b,p,e,b,s,s,o,o,,n,o,p,n,v,l
e,f,s,w,t,n,f,c,b,w,e,?,s,s,w,e,,w,t,e,w,c,w
e,f,f,g,f,n,f,w,b,n,t,e,s,f,g,w,,w,o,e,k,s,g
p,x,y,g,f,f,f,c,b,h,e,b,k,k,n,p,,w,o,l,h,v,d
p,f,f,y,f,f,f,c,b,h,e,b,k,k,p,p,,w,o,l,h,y,d
p,f,s,n,f,f,f,c,n,b,t,?,s,s,w,p,,w,o,e,w,v,l
e,f,y,e,t,n,f,c,b,u,t,b,s,s,g,p,,w,o,p,n,v,d
e,x,y,n,t,n,f,c,n,u,e,?,f,f,w,n,,w,t,l,h,v,w
e,f,f,n,f,n,f,w,b,p,t,e,s,f,w,w,,w,o,e,k,a,g
p,k,y,n,f,f,f,c,n,b,t,?,s,s,w,w,,w,o,e,w,v,d
e,k,s,b,f,l,f,w,b,y,e,?,s,k,w,w,,w,t,p,n,c,g
p,x,y,n,f,s,f,c,n,b,t,?,k,k,w,w,,w,o,e,w,v,d
p,f,s,e,f,y,f,c,n,b,t,?,k,s,p,p,,w,o,e,w,v,l
p,f,f,w,t,f,f,c,b,p,t,b,s,f,w,w,,w,o,p,h,v,g
p,k,s,e,f,y,f,c,n,b,t,?,s,k,p,w,,w,o,e,w,v,p
p,f,s,g,f,f,f,c,b,g,e,b,k,k,p,p,,w,o,l,h,s,g
p,f,y,e,f,s,f,c,n,b,t,?,k,s,w,p,,w,o,e,w,v,d
p,k,y,n,f,s,f,c,n,b,t,?,s,s,w,p,,w,o,e,w,v,l
e,f,y,g,t,n,f,c,b,u,t,b,s,s,g,g,,w,o,p,n,v,d
p,f,s,g,f,f,f,c,b,p,e,b,k,k,p,n,,w,o,l,h,s,g
p,f,f,g,t,f,f,c,b,w,t,b,s,s,w,w,,w,o,p,h,v,g
p,f,y,y,f,f,f,c,b,h,e,b,k,k,n,b,,w,o,l,h,y,d
e,x,s,w,t,a,f,c,b,n,e,c,s,s,w,w,,w,o,p,k,s,m
p,k,s,n,f,f,f,c,n,b,t,?,s,k,p,w,,w,o,e,w,v,p
p,k,s,n,f,y,f,c,n,b,t,?,k,s,w,w,,w,o,e,w,v,d
p,x,f,g,f,f,f,c,b,p,e,b,k,k,p,p,,w,o,l,h,v,g
e,x,f,e,t,n,f,c,b,w,t,b,s,s,w,w,,w,t,p,k,y,d
p,f,f,g,f,f,f,c,b,h,e,b,k,k,b,p,,w,o,l,h,v,d
e,f,y,e,t,n,f,c,b,w,t,b,s,s,g,p,,w,o,p,k,y,d
p,x,f,y,f,f,f,c,b,p,e,b,k,k,p,n,,w,o,l,h,v,g
p,x,f,g,t,f,f,c,b,p,t,b,s,f,g,w,,w,o,p,h,v,g
e,x,f,u,f,a,a,w,b,p,e,b,s,s,o,o,,n,o,p,k,v,l
p,f,f,g,f,f,f,c,b,h,e,b,k,k,n,p,,w,o,l,h,v,p
p,x,f,g,f,f,f,c,b,p,e,b,k,k,b,n,,w,o,l,h,v,g
e,f,f,w,f,n,f,w,b,h,t,e,s,f,w,w,,w,o,e,n,a,g
p,x,y,n,f,s,f,c,n,b,t,?,s,k,p,p,,w,o,e,w,v,d
p,k,s,e,f,y,f,c,n,b,t,?,k,k,p,p,,w,o,e,w,v,l
p,f,f,w,t,n,f,w,n,k,e,e,s,s,w,w,,w,o,p,k,s,g
e,x,f,e,t,n,f,c,b,u,t,b,s,s,g,g,,w,o,p,n,v,d
e,f,y,y,t,a,f,c,b,p,e,r,s,y,w,w,,w,o,p,n,s,g
e,f,y,g,t,n,f,c,b,w,t,b,s,s,p,g,,w,o,p,n,y,d
e,x,s,n,t,n,f,c,b,p,t,b,s,s,g,p,,w,o,p,n,v,d
e,f,f,g,t,n,f,c,b,p,t,b,s,s,w,w,,w,o,p,n,v,p
p,k,s,n,f,s,f,c,n,b,t,?,k,k,w,w,,w,o,e,w,v,p
e,x,f,g,t,n,f,c,b,p,t,b,s,s,w,g,,w,o,p,n,v,d
e,x,f,g,t,n,f,c,b,u,t,b,s,s,w,w,,w,o,p,k,v,d
p,x,s,e,t,c,f,w,n,n,e,b,s,f,w,w,,w,o,p,n,s,l
p,f,y,e,f,f,f,c,n,b,t,?,k,s,w,p,,w,o,e,w,v,l
e,x,s,g,f,n,f,w,b,g,e,?,k,s,w,w,,w,t,p,w,s,g
p,x,f,y,f,f,f,c,b,h,e,b,k,k,p,b,,w,o,l,h,v,g
e,k,y,w,f,n,f,c,n,p,e,?,s,s,w,p,,w,o,p,w,y,d
p,f,y,n,f,f,f,c,n,b,t,?,k,s,w,w,,w,o,e,w,v,d
e,f,f,e,t,n,f,c,b,n,t,b,s,s,w,w,,w,o,p,k,y,d
e,x,y,w,t,a,f,c,b,w,e,b,s,s,w,w,,w,o,p,k,y,d
e,f,y,g,t,n,f,c,b,u,t,b,s,s,p,g,,w,o,p,n,y,d
e,x,y,n,t,a,f,c,b,w,e,r,s,y,e,w,,w,o,p,k,y,g
e,x,s,w,f,n,f,w,b,n,t,e,s,s,w,w,,w,o,e,n,a,g
e,x,s,p,t,n,f,c,n,p,e,b,k,y,e,p,,w,o,l,h,v,d
e,b,s,n,t,a,f,c,b,w,e,c,s,s,w,w,,w,o,p,n,s,g
p,k,s,n,f,f,f,c,n,b,t,?,k,k,w,p,,w,o,e,w,v,d
p,k,y,e,f,y,f,c,n,b,t,?,k,s,w,w,,w,o,e,w,v,p
e,f,y,e,t,n,f,c,b,n,t,b,s,s,w,w,,w,o,p,n,v,d
e,x,f,n,t,n,f,c,b,u,t,b,s,s,p,g,,w,o,p,k,y,d
e,x,y,n,t,n,f,c,b,n,t,b,s,s,w,w,,w,o,p,k,y,d
p,x,f,g,t,f,f,c,b,w,t,b,s,s,w,w,,w,o,p,h,y,u
p,x,s,n,f,f,f,c,n,b,t,?,s,k,w,w,,w,o,e,w,v,d
p,f,y,y,f,f,f,c,b,g,e,b,k,k,n,n,,w,t,l,h,y,g
p,f,y,g,f,f,f,c,b,p,e,b,k,k,p,b,,w,o,l,h,y,d
p,k,y,e,f,s,f,c,n,b,t,?,k,k,w,p,,w,o,e,w,v,p
e,f,f,e,t,n,f,c,b,p,t,b,s,s,p,w,,w,o,p,k,y,d
p,k,y,e,f,f,f,c,n,b,t,?,k,s,p,w,,w,o,e,w,v,d
p,x,y,e,f,f,f,c,n,b,t,?,k,s,w,w,,w,o,e,w,v,p
e,b,s,w,t,a,f,c,b,n,e,c,s,s,w,w,,w,o,p,n,n,m
p,k,y,n,f,y,f,c,n,b,t,?,k,s,w,p,,w,o,e,w,v,l
p,x,s,e,f,f,f,c,n,b,t,?,k,k,w,w,,w,o,e,w,v,p
p,k,s,e,f,s,f,c,n,b,t,?,s,k,w,p,,w,o,e,w,v,p
p,f,s,e,f,f,f,c,n,b,t,?,s,k,p,w,,w,o,e,w,v,d
p,x,y,n,f,y,f,c,n,b,t,?,k,k,w,p,,w,o,e,w,v,d
p,f,f,y,f,f,f,c,b,g,e,b,k,k,p,b,,w,o,l,h,v,d
p,k,y,n,f,y,f,c,n,b,t,?,k,s,p,p,,w,o,e,w,v,p
e,x,y,e,t,n,f,c,b,n,t,b,s,s,w,w,,w,o,p,n,y,d
p,x,f,w,t,f,f,c,b,p,t,b,s,s,w,w,,w,o,p,h,y,g
e,x,f,w,t,l,f,c,b,n,t,b,s,f,w,w,,w,o,f,u,y,d
p,x,y,y,f,f,f,c,b,p,e,b,k,k,b,b,,w,o,l,h,v,d
p,f,s,n,f,f,f,c,n,b,t,?,k,s,p,w,,w,o,e,w,v,d
e,b,f,e,f,a,a,c,b,n,e,?,s,k,o,o,,n,o,p,n,n,l
p,f,f,g,t,f,f,c,b,w,t,b,s,s,p,w,,w,o,p,h,y,u
e,f,f,n,t,n,f,c,b,w,t,b,s,s,w,g,,w,o,p,n,y,d
p,f,s,n,t,p,f,c,n,n,e,e,s,s,w,w,,w,o,p,n,v,g
p,f,f,g,t,f,f,c,b,p,t,b,s,s,w,w,,w,o,p,h,v,g
e,f,f,w,f,n,f,w,b,n,e,?,f,f,n,p,,w,t,f,o,s,g
e,b,y,b,t,n,a,w,b,y,e,c,s,k,c,c,,w,o,e,w,s,m
e,f,s,g,f,n,f,w,b,p,t,e,f,f,w,w,,w,o,e,k,s,g
p,x,s,e,f,f,f,c,n,b,t,?,k,s,p,w,,w,o,e,w,v,d
p,f,y,g,f,f,f,c,b,g,e,b,k,k,b,b,,w,o,l,h,y,d
e,x,f,w,t,l,f,c,b,p,e,b,s,s,n,p,,w,o,p,k,y,d
e,x,y,e,t,n,f,c,b,w,t,b,s,s,g,g,,w,o,p,n,v,d
p,x,y,b,t,f,f,c,b,w,t,b,s,f,w,w,,w,o,p,h,v,g
e,f,s,n,f,n,f,w,b,n,t,e,f,s,w,w,,w,o,e,k,s,g
e,x,y,y,t,a,f,c,b,p,e,b,s,s,p,p,,w,o,p,n,y,d
e,x,s,p,t,n,f,c,b,w,e,?,s,s,w,w,,w,t,e,w,c,w
p,f,y,y,f,f,f,c,b,p,e,b,k,k,b,p,,w,o,l,h,v,g
e,x,y,b,t,n,f,w,b,n,e,c,s,s,p,n,,w,t,p,n,n,w
e,f,f,g,t,n,f,w,b,w,t,b,k,s,w,w,,w,o,p,n,v,d
p,x,s,e,f,s,f,c,n,b,t,?,s,s,w,p,,w,o,e,w,v,p
p,f,y,e,f,f,f,c,n,b,t,?,s,k,p,p,,w,o,e,w,v,d
e,x,f,w,f,n,f,c,n,p,e,b,y,f,n,p,,w,o,l,h,v,d
p,f,f,y,f,f,f,c,b,g,e,b,k,k,n,n,,w,o,l,h,v,p
p,x,f,p,t,p,f,w,b,w,t,b,s,k,w,g,,w,o,l,w,y,l
e,x,y,w,t,l,f,c,b,k,e,c,s,s,w,w,,w,o,p,k,n,g
p,x,y,c,f,p,f,c,n,u,e,b,s,s,w,w,,w,o,p,n,v,p
e,x,s,n,f,n,a,c,b,n,e,?,s,s,o,o,,o,o,p,o,c,l
e,f,f,r,f,l,f,c,b,g,e,b,s,s,w,w,,w,o,p,k,y,p
e,x,y,e,t,n,f,c,b,u,t,b,s,s,w,w,,w,o,p,k,y,d
e,f,f,n,t,n,f,c,b,p,t,b,s,s,w,w,,w,o,p,k,y,d
e,x,s,n,f,n,f,w,b,k,t,e,s,f,w,w,,w,o,e,k,a,g
e,f,s,g,t,n,f,c,b,n,t,b,s,s,w,g,,w,o,p,k,v,d
p,f,f,w,f,n,f,c,b,r,e,b,s,s,w,w,,w,o,p,r,v,g
p,x,s,y,f,f,f,c,b,p,e,b,y,f,w,w,,w,o,f,h,v,g
e,f,y,n,t,n,f,c,b,n,t,b,s,s,w,p,,w,o,p,k,y,d
p,x,s,y,f,f,f,c,b,g,e,b,k,k,b,n,,w,o,l,h,s,g
p,x,y,n,f,s,f,c,n,b,t,?,k,k,p,p,,w,o,e,w,v,l
p,f,f,w,t,f,f,c,b,h,t,b,s,s,g,w,,w,t,p,h,y,m
e,x,y,b,t,n,f,c,b,r,e,b,s,s,y,g,,y,o,p,r,v,d
p,f,y,b,t,f,f,c,b,w,t,b,s,s,w,w,,w,o,p,h,y,g
e,x,y,n,t,n,f,c,b,u,t,b,s,s,w,w,,w,o,p,k,v,p
p,x,y,g,t,f,f,c,b,h,t,b,s,s,w,w,,w,o,p,h,v,g
e,f,y,y,t,a,f,w,b,n,t,b,s,s,w,w,,w,o,p,u,v,d
e,x,y,g,t,n,f,c,b,p,t,b,s,s,g,p,,w,o,p,n,y,d
p,f,y,n,f,y,f,c,n,b,t,?,k,s,w,p,,w,o,e,w,v,d
e,x,s,w,t,l,f,c,b,w,e,c,s,s,w,w,,w,o,p,n,s,m
p,k,y,n,f,s,f,c,n,b,t,?,s,s,w,p,,w,o,e,w,v,l
e,f,s,n,f,n,f,w,b,n,t,e,s,s,p,w,,w,o,e,k,a,g
p,x,s,n,f,y,f,c,n,b,t,?,k,k,w,p,,w,o,e,w,v,d
e,x,s,e,t,n,f,c,b,p,e,?,s,s,w,w,,w,t,e,w,c,w
p,x,f,w,t,f,f,c,b,p,t,b,s,s,w,w,,w,o,p,h,y,g
p,f,y,n,f,f,f,c,n,b,t,?,k,k,w,p,,w,o,e,w,v,l
e,x,y,n,t,n,f,c,b,n,e,r,s,y,w,w,,w,o,p,n,y,p
p,f,s,n,f,s,f,c,n,b,t,?,k,s,p,w,,w,o,e,w,v,l
e,k,y,n,t,n,f,c,n,w,e,?,s,s,w,w,,w,t,e,w,y,w
e,x,y,b,t,n,f,c,b,g,e,b,s,s,p,p,,w,o,p,r,y,d
p,f,f,y,f,f,f,c,b,g,e,b,k,k,b,p,,w,t,l,h,v,p
e,f,s,y,t,l,f,w,b,w,e,b,k,s,n,p,,w,o,p,k,v,d
p,x,y,n,f,f,f,c,n,b,t,?,s,s,w,w,,w,o,e,w,v,d
p,x,f,y,f,f,f,c,b,g,e,b,k,k,p,p,,w,o,l,h,y,g
p,x,s,e,f,s,f,c,n,b,t,?,s,k,w,p,,w,o,e,w,v,p
p,x,y,e,f,f,f,c,n,b,t,?,s,k,p,p,,w,o,e,w,v,l
e,f,s,n,f,n,f,w,b,p,t,e,f,f,w,w,,w,o,e,k,a,g
e,x,s,n,t,a,f,c,b,n,e,c,s,s,w,w,,w,o,p,n,n,m
e,x,f,b,t,n,f,c,b,g,e,b,s,s,w,w,,w,o,p,r,y,d
e,x,f,g,f,n,f,w,b,k,t,e,s,f,w,w,,w,o,e,n,a,g
p,f,f,w,t,p,f,c,n,n,e,e,s,s,w,w,,w,o,p,k,s,g
e,f,s,w,f,n,f,w,b,p,t,e,s,f,w,w,,w,o,e,k,s,g
e,f,y,e,t,n,f,c,n,g,e,b,y,f,g,b,,w,o,l,h,v,d
p,f,y,g,f,f,f,c,b,g,e,b,k,k,n,p,,w,o,l,h,v,d
e,x,y,y,t,l,f,w,b,p,e,b,s,s,b,p,,w,o,p,n,v,d
p,f,f,y,f,f,f,c,b,p,e,b,k,k,n,p,,w,o,l,h,v,p
e,x,f,w,t,a,f,c,b,p,e,b,s,s,p,p,,w,o,p,n,y,d
e,x,s,n,f,n,f,w,b,k,t,e,f,s,w,w,,w,o,e,n,s,g
p,k,s,n,f,f,f,c,n,b,t,?,k,k,w,p,,w,o,e,w,v,d
e,x,f,g,t,n,f,c,b,w,t,b,s,s,w,w,,w,o,p,n,v,d
e,x,f,e,t,n,f,c,b,u,t,b,s,s,g,g,,w,o,p,k,y,d
e,b,f,n,f,n,f,w,b,w,e,?,k,s,w,w,,w,t,p,w,s,g
e,x,s,e,t,n,f,c,b,g,e,?,s,s,w,w,,w,t,e,w,c,w
e,x,f,b,t,n,f,w,b,o,e,?,f,s,n,b,,w,o,l,o,s,u
p,x,f,u,t,c,f,c,n,n,e,e,f,s,w,w,,w,o,p,k,s,u
e,x,s,n,t,n,f,c,b,w,t,b,s,s,w,w,,w,o,p,n,v,d
e,b,y,n,t,n,f,c,n,w,e,?,s,s,w,w,,w,t,e,w,y,w
p,k,y,n,f,f,f,c,n,b,t,?,s,s,w,p,,w,o,e,w,v,d
e,f,s,g,f,n,f,w,b,p,t,e,f,f,w,w,,w,o,e,k,s,g
e,x,f,n,t,n,f,c,b,n,t,b,s,s,p,p,,w,o,p,k,v,d
p,f,s,e,f,s,f,c,n,b,t,?,s,s,w,p,,w,o,e,w,v,d
p,k,y,e,f,y,f,c,n,b,t,?,s,s,y,y,,y,o,e,w,v,d
e,x,s,g,t,n,f,c,b,u,t,b,s,s,g,p,,w,o,p,n,y,d
e,b,y,n,f,n,f,c,b,g,e,?,k,y,p,n,,w,o,n,w,v,l
e,x,f,y,t,a,f,c,b,p,e,b,s,s,n,g,,w,o,p,k,y,d
p,x,s,n,f,y,f,c,n,b,t,?,s,s,p,w,,w,o,e,w,v,p
e,f,s,g,t,n,f,c,b,w,t,b,s,s,w,w,,w,o,p,n,v,d
p,k,y,n,f,y,f,c,n,b,t,?,s,k,w,p,,w,o,e,w,v,p
e,f,f,e,t,n,f,c,b,n,t,b,s,s,p,p,,w,o,p,n,v,d
p,f,f,y,f,f,f,c,b,h,e,b,k,k,b,b,,w,o,l,h,y,g
e,f,f,n,t,n,f,w,b,e,e,?,f,s,b,p,,w,o,e,w,s,p
e,f,y,n,t,n,f,c,b,n,t,b,s,s,w,p,,w,o,p,k,y,d
e,f,f,e,t,n,f,c,b,u,t,b,s,s,g,p,,w,o,p,n,y,d
p,k,s,e,f,f,f,c,n,b,t,?,s,k,w,w,,w,o,e,w,v,l
p,f,s,n,f,f,f,c,n,b,t,?,s,s,w,p,,w,o,e,w,v,p
p,f,f,y,f,f,f,c,b,w,e,b,k,k,p,p,,w,o,l,h,y,p
e,f,s,n,f,n,f,w,b,n,e,?,s,s,w,w,,w,t,p,y,n,g
p,x,y,e,f,f,f,c,n,b,t,?,k,k,p,p,,w,o,e,w,v,d
p,f,f,y,f,f,f,c,b,h,e,b,k,k,n,p,,w,t,l,h,v,p
p,x,f,g,f,f,f,c,b,g,e,b,k,k,p,p,,w,o,l,h,y,d
e,f,f,g,t,n,f,c,b,n,t,b,s,s,w,w,,w,o,p,k,y,d
p,x,y,g,f,f,f,c,b,g,e,b,k,k,p,n,,w,o,l,h,y,p
p,f,y,u,t,c,a,w,n,u,e,b,s,s,b,o,,w,o,p,n,v,l
p,f,y,n,f,s,f,c,n,b,t,?,s,s,p,w,,w,o,e,w,v,l
p,f,y,n,f,y,f,c,n,b,t,?,s,s,w,w,,w,o,e,w,v,p
p,x,y,e,f,s,f,c,n,b,t,?,s,s,p,p,,w,o,e,w,v,l
p,f,s,n,f,f,f,c,n,b,t,?,k,k,e,n,,w,o,e,w,v,d
e,x,f,g,t,n,f,c,b,n,t,b,s,s,w,w,,w,o,p,n,v,d
p,f,f,g,f,f,f,c,b,h,e,b,s,k,e,e,,w,o,f,h,y,p
e,f,y,p,t,n,f,c,n,u,e,b,s,s,w,w,,w,o,p,n,v,d
e,b,f,g,f,n,f,w,b,p,e,?,s,k,w,w,,w,t,p,w,n,g
e,f,y,e,t,n,f,c,b,w,t,b,s,s,p,g,,w,o,p,n,v,d
p,f,y,g,f,f,f,c,b,h,e,b,k,k,n,p,,w,o,l,h,y,p
p,x,y,b,t,f,f,c,b,p,t,b,f,s,p,w,,w,o,p,h,v,g
e,f,y,w,t,l,f,c,b,p,e,r,s,y,w,w,,w,o,p,k,y,p
p,f,s,p,t,f,a,c,b,w,e,?,k,y,c,c,,w,o,l,h,s,m
e,x,y,g,t,n,f,c,b,n,t,b,s,s,w,w,,w,o,p,k,y,d
p,f,f,y,f,f,f,c,b,h,e,b,k,k,b,b,,w,o,l,h,y,p
e,x,y,g,t,n,f,c,b,u,t,b,s,s,w,w,,w,o,p,k,v,d
e,x,f,n,f,n,f,w,b,o,e,?,k,s,w,w,,w,t,p,y,n,g
e,s,f,g,f,n,f,c,n,n,e,e,s,s,w,w,,w,o,p,k,y,u
p,f,f,y,f,f,f,c,b,h,e,b,k,k,b,b,,w,o,l,h,v,d
e,b,s,w,t,l,f,c,b,n,e,c,s,s,w,w,,w,o,p,n,s,g
p,x,y,y,f,f,f,c,b,g,e,b,k,k,n,p,,w,o,l,h,y,p
e,x,f,n,f,n,f,w,b,k,t,e,f,f,w,w,,w,o,e,n,a,g
p,k,y,n,f,s,f,c,n,b,t,?,s,k,w,w,,w,o,e,w,v,p
e,f,f,g,f,n,f,w,b,h,t,e,f,s,w,w,,w,o,e,n,s,g
e,f,f,g,t,n,f,c,b,u,t,b,s,s,g,g,,w,o,p,n,y,d
p,f,s,e,t,c,f,w,n,g,e,e,s,s,w,w,,w,o,p,k,v,u
p,x,y,y,f,f,f,c,b,p,e,b,k,k,n,b,,w,o,l,h,y,d
p,f,y,n,f,f,f,c,n,b,t,?,k,k,p,p,,w,o,e,w,v,d
e,b,s,w,t,a,f,c,b,k,e,c,s,s,w,w,,w,o,p,k,n,m
p,x,f,y,f,f,f,c,b,g,e,b,k,k,n,b,,w,o,l,h,v,g
p,x,s,n,t,p,f,c,n,p,e,e,f,s,w,w,,w,o,p,n,v,g
p,f,y,y,f,f,f,c,b,g,e,b,k,k,n,p,,w,o,l,h,v,d
p,k,y,e,f,y,f,c,n,b,t,?,s,k,p,w,,w,o,e,w,v,p
p,f,y,g,f,f,f,c,b,h,e,b,k,k,p,n,,w,o,l,h,v,g
p,x,s,n,f,y,f,c,n,b,t,?,s,k,w,w,,w,o,e,w,v,l
e,f,s,w,f,n,f,w,b,k,t,e,f,s,w,w,,w,o,e,n,a,g
e,b,s,y,t,l,f,c,b,k,e,c,s,s,w,w,,w,o,p,k,s,g
p,x,f,y,f,p,f,c,n,n,e,b,s,s,w,w,,w,o,p,n,v,d
p,x,f,y,f,f,f,c,b,h,e,b,k,k,b,b,,w,o,l,h,v,d
p,x,f,y,f,f,f,c,b,g,e,b,k,k,b,n,,w,o,l,h,y,d
p,k,s,e,f,y,f,c,n,b,t,?,k,s,p,p,,w,o,e,w,v,l
p,k,g,g,t,m,f,w,b,w,e,?,s,y,b,b,,w,t,p,w,a,w
e,x,y,g,t,n,f,c,b,n,t,b,s,s,w,w,,w,o,p,n,v,d
p,k,y,e,f,s,f,c,n,b,t,?,s,s,w,w,,w,o,e,w,v,l
p,f,f,g,f,f,f,c,b,p,e,b,k,k,p,p,,w,o,l,h,y,p
p,x,f,y,f,f,f,c,b,p,e,b,k,k,p,b,,w,o,l,h,y,p
p,x,f,g,f,f,f,c,b,h,e,b,k,k,p,n,,w,o,l,h,v,p
p,f,y,r,t,c,f,c,n,n,e,e,s,s,w,w,,w,o,p,k,v,u
p,f,f,w,t,f,f,c,b,p,t,b,s,s,w,w,,w,o,p,h,y,g
p,x,y,n,f,s,f,c,n,b,t,?,k,s,p,p,,w,o,e,w,v,d
e,f,f,g,t,n,f,c,b,w,t,b,s,s,g,g,,w,o,p,n,y,d
e,f,f,w,f,n,f,w,b,p,t,e,f,f,w,w,,w,o,e,n,s,g
e,x,y,w,t,l,f,c,b,p,e,r,s,y,w,w,,w,o,p,k,y,g
p,k,y,w,f,n,f,c,b,p,e,?,k,s,w,w,,w,o,e,w,y,l
p,f,s,e,f,s,f,c,n,b,t,?,s,s,w,w,,w,o,e,w,v,l
e,x,f,n,t,n,f,c,b,n,t,b,s,s,w,w,,w,o,p,k,v,d
e,x,f,n,f,n,f,c,n,k,e,e,s,s,w,w,,w,o,p,k,v,u
e,f,f,e,t,n,f,c,b,w,t,b,s,s,w,w,,w,o,p,k,y,d
p,x,y,g,t,f,f,c,b,h,t,b,s,s,w,w,,w,o,p,h,v,u
p,k,s,n,f,f,f,c,n,b,t,?,k,y,p,w,,w,o,e,w,v,l
p,x,y,e,f,s,f,c,n,b,t,?,s,k,w,p,,w,o,e,w,v,p
p,x,y,e,f,y,f,c,n,b,t,?,s,s,n,n,,w,o,e,w,v,l
p,f,y,n,f,y,f,c,n,b,t,?,k,k,w,p,,w,o,e,w,v,l
p,f,f,w,t,p,f,c,n,p,e,e,s,s,w,w,,w,o,p,n,s,g
p,k,s,n,f,s,f,c,n,b,t,?,s,s,w,p,,w,o,e,w,v,p
p,k,y,n,f,y,f,c,n,b,t,?,s,k,w,w,,w,o,e,w,v,l
e,f,f,e,t,n,f,c,b,p,e,b,s,s,n,p,,w,o,p,n,y,d
e,f,y,g,t,n,f,c,b,n,t,b,s,s,p,w,,w,o,p,n,y,d
p,f,f,y,f,f,f,c,b,h,e,b,k,k,p,p,,w,o,l,h,s,g
e,k,y,g,f,n,f,c,b,e,e,?,f,f,b,n,,w,o,n,w,c,l
p,x,s,n,f,m,f,c,b,w,e,?,k,s,n,p,,w,o,e,w,c,d
e,x,f,y,t,a,f,c,b,p,e,b,s,s,p,p,,w,o,p,k,y,d
p,f,y,n,f,s,f,c,n,b,t,?,k,k,p,w,,w,o,e,w,v,d
p,f,y,b,t,f,f,c,b,p,t,b,s,f,g,w,,w,o,p,h,y,g
e,x,f,g,f,n,f,w,b,k,t,e,f,f,w,w,,w,o,e,k,a,g
p,x,y,w,t,f,f,c,b,w,t,b,s,s,w,w,,w,o,p,h,v,g
p,x,s,u,t,c,f,c,n,p,e,e,s,s,w,w,,w,o,p,n,v,g
e,x,f,e,t,n,f,c,b,u,t,b,s,s,w,w,,w,o,p,n,v,d
e,x,y,w,t,l,f,c,b,w,e,r,s,y,w,w,,w,o,p,k,s,g
e,x,f,g,t,n,f,w,b,n,t,e,s,s,g,w,,w,o,p,n,a,u
p,x,s,y,f,f,f,c,b,g,e,b,k,k,b,b,,w,o,l,h,s,g
p,k,s,e,f,s,f,c,n,b,t,?,k,k,w,w,,w,o,e,w,v,d
p,x,y,g,t,f,f,c,b,p,t,b,s,s,w,w,,w,o,p,h,y,g
p,f,y,y,f,f,f,c,b,g,e,b,k,k,n,b,,w,o,l,h,y,p
p,x,y,n,f,s,f,c,n,b,t,?,s,s,w,p,,w,o,e,w,v,d
e,f,y,g,t,n,f,c,b,w,t,b,s,s,w,w,,w,o,p,n,v,d
p,f,y,y,f,f,f,c,b,h,e,b,k,k,p,p,,w,o,l,h,y,p
e,f,y,n,t,n,f,c,b,w,t,b,s,s,w,w,,w,o,p,k,y,d
e,f,s,g,f,n,f,w,b,k,t,e,f,f,w,w,,w,o,e,n,s,g
e,k,y,c,t,n,f,c,b,w,e,?,s,s,e,e,,w,t,e,w,c,w
e,k,s,b,t,n,f,c,b,w,e,?,s,s,w,w,,w,t,e,w,c,w
p,f,f,g,f,f,f,c,b,g,e,b,k,k,n,b,,w,o,l,h,s,d
p,f,y,n,f,f,f,c,n,b,t,?,s,s,w,p,,w,o,e,w,v,d
p,f,y,e,f,y,f,c,n,b,t,?,k,s,p,p,,w,o,e,w,v,l
e,f,f,e,t,n,f,c,b,w,t,b,s,s,p,p,,w,o,p,n,y,d
e,b,y,y,t,l,f,c,b,n,e,c,s,s,w,w,,w,o,p,k,s,g
e,x,y,n,t,n,f,c,b,n,t,b,s,s,w,w,,w,o,p,k,v,d
e,x,f,n,f,n,f,w,b,e,e,?,s,k,w,w,,w,t,p,w,n,g
p,f,y,e,f,f,f,c,n,b,t,?,s,s,w,w,,w,o,e,w,v,p
e,b,s,y,t,a,f,c,b,k,e,c,s,s,w,w,,w,o,p,k,s,g
p,f,f,g,f,f,f,c,b,h,e,b,k,k,n,n,,w,o,l,h,v,p
e,x,f,n,f,l,a,c,b,y,e,?,s,k,o,o,,n,o,p,n,s,l
p,x,f,g,f,f,f,c,b,h,e,b,k,k,p,b,,w,o,l,h,v,d
e,x,y,y,t,l,f,c,b,k,e,c,s,s,w,w,,w,o,p,n,n,m
p,f,f,y,f,f,f,c,b,g,e,b,k,k,n,b,,w,o,l,h,v,p
e,x,y,n,t,n,f,c,b,n,t,b,s,s,w,w,,w,o,p,n,v,d
e,f,f,p,t,n,f,c,b,g,e,b,s,s,w,w,,w,o,p,r,y,d
p,k,y,n,f,f,f,c,n,b,t,?,s,k,p,w,,w,o,e,w,v,p
p,f,y,n,f,f,f,c,n,b,t,?,k,s,w,w,,w,o,e,w,v,l
p,x,f,n,t,y,f,c,n,w,t,b,s,s,w,w,,w,t,p,h,v,m
p,f,f,y,f,f,f,c,b,h,e,b,k,k,p,p,,w,o,l,h,v,g
p,x,f,y,f,f,f,c,b,g,e,b,k,k,p,p,,w,t,l,h,v,p
p,f,y,u,t,c,f,w,n,n,e,e,s,s,w,w,,w,t,p,n,s,p
e,b,s,w,t,a,f,c,b,n,e,c,s,s,w,w,,w,o,p,n,n,g
p,f,f,y,f,f,f,c,b,g,e,b,k,k,p,p,,w,t,l,h,y,g
e,x,s,g,f,n,f,w,b,n,t,e,f,s,w,w,,w,o,e,k,a,g
e,f,y,g,t,n,f,c,b,p,t,b,s,s,g,g,,w,o,p,k,v,d
p,f,y,n,f,f,f,c,n,b,t,?,k,s,p,p,,w,o,e,w,v,p
p,f,y,e,f,s,f,c,n,b,t,?,s,s,p,p,,w,o,e,w,v,p
e,f,s,g,f,n,f,w,b,h,t,e,f,f,g,w,,w,o,e,n,s,g
p,x,y,e,f,f,f,c,n,b,t,?,k,s,p,p,,w,o,e,w,v,p
p,f,s,e,f,f,f,c,n,b,t,?,s,s,w,p,,w,o,e,w,v,p
p,x,f,g,f,f,f,c,b,h,e,b,k,k,n,p,,w,t,l,h,y,g
e,b,s,w,t,a,f,c,b,g,e,c,s,s,w,w,,w,o,p,n,n,g
p,k,y,n,f,f,f,c,n,b,t,?,k,s,w,w,,w,o,e,w,v,d
e,f,f,n,f,n,f,w,b,p,t,e,f,s,w,w,,w,o,e,k,a,g
e,f,s,w,f,n,f,w,b,w,e,?,s,k,w,w,,w,t,p,w,s,g
p,x,s,n,t,p,f,c,n,p,e,e,s,s,w,w,,w,o,p,k,v,u
p,x,f,g,f,f,f,c,b,h,e,b,k,k,p,n,,w,t,l,h,y,g
p,x,f,w,t,f,f,c,b,p,t,b,s,s,g,w,,w,o,p,h,s,u
p,x,s,e,f,s,f,c,n,b,t,?,s,s,p,p,,w,o,e,w,v,d
p,f,s,n,f,s,f,c,n,b,t,?,s,k,w,w,,w,o,e,w,v,p
p,f,y,g,t,c,f,w,n,n,e,e,s,s,w,w,,w,n,p,k,v,p
e,f,f,w,f,n,f,w,b,n,t,e,s,s,w,w,,w,o,e,k,a,g
p,x,y,g,f,f,f,c,b,h,e,b,k,k,b,n,,w,o,l,h,y,p
e,x,f,n,t,n,f,c,b,u,t,b,s,s,g,g,,w,o,p,n,y,d
e,x,s,g,t,n,f,c,b,u,t,b,s,s,g,g,,w,o,p,k,v,d
p,f,y,n,f,y,f,c,n,b,t,?,s,k,p,w,,w,o,e,w,v,d
e,b,f,e,t,n,f,c,b,n,t,b,s,s,p,w,,w,o,p,k,y,d
e,f,y,w,t,a,f,c,b,p,e,b,s,s,w,w,,w,o,p,n,y,d
p,x,s,n,f,s,f,c,n,b,t,?,s,s,p,w,,w,o,e,w,v,d
e,b,y,w,t,l,f,c,b,w,e,c,s,s,w,w,,w,o,p,k,s,g
p,k,y,n,f,s,f,c,n,b,t,?,s,k,p,p,,w,o,e,w,v,p
e,x,f,n,f,n,f,w,b,p,t,e,f,f,w,w,,w,o,e,k,s,g
p,f,y,b,t,c,f,w,n,p,e,e,s,s,w,w,,w,o,p,n,v,u
e,f,f,g,t,n,f,c,b,p,t,b,s,s,w,g,,w,o,p,n,v,d
e,f,y,g,t,n,f,c,b,w,t,b,s,s,w,p,,w,o,p,r,y,d
p,k,s,e,f,s,f,c,n,b,t,?,k,k,p,w,,w,o,e,w,v,d
p,x,s,b,f,p,f,c,n,n,e,b,f,f,w,w,,w,o,p,n,s,d
p,x,f,w,t,p,f,c,n,n,e,e,s,s,w,w,,w,o,p,n,v,u
e,x,y,b,f,l,a,w,b,p,e,b,s,s,o,o,,n,o,p,k,v,l
p,f,s,y,f,f,f,c,b,g,e,b,k,k,b,n,,w,o,l,h,v,p
e,f,y,e,t,n,f,c,b,p,t,b,s,s,w,w,,w,o,p,n,y,d
e,f,y,n,t,n,f,c,b,u,t,b,s,s,w,w,,w,o,p,k,y,d
e,x,y,g,t,n,f,c,b,p,t,b,s,s,w,p,,w,o,p,n,y,d
p,f,y,n,f,s,f,c,n,b,t,?,k,k,w,p,,w,o,e,w,v,d
e,x,y,e,t,n,f,c,b,w,t,b,s,s,w,w,,w,o,p,k,v,d
p,x,s,n,t,n,f,c,b,o,e,?,s,f,e,g,,w,o,p,y,v,d
e,x,s,w,t,l,f,c,b,k,e,c,s,s,w,w,,w,o,p,n,s,m
e,f,f,w,f,n,f,w,b,n,t,e,s,s,p,w,,w,o,e,n,a,g
e,f,s,p,t,n,f,c,b,p,e,?,s,s,w,e,,w,t,e,w,v,w
p,x,f,y,f,f,f,c,b,h,e,b,k,k,p,b,,w,o,l,h,v,g
p,x,y,y,f,f,f,c,b,g,e,b,k,k,n,n,,w,o,l,h,y,p
e,x,y,n,t,n,f,c,b,p,t,b,s,s,p,p,,w,o,p,k,y,d
p,k,s,n,f,y,f,c,n,b,t,?,k,k,p,p,,w,o,e,w,v,p
e,s,s,n,t,n,f,c,n,w,e,?,s,s,c,e,,w,t,e,w,v,w
p,f,y,g,f,f,f,c,b,p,e,b,k,k,p,p,,w,o,l,h,y,d
e,f,f,g,f,n,f,w,b,k,t,e,f,s,p,w,,w,o,e,n,s,g
e,x,y,w,t,a,f,c,b,n,e,c,s,s,w,w,,w,o,p,n,n,g
e,x,y,y,t,l,f,c,b,p,e,r,s,y,w,w,,w,o,p,n,y,p
e,x,s,e,t,n,f,c,b,n,t,b,s,s,g,g,,w,o,p,n,v,d
p,f,f,b,t,f,f,c,b,p,t,b,s,s,w,w,,w,o,p,h,y,g
e,x,y,y,t,l,f,c,b,w,e,c,s,s,w,w,,w,o,p,n,s,g
e,b,s,n,f,n,a,c,b,w,e,?,s,k,o,o,,n,o,p,w,v,l
p,x,y,n,t,p,f,c,n,p,e,e,f,s,w,w,,w,o,p,k,v,g
e,f,f,g,t,n,f,c,b,w,t,b,s,s,w,g,,w,o,p,k,y,d
p,x,y,n,f,s,f,c,n,b,t,?,s,s,w,p,,w,o,e,w,v,d
e,f,s,b,t,n,f,c,b,g,e,?,s,s,e,e,,w,t,e,w,c,w
p,k,y,e,f,y,f,c,n,b,t,?,k,s,p,p,,w,o,e,w,v,l
p,x,y,y,f,f,f,c,b,g,e,b,k,k,b,p,,w,o,l,h,v,d
p,k,s,n,f,s,f,c,n,b,t,?,s,s,p,w,,w,o,e,w,v,d
p,x,f,g,f,f,f,c,b,h,e,b,k,k,p,n,,w,o,l,h,v,d
e,f,f,w,t,a,f,c,b,p,e,b,s,s,w,w,,w,o,p,k,y,d
p,x,y,n,f,y,f,c,n,b,t,?,s,s,w,w,,w,o,e,w,v,p
p,f,y,n,f,s,f,c,n,b,t,?,k,k,w,w,,w,o,e,w,v,d
p,f,y,g,t,f,f,c,b,w,t,b,k,s,w,p,,w,o,e,w,y,u
e,x,y,e,t,n,f,c,b,n,t,b,s,s,w,g,,w,o,p,k,y,d
p,k,y,e,f,f,f,c,n,b,t,?,s,s,p,w,,w,o,e,w,v,l
e,x,s,n,f,n,f,w,b,p,t,e,f,f,w,w,,w,o,e,k,s,g
e,f,f,g,t,n,f,c,b,u,t,b,s,s,w,p,,w,o,p,k,y,d
e,f,y,g,f,n,f,c,b,w,t,b,s,s,w,p,,w,o,e,w,v,p
p,x,y,g,f,f,f,c,b,p,e,b,k,k,p,n,,w,o,l,h,y,p
p,k,y,n,f,f,f,c,n,b,t,?,k,s,w,p,,w,o,e,w,v,d
p,k,y,n,f,f,f,c,n,b,t,?,s,s,w,w,,w,o,e,w,v,p
p,k,s,n,f,f,f,c,n,b,t,?,k,s,w,w,,w,o,e,w,v,l
e,f,y,e,t,n,f,c,b,g,e,b,s,s,w,w,,w,o,p,r,v,d
p,k,s,e,f,y,f,c,n,b,t,?,k,s,p,p,,w,o,e,w,v,p
e,x,f,y,t,a,f,w,b,p,e,b,k,s,w,w,,w,o,p,n,v,d
p,x,s,e,f,f,f,c,n,b,t,?,s,s,w,w,,w,o,e,w,v,l
p,k,y,e,f,f,f,c,n,b,t,?,s,k,w,p,,w,o,e,w,v,l
p,x,y,g,t,f,f,c,b,p,t,b,s,s,p,w,,w,o,p,h,y,g
p,f,f,y,f,f,f,c,b,h,e,b,k,k,n,p,,w,o,l,h,y,g
e,f,s,p,t,n,a,w,b,n,e,?,s,f,c,c,,w,o,n,b,s,d
e,k,s,w,t,n,f,c,b,w,e,?,s,s,e,e,,w,t,e,w,v,w
p,f,y,g,f,f,f,c,b,h,e,b,k,k,b,b,,w,t,l,h,v,p
e,b,s,e,f,l,a,c,b,y,e,?,s,k,o,o,,n,o,p,n,c,l
p,f,s,n,f,f,f,c,n,b,t,?,s,k,w,p,,w,o,e,w,v,p
p,x,f,b,t,c,a,w,n,n,e,b,s,s,o,o,,n,o,p,n,v,l
p,x,f,g,f,f,f,c,b,g,e,b,k,k,b,p,,w,o,l,h,v,d
e,f,f,w,f,n,f,w,b,k,t,e,f,f,w,w,,w,o,e,n,a,g
e,x,y,n,t,n,a,w,b,w,e,c,s,s,o,o,,n,o,p,n,n,l
e,f,s,c,t,n,f,c,b,w,e,?,s,s,w,w,,w,t,e,w,c,w
e,f,y,y,t,l,f,c,b,w,e,r,s,y,w,w,,w,o,p,n,s,g
p,k,y,e,f,s,f,c,n,b,t,?,s,s,w,p,,w,o,e,w,v,p
p,x,s,n,f,p,f,c,n,w,e,b,s,s,w,w,,w,o,p,n,s,d
e,f,y,n,t,n,f,c,b,p,t,b,s,s,w,w,,w,o,p,k,v,d
p,x,f,y,f,f,f,c,b,h,e,b,k,k,n,n,,w,o,l,h,v,d
p,k,s,e,f,s,f,c,n,b,t,?,k,k,w,w,,w,o,e,w,v,d
p,x,y,e,f,y,f,c,n,b,t,?,k,s,p,w,,w,o,e,w,v,d
p,f,s,u,t,y,f,c,n,p,t,b,s,s,p,w,,w,o,p,h,s,u
e,x,s,n,f,n,f,w,b,n,t,e,f,f,w,w,,w,o,e,n,a,g
e,f,f,g,f,n,f,w,b,h,t,e,s,f,w,w,,w,o,e,k,a,g
e,x,y,n,t,a,f,c,b,n,e,r,s,y,w,w,,w,o,p,n,s,g
e,x,s,w,t,l,f,c,b,k,e,c,s,s,w,w,,w,o,p,k,s,g
p,f,y,n,f,f,f,c,n,b,t,?,s,s,p,w,,w,o,e,w,v,d
p,x,y,n,f,s,f,c,n,b,t,?,s,s,p,p,,w,o,e,w,v,p
e,x,y,y,t,l,f,c,b,w,e,c,s,s,w,w,,w,o,p,n,s,g
e,x,y,y,t,a,f,c,b,w,e,r,s,y,w,w,,w,o,p,n,s,p
p,f,f,g,f,f,f,c,b,p,e,b,k,k,p,n,,w,o,l,h,v,g
e,x,y,e,f,l,a,w,b,p,e,b,s,s,o,o,,o,o,p,k,v,l
e,f,y,n,f,n,f,w,b,h,t,e,s,f,w,w,,w,o,e,k,s,g
p,f,f,g,f,f,f,c,b,h,e,b,k,k,p,n,,w,o,l,h,y,d
p,x,s,n,f,n,f,w,n,p,e,b,y,f,w,n,,w,o,e,h,s,d
p,f,s,n,f,f,f,c,n,b,t,?,s,s,w,p,,w,o,e,w,v,d
p,x,y,g,f,f,f,c,b,h,e,b,k,k,n,b,,w,o,l,h,y,d
e,x,s,y,t,l,f,c,b,n,e,c,s,s,w,w,,w,o,p,n,s,g
e,b,y,w,t,a,f,c,b,w,e,c,s,s,w,w,,w,o,p,k,s,g
e,k,y,e,t,n,f,c,b,p,e,?,s,s,w,w,,w,t,e,w,c,w
e,x,f,g,t,n,f,c,b,n,t,b,s,s,w,w,,w,o,p,n,y,d
p,f,f,n,t,c,a,w,n,p,e,e,s,s,e,o,,w,t,p,n,v,l
p,f,s,e,f,f,f,c,n,b,t,?,k,y,w,w,,w,o,e,w,v,l
e,k,s,n,f,n,f,w,b,y,e,?,s,k,p,p,,w,t,l,o,s,g
e,f,f,w,f,n,f,w,b,p,t,e,f,s,w,w,,w,o,e,n,s,g
p,x,y,e,f,f,f,c,n,b,t,?,s,s,p,p,,w,o,e,w,v,d
p,f,f,g,f,f,f,c,b,h,e,b,k,k,p,n,,w,o,l,h,y,p
e,f,s,n,t,n,f,c,b,n,t,b,s,s,p,g,,w,o,p,n,v,d
e,f,f,n,t,n,f,c,b,w,t,b,s,s,g,g,,w,o,p,n,y,d
e,f,f,e,t,n,f,c,n,p,e,b,k,s,w,p,,w,o,l,h,v,d
e,f,f,g,t,n,f,c,b,u,t,b,s,s,w,w,,w,o,p,n,v,d
p,f,f,w,t,f,f,c,b,w,t,b,f,f,w,w,,w,t,p,h,v,m
p,f,y,g,f,f,f,c,b,w,e,b,k,k,n,b,,w,o,l,h,v,d
e,x,s,y,t,l,f,c,b,n,e,c,s,s,w,w,,w,o,p,n,s,m
p,x,f,g,t,f,f,c,b,p,t,b,s,s,w,w,,w,o,p,h,y,u
p,k,y,n,f,y,f,c,n,b,t,?,k,k,w,w,,w,o,e,w,v,l
p,f,y,n,f,s,f,c,n,b,t,?,s,k,p,p,,w,o,e,w,v,p
p,f,y,n,f,y,f,c,n,b,t,?,k,s,w,w,,w,o,e,w,v,l
p,x,f,g,f,f,f,c,b,h,e,b,k,k,b,p,,w,o,l,h,v,g
p,f,f,w,t,p,f,c,n,w,e,e,s,s,w,w,,w,o,p,n,s,g
e,x,y,y,t,l,f,c,b,n,e,c,s,s,w,w,,w,o,p,k,s,g
e,f,y,e,t,n,f,c,b,n,t,b,s,s,p,w,,w,o,p,k,v,d
e,f,f,e,t,n,f,c,b,w,t,b,s,s,p,w,,w,o,p,n,y,d
e,x,f,n,t,n,f,c,b,u,t,b,s,s,p,g,,w,o,p,n,y,d
p,x,y,y,f,f,f,c,b,p,e,b,k,k,b,b,,w,o,l,h,y,d
e,f,f,n,t,n,f,c,b,p,t,b,s,s,w,w,,w,o,p,k,v,d
e,b,y,n,t,n,f,c,b,u,t,b,s,s,w,w,,w,o,p,k,v,d
e,f,y,g,t,n,f,c,b,w,t,b,s,s,w,p,,w,o,p,n,v,d
p,x,s,p,f,c,f,w,n,n,e,b,s,s,w,w,,w,o,p,n,s,d
p,k,s,n,f,f,f,c,n,b,t,?,k,k,p,w,,w,o,e,w,v,l
p,x,s,n,f,s,f,c,n,b,t,?,k,s,p,p,,w,o,e,w,v,l
e,x,y,g,f,n,f,w,b,k,t,e,f,f,p,w,,w,o,e,n,s,g
p,x,s,n,t,p,f,c,n,k,e,e,f,s,w,w,,w,o,p,n,s,u
p,f,y,g,f,f,f,c,b,p,e,b,k,k,b,p,,w,o,l,h,v,p
p,f,f,e,f,s,f,c,n,b,t,?,s,s,p,w,,w,o,e,w,v,p
e,f,f,n,t,a,f,w,b,w,e,b,k,s,n,p,,w,o,p,k,v,d
p,f,f,y,f,f,f,c,b,h,e,b,k,k,n,p,,w,o,l,h,y,p
p,f,f,y,f,f,f,c,b,h,e,b,k,k,b,p,,w,o,l,h,y,d
e,x,y,e,t,n,f,c,b,n,t,b,s,s,w,p,,w,o,p,k,v,d
p,x,y,e,f,s,f,c,n,b,t,?,k,s,w,p,,w,o,e,w,v,l
p,k,s,e,f,f,f,c,n,b,t,?,s,k,p,p,,w,o,e,w,v,d
p,k,s,n,f,y,f,c,n,b,t,?,s,s,y,y,,y,o,e,w,v,l
p,k,s,b,t,n,f,w,b,w,e,?,s,s,w,w,,w,o,p,w,n,p
p,f,y,g,f,f,f,c,b,p,e,b,k,k,b,b,,w,o,l,h,v,g
p,x,s,g,f,f,f,c,b,h,e,b,k,k,p,p,,w,o,l,h,v,p
p,f,y,n,f,y,f,c,n,b,t,?,s,s,w,w,,w,o,e,w,v,d
p,x,s,n,t,c,f,c,n,w,e,e,s,s,w,w,,w,o,p,k,s,u
e,x,y,y,t,a,f,c,b,p,e,r,s,y,w,w,,w,o,p,k,y,p
p,b,y,b,t,f,f,c,b,p,t,b,f,s,w,w,,w,o,p,h,y,g
e,x,s,g,t,n,f,c,b,w,t,b,s,s,w,p,,w,o,p,n,v,d
p,f,s,n,f,f,f,c,n,b,t,?,k,s,w,w,,w,o,e,w,v,p
p,f,y,n,f,y,f,c,n,b,t,?,s,k,p,w,,w,o,e,w,v,d
e,x,y,n,f,n,f,w,b,h,t,e,s,s,w,w,,w,o,e,k,s,g
p,x,y,y,f,f,f,c,b,h,e,b,k,k,n,p,,w,o,l,h,v,g
p,f,y,n,f,s,f,c,n,b,t,?,s,s,p,p,,w,o,e,w,v,p
e,f,s,g,f,n,f,w,b,p,t,e,s,f,w,w,,w,o,e,n,a,g
e,f,f,e,t,n,f,c,b,u,t,b,s,s,w,g,,w,o,p,k,v,d
e,f,f,y,t,a,f,c,b,g,e,b,s,s,w,w,,w,o,p,n,y,d
p,x,y,n,f,f,f,c,n,b,t,?,s,s,p,w,,w,o,e,w,v,p
e,f,y,w,t,a,f,c,b,p,e,b,s,s,p,p,,w,o,p,n,y,d
e,x,f,g,t,n,f,c,b,u,t,b,s,s,p,w,,w,o,p,n,v,d
e,f,s,w,f,n,f,w,b,p,t,e,f,f,w,w,,w,o,e,k,s,g
p,x,y,b,t,f,f,c,b,p,t,b,s,s,w,w,,w,t,p,h,v,m
e,f,y,p,t,n,a,w,b,n,e,r,k,y,o,o,,n,t,p,n,s,l
p,f,y,b,t,f,f,c,b,p,t,b,s,s,w,w,,w,o,p,h,v,u
e,f,y,e,t,n,f,c,b,n,t,b,s,s,g,g,,w,o,p,k,v,d
e,f,y,b,t,n,f,c,b,n,e,r,s,y,b,n,,w,o,p,n,y,p
p,x,s,e,f,f,f,c,n,b,t,?,s,s,w,w,,w,o,e,w,v,l
p,f,s,e,f,y,f,c,n,b,t,?,s,s,p,p,,w,o,e,w,v,l
e,x,s,y,t,a,f,c,b,k,e,c,s,s,w,w,,w,o,p,k,s,m
p,f,s,n,f,s,f,c,n,b,t,?,s,s,w,p,,w,o,e,w,v,d
e,x,f,y,t,l,f,c,b,p,e,b,s,s,w,w,,w,o,p,k,y,d
p,f,y,n,f,n,f,c,b,y,e,c,s,y,w,w,,w,n,e,w,c,d
e,f,f,w,t,a,f,c,b,p,e,b,s,s,n,g,,w,o,p,k,y,d
p,x,s,e,f,f,f,c,n,b,t,?,k,k,p,p,,w,o,e,w,v,p
p,f,f,b,t,f,f,c,b,p,t,b,s,f,w,w,,w,o,p,h,v,u
p,x,y,g,f,f,f,c,b,g,e,b,k,k,b,p,,w,o,l,h,v,d
p,x,y,g,f,f,f,c,b,g,e,b,k,k,n,p,,w,o,l,h,y,d
p,f,s,g,f,f,f,c,b,p,e,b,k,k,p,b,,w,o,l,h,s,d
p,f,y,n,f,s,f,c,n,b,t,?,k,k,p,p,,w,o,e,w,v,p
e,x,y,g,t,n,f,c,b,n,t,b,s,s,g,g,,w,o,p,k,y,d
p,x,f,w,f,c,f,w,n,g,e,b,s,f,w,w,,w,o,p,k,s,d
p,f,f,y,f,f,f,c,b,p,e,b,k,k,b,p,,w,o,l,h,v,g
e,b,s,y,t,a,f,c,b,n,e,c,s,s,w,w,,w,o,p,k,s,g
e,f,y,w,t,a,f,c,b,p,e,r,s,y,w,w,,w,o,p,n,s,p
p,x,y,e,f,y,f,c,n,b,t,?,k,s,w,y,,w,o,e,w,v,d
p,x,y,y,f,f,f,c,b,h,e,b,k,k,b,n,,w,o,l,h,v,p
p,x,f,b,f,p,f,c,n,w,e,b,f,s,w,w,,w,t,p,n,s,p
e,f,f,n,f,n,f,w,b,p,t,e,s,s,w,w,,w,o,e,n,a,g
p,x,s,e,f,y,f,c,n,b,t,?,s,s,p,p,,w,o,e,w,v,d
p,f,s,e,f,f,f,c,n,b,t,?,k,k,p,w,,w,o,e,w,v,d
p,f,s,n,f,y,f,c,n,b,t,?,k,s,p,p,,w,o,e,w,v,p
e,f,f,b,t,n,a,w,b,n,e,?,s,s,o,o,,n,n,e,b,s,u
e,f,s,g,f,n,f,w,b,p,t,e,s,f,w,w,,w,o,e,n,s,g
p,f,y,e,f,s,f,c,b,w,t,b,k,y,w,w,,w,o,e,w,v,d
p,f,y,n,f,y,f,c,n,b,t,?,k,s,w,p,,w,o,e,w,v,p
p,f,s,e,f,y,f,c,n,b,t,?,s,k,p,p,,w,o,e,w,v,p
e,x,f,p,t,n,f,c,b,g,e,b,s,s,w,w,,w,o,p,n,y,d
e,k,y,n,t,n,f,c,b,e,e,?,s,s,w,w,,w,t,e,w,v,w
p,f,y,g,f,f,f,c,b,h,e,b,k,k,p,b,,w,o,l,h,y,p
p,x,s,n,f,f,f,c,n,b,t,?,s,s,p,p,,w,o,e,w,v,d
p,x,y,y,f,f,f,c,b,g,e,b,k,k,b,b,,w,o,l,h,y,g
e,x,f,b,f,l,f,w,n,n,t,b,s,f,w,p,,w,o,e,n,v,l
p,f,f,u,t,c,f,w,n,n,e,e,s,s,w,w,,w,o,p,k,s,u
p,f,y,b,t,f,f,c,b,w,t,b,s,f,w,w,,w,o,p,h,y,g
e,x,f,u,f,l,f,c,b,p,e,b,s,s,b,g,,w,o,p,k,y,d
e,f,s,w,f,n,f,w,b,h,t,e,s,s,w,w,,w,o,e,k,s,g
e,x,y,n,t,n,f,c,b,w,t,b,s,s,w,w,,w,o,p,k,y,d
e,x,y,g,t,n,f,c,b,n,t,b,s,s,w,w,,w,o,p,k,v,d
e,f,y,n,t,n,f,c,b,u,t,b,s,s,w,w,,w,o,p,k,v,d
p,x,f,g,f,f,f,c,b,p,e,b,k,k,n,p,,w,o,l,h,v,p
e,k,y,n,t,n,f,c,b,w,e,?,s,s,e,e,,w,t,e,w,v,w
e,x,f,u,f,a,f,c,b,p,e,b,s,s,g,g,,w,o,p,k,y,d
e,k,s,b,t,n,f,c,b,w,e,?,s,s,w,e,,w,t,e,w,c,w
p,f,f,y,f,f,f,c,b,p,e,b,k,k,n,p,,w,o,l,h,v,g
p,f,y,b,t,f,f,c,b,p,t,b,s,s,g,w,,w,o,p,h,v,g
e,x,f,g,t,n,f,c,b,w,t,b,s,s,w,w,,w,o,p,n,y,d
e,x,s,y,f,n,f,w,b,e,e,?,s,s,w,w,,w,t,p,w,n,g
p,f,y,e,f,f,f,c,n,b,t,?,k,k,w,w,,w,o,e,w,v,d
p,f,y,r,t,c,f,c,n,p,t,b,s,f,w,w,,w,o,p,h,v,g
p,f,y,g,f,f,f,c,b,g,e,b,k,k,p,p,,w,o,l,h,v,d
e,f,s,y,t,l,f,w,b,g,e,b,k,s,w,w,,w,o,p,k,v,d
p,x,y,n,t,p,f,c,n,g,e,e,s,s,w,w,,w,o,p,n,s,g
p,x,y,e,f,s,f,c,n,b,t,?,s,y,p,w,,w,o,e,w,v,p
p,f,s,b,t,c,f,w,n,w,e,e,s,s,w,w,,w,o,p,n,v,u
e,k,y,n,t,n,f,c,b,g,e,?,s,s,w,w,,w,t,e,w,c,w
e,x,s,n,f,n,f,c,b,o,e,?,s,s,w,w,,w,o,p,o,c,l
p,f,y,c,t,y,f,c,n,p,t,b,s,s,w,w,,w,t,p,h,v,g
e,k,f,p,t,n,f,w,b,n,e,?,f,s,p,p,,w,o,e,y,s,d
e,f,y,e,t,n,f,c,b,w,t,b,s,s,g,g,,w,o,p,k,y,d
p,f,f,e,t,c,f,c,n,k,e,e,f,s,w,w,,w,o,p,k,v,u
p,x,y,g,t,f,f,c,b,p,t,b,s,s,w,w,,w,o,p,h,v,g
p,b,s,w,f,n,f,c,b,w,e,?,s,k,b,n,,w,o,e,w,c,d
e,x,s,w,f,n,f,w,b,e,e,?,s,k,w,w,,w,t,p,w,n,g
p,f,y,b,t,f,f,c,b,w,t,b,s,s,p,w,,w,o,p,h,v,u
p,x,y,g,f,f,f,c,b,g,e,b,k,k,b,p,,w,o,l,h,v,p
e,f,s,n,t,n,f,c,b,n,t,b,s,s,g,p,,w,o,p,n,v,d
p,k,y,n,f,f,f,c,n,b,t,?,k,k,p,w,,w,o,e,w,v,p
p,f,s,e,f,f,f,c,n,b,t,?,k,s,p,p,,w,o,e,w,v,p
e,f,f,g,f,n,f,w,b,k,t,e,s,f,p,w,,w,o,e,n,s,g
e,x,s,w,f,n,f,w,b,k,t,e,s,s,w,w,,w,o,e,n,s,g
e,f,y,b,t,n,f,c,n,u,e,b,s,s,w,w,,w,o,p,k,v,d
e,f,s,g,f,n,f,w,b,k,t,e,f,s,w,w,,w,o,e,k,a,g
e,x,y,c,f,l,f,w,b,y,e,?,k,s,w,w,,w,t,p,n,c,g
e,x,y,g,t,n,f,c,b,p,t,b,s,s,p,p,,w,o,p,k,y,d
p,f,s,n,f,y,f,c,n,b,t,?,k,k,p,w,,w,o,e,w,v,p
e,x,s,g,f,n,f,w,b,k,t,e,s,s,w,w,,w,o,e,n,s,g
p,x,y,e,f,y,f,c,n,b,t,?,k,k,w,p,,w,o,e,w,v,p
p,x,s,e,f,y,f,c,n,b,t,?,k,k,w,w,,w,o,e,w,v,p
e,x,y,y,t,l,f,c,b,p,e,r,s,y,w,w,,w,o,p,n,y,g
e,x,f,n,f,n,f,c,n,w,e,b,s,s,w,w,,w,o,e,w,v,p
e,x,s,n,f,n,f,w,b,h,t,e,s,s,w,w,,w,o,e,n,a,g
e,f,y,w,t,l,f,c,b,n,e,r,s,y,w,w,,w,o,p,k,s,p
p,f,s,e,f,y,f,c,n,b,t,?,s,k,p,w,,w,o,e,w,v,l
p,x,f,w,f,n,f,c,n,p,e,b,k,k,w,n,,w,o,l,h,v,p
e,f,s,n,f,n,f,w,b,n,t,e,s,s,p,w,,w,o,e,n,a,g
e,f,f,n,f,n,f,w,b,w,e,?,s,k,w,w,,w,t,p,w,s,g
p,x,y,e,f,f,f,c,n,b,t,?,k,k,w,p,,w,o,e,w,v,l
e,x,s,g,f,n,f,w,b,h,t,e,f,s,w,w,,w,o,e,k,a,g
p,x,s,g,f,f,f,c,b,p,e,b,k,k,n,n,,w,o,l,h,s,p
e,b,s,n,f,n,f,w,b,g,e,?,s,s,w,w,,w,t,p,w,c,g
e,f,f,g,f,n,f,w,b,w,t,b,s,s,p,p,,w,o,e,n,v,l
e,x,s,w,t,a,f,w,b,g,e,b,k,s,w,w,,w,o,p,n,v,d
e,f,f,y,t,l,f,c,b,p,e,b,s,s,g,g,,w,o,p,n,y,d
p,x,y,e,f,y,f,c,n,b,t,?,k,k,w,w,,w,o,e,w,v,d
e,f,f,n,t,n,f,c,b,w,t,b,s,s,p,w,,w,o,p,k,y,d
e,x,y,g,f,l,f,w,b,n,e,?,k,s,w,w,,w,t,p,n,v,g
e,x,s,n,t,n,f,c,b,e,e,?,s,s,e,e,,w,t,e,w,v,w
p,f,y,n,f,f,f,c,n,b,t,?,k,y,p,w,,w,o,e,w,v,d
p,x,f,g,f,f,f,c,b,h,e,b,k,k,n,p,,w,o,l,h,y,d
e,x,y,e,t,n,f,c,b,p,t,b,s,s,w,p,,w,o,p,n,y,d
e,x,f,g,t,n,f,c,b,n,t,b,s,s,w,p,,w,o,p,k,v,d
e,f,y,c,f,a,f,c,b,p,e,b,s,s,w,w,,w,o,p,n,y,d
e,x,y,n,t,n,f,c,b,n,t,b,s,s,w,w,,w,o,p,k,y,d
p,x,f,y,f,f,f,c,b,p,e,b,k,k,n,n,,w,o,l,h,v,d
p,f,y,n,f,y,f,c,n,b,t,?,s,s,w,p,,w,o,e,w,v,d
e,x,s,e,t,n,f,c,b,w,t,b,s,s,g,p,,w,o,p,n,v,d
p,f,y,n,f,s,f,c,n,b,t,?,s,s,w,w,,w,o,e,w,v,l
e,f,s,n,f,n,f,w,b,k,t,e,f,f,w,w,,w,o,e,k,s,g
e,x,s,y,t,l,f,c,b,n,e,c,s,s,w,w,,w,o,p,n,n,m
e,f,s,g,f,n,a,c,b,w,e,?,s,s,o,o,,o,o,p,w,c,l
p,k,s,n,f,f,f,c,n,b,t,?,k,k,p,p,,w,o,e,w,v,d
p,f,f,g,f,f,f,c,b,g,e,b,k,k,n,n,,w,o,l,h,y,p
p,k,s,n,f,y,f,c,n,b,t,?,s,s,p,w,,w,o,e,w,v,l
p,x,y,e,f,y,f,c,n,b,t,?,k,k,p,w,,w,o,e,w,v,l
p,x,f,w,t,f,f,c,b,p,t,b,s,f,w,w,,w,o,p,h,v,u
e,x,y,p,t,n,f,c,b,r,e,b,s,s,w,w,,w,o,p,r,y,d
e,x,f,b,t,n,f,c,n,g,e,b,y,y,c,b,,w,o,l,h,v,d
e,x,y,e,t,n,f,c,b,n,t,b,s,s,w,w,,w,o,p,k,v,d
p,x,y,w,t,p,f,c,n,p,t,b,s,f,w,w,,w,o,p,k,v,g
e,f,f,y,t,a,f,w,b,p,e,b,k,s,b,g,,w,o,p,k,v,d
e,x,s,p,t,n,f,c,b,g,e,?,y,f,b,p,,w,t,n,w,c,w
e,f,s,g,f,n,f,w,b,p,t,e,s,s,w,w,,w,o,e,k,a,g
e,k,s,w,f,n,a,w,b,y,e,?,k,f,o,o,,n,t,f,b,n,g
e,x,f,g,f,n,f,w,b,p,t,e,s,f,w,w,,w,o,e,k,a,g
e,x,f,g,t,n,f,c,b,u,t,b,s,s,g,p,,w,o,p,k,y,d
p,k,y,e,f,f,f,c,n,b,t,?,k,s,p,w,,w,o,e,w,v,d
e,f,y,g,t,n,f,c,b,n,t,b,s,s,w,w,,w,o,p,k,v,d
p,f,f,n,t,f,a,c,b,g,e,b,y,f,c,c,,w,o,f,h,v,u
e,x,s,n,t,n,f,w,b,w,e,c,s,s,w,w,,w,o,p,w,n,g
p,k,y,e,f,s,f,c,n,b,t,?,k,k,p,p,,w,o,e,w,v,l
p,x,y,n,f,f,f,c,n,b,t,?,k,k,w,p,,w,o,e,w,v,p
e,b,s,g,f,n,f,w,b,w,e,?,k,s,w,w,,w,t,p,w,s,g
p,f,s,n,f,f,f,c,n,b,t,?,k,s,w,w,,w,o,e,w,v,l
p,k,f,g,f,n,f,w,b,n,e,?,y,y,w,g,,w,o,n,o,n,p
p,x,s,n,f,y,f,c,n,b,t,?,k,s,p,w,,w,o,e,w,v,p
p,x,y,e,f,y,f,c,n,b,t,?,s,k,p,p,,w,o,e,w,v,p
e,f,f,g,t,n,f,w,b,u,t,b,f,s,g,p,,w,o,e,n,v,d
p,k,s,n,f,f,f,c,n,b,t,?,s,s,w,y,,w,o,e,w,v,d
e,x,y,y,t,a,f,c,b,g,e,c,s,s,w,w,,w,o,p,n,n,g
e,x,f,r,f,a,f,c,b,p,e,b,s,s,w,w,,w,o,p,n,y,p
p,x,y,y,f,f,f,c,b,p,e,b,k,k,n,n,,w,o,l,h,v,d
p,x,f,y,t,c,f,w,n,p,t,b,y,f,w,p,,w,o,e,k,v,l
p,k,y,n,f,s,f,c,n,b,t,?,k,k,w,p,,w,o,e,w,v,p
p,f,f,g,t,f,f,c,b,w,t,b,f,s,w,w,,w,o,p,h,y,g
p,x,s,n,f,y,f,c,n,b,t,?,s,k,p,w,,w,o,e,w,v,l
p,x,y,w,t,f,f,c,b,p,t,b,s,s,w,w,,w,o,p,h,y,g
p,x,s,e,f,s,f,c,n,b,t,?,s,k,w,p,,w,o,e,w,v,d
p,k,y,e,f,y,f,c,n,b,t,?,s,s,w,p,,w,o,e,w,v,p
e,f,y,e,t,n,f,c,b,n,t,b,s,s,w,p,,w,o,p,n,y,d
e,x,f,y,t,l,f,w,b,w,t,b,s,f,w,w,,w,o,f,r,v,d
e,b,s,n,f,n,a,c,b,y,e,?,s,s,o,o,,o,o,p,o,c,l
e,f,s,w,f,n,f,w,b,n,t,e,f,f,w,w,,w,o,e,k,a,g
p,x,s,y,f,f,f,c,b,h,e,b,k,k,b,b,,w,o,l,h,v,d
p,x,s,y,f,f,f,c,b,g,e,b,k,k,n,n,,w,o,l,h,v,d
e,b,y,w,t,l,f,c,b,g,e,c,s,s,w,w,,w,o,p,n,s,m
p,x,s,n,f,s,f,c,n,b,t,?,k,k,p,p,,w,o,e,w,v,l
p,f,f,u,t,s,a,w,b,n,t,b,s,s,o,o,,n,o,p,u,y,l
e,f,y,g,t,n,f,c,b,n,t,b,s,s,p,w,,w,o,p,k,y,d
p,f,s,w,t,p,f,c,n,p,e,e,s,s,w,w,,w,o,p,k,v,u
e,k,s,n,f,n,f,w,b,o,e,?,s,k,w,w,,w,t,p,b,n,g
e,x,y,p,t,n,f,c,b,g,e,?,s,s,w,e,,w,t,e,w,c,w
e,f,y,n,t,n,f,c,b,n,t,b,s,s,g,g,,w,o,p,n,y,d
p,k,y,n,f,y,f,c,n,b,t,?,k,k,w,p,,w,o,e,w,v,p
e,x,y,g,t,n,f,c,b,w,t,b,s,s,p,w,,w,o,p,k,v,d
p,f,f,g,t,c,f,c,n,n,e,e,f,s,w,w,,w,o,p,n,s,g
e,x,s,y,t,l,f,c,b,g,e,c,s,s,w,w,,w,o,p,k,s,g
p,k,s,e,f,s,f,c,n,b,t,?,s,s,p,p,,w,o,e,w,v,p
p,x,y,n,f,y,f,c,n,b,t,?,k,k,w,w,,w,o,e,w,v,p
e,x,y,g,t,n,f,c,b,p,t,b,s,s,w,p,,w,o,p,n,y,d
p,x,s,n,f,y,f,c,n,b,t,?,s,y,w,p,,w,o,e,w,v,p
e,f,f,e,t,n,f,c,b,p,t,b,s,s,w,g,,w,o,p,k,v,d
e,k,s,n,f,n,f,w,b,w,e,?,k,s,w,w,,w,t,p,w,n,g
p,f,s,e,f,f,f,c,n,b,t,?,s,s,w,w,,w,o,e,w,v,l
p,f,s,e,f,y,f,c,n,b,t,?,k,k,p,w,,w,o,e,w,v,l
p,x,f,w,t,p,f,c,n,n,e,e,s,s,w,w,,w,o,p,n,v,u
e,f,f,n,t,n,f,c,b,n,t,b,s,s,w,g,,w,o,p,n,v,d
e,x,s,w,f,n,f,w,b,k,t,e,s,s,w,w,,w,o,e,n,s,g
e,x,f,e,t,n,f,c,b,w,t,b,s,s,g,g,,w,o,p,n,v,d
e,x,s,n,t,n,f,c,b,e,e,?,f,k,e,g,,w,t,n,w,c,w
e,f,s,e,t,n,f,c,b,n,t,b,s,s,g,n,,w,o,p,k,v,d
e,f,s,n,f,n,f,w,b,k,t,e,f,s,w,w,,w,o,e,n,a,g
p,x,f,r,f,p,f,c,n,p,e,b,s,s,w,w,,w,o,p,k,v,p
p,x,y,g,f,f,f,c,b,g,e,b,k,k,n,b,,w,o,l,h,v,g
p,f,y,n,f,y,f,c,n,b,t,?,k,k,p,w,,w,o,e,w,v,d
p,f,f,g,f,f,f,c,b,g,e,b,k,k,n,b,,w,o,l,h,v,d
p,x,s,n,f,s,f,c,n,b,t,?,s,s,p,w,,w,o,e,w,v,p
e,b,f,w,f,n,f,w,b,w,e,?,s,s,w,w,,w,t,p,w,n,g
e,f,f,g,t,n,f,c,b,w,t,b,s,s,p,w,,w,o,p,n,y,d
e,f,f,e,t,n,f,c,b,w,t,b,s,s,w,p,,w,o,p,k,y,d
p,x,y,n,f,s,f,c,n,b,t,?,k,s,p,w,,w,o,e,w,v,d
e,f,s,g,t,n,f,c,b,n,t,b,s,s,w,g,,w,o,p,k,v,d
e,k,y,p,f,l,f,w,b,n,e,?,s,s,w,w,,w,t,p,n,c,g
p,f,s,n,f,y,f,c,n,b,t,?,s,s,p,p,,w,o,e,w,v,d
p,x,s,w,f,n,f,w,b,w,e,?,y,s,e,e,,w,n,e,w,s,m
p,x,f,g,t,c,f,c,n,k,e,e,f,s,w,w,,w,o,p,k,v,g
e,k,s,n,f,n,f,w,b,g,e,?,s,k,w,w,,w,t,p,w,n,g
p,x,s,n,f,y,f,c,n,b,t,?,k,k,p,w,,w,o,e,w,v,p
p,x,y,w,t,f,f,c,b,p,t,b,s,f,w,w,,w,o,p,h,v,u
p,x,s,y,f,f,f,c,b,h,e,b,k,k,b,p,,w,o,l,h,s,g
e,k,s,g,f,n,f,w,b,w,e,?,k,k,w,w,,w,t,p,w,n,g
e,s,f,n,f,n,f,c,n,k,e,e,s,s,w,w,,w,o,p,n,y,u
e,x,s,n,t,n,f,c,b,w,e,?,s,s,w,w,,w,t,e,w,c,w
e,f,f,e,t,n,f,c,b,w,t,b,s,f,p,w,,w,o,e,w,y,d
e,x,s,g,f,n,f,w,b,n,t,e,s,f,w,w,,w,o,e,k,a,g
e,f,y,g,t,n,f,c,b,w,t,b,s,s,g,g,,w,o,p,k,y,d
p,f,y,n,f,s,f,c,n,b,t,?,k,k,w,p,,w,o,e,w,v,p
p,x,y,e,f,y,f,c,n,b,t,?,s,s,w,p,,w,o,e,w,v,p
p,f,s,e,f,s,f,c,n,b,t,?,k,k,w,p,,w,o,e,w,v,l
p,k,y,e,f,s,f,c,n,b,t,?,k,k,p,p,,w,o,e,w,v,l
e,f,y,y,t,l,f,c,b,p,e,b,s,s,w,w,,w,o,p,n,y,d
p,k,s,n,f,y,f,c,n,b,t,?,k,s,w,y,,w,o,e,w,v,l
p,x,s,n,t,p,f,c,n,n,e,e,s,s,w,w,,w,o,p,n,s,g
e,b,y,w,t,l,f,c,b,n,e,c,s,s,w,w,,w,o,p,k,n,g
e,b,s,g,f,n,f,w,b,e,e,?,s,k,w,w,,w,t,p,w,s,g
e,k,s,p,t,n,f,c,b,p,e,?,s,s,w,e,,w,t,e,w,c,w
e,f,y,e,t,n,f,c,b,w,t,b,s,s,g,g,,w,o,p,k,v,d
p,x,y,e,f,f,f,c,n,b,t,?,s,s,p,w,,w,o,e,w,v,p
p,x,f,g,f,c,f,c,n,u,e,b,f,s,w,w,,w,o,p,n,s,d
e,x,y,g,t,n,f,c,n,p,t,b,s,s,w,w,,w,o,p,h,v,d
p,x,f,g,f,f,f,c,b,g,e,b,k,k,b,n,,w,o,l,h,v,g
e,f,s,g,f,n,f,w,b,k,t,e,s,s,w,w,,w,o,e,n,s,g
e,b,s,c,f,l,f,w,b,y,e,?,s,s,w,w,,w,t,p,n,c,g
p,x,y,y,f,f,f,c,b,h,e,b,k,k,b,b,,w,o,l,h,v,d
e,f,y,n,t,n,f,c,b,r,e,b,s,s,p,p,,w,o,p,r,y,d
e,x,y,y,t,l,f,w,b,w,e,b,k,s,w,w,,w,o,p,k,v,d
e,f,f,e,t,n,f,c,b,w,t,b,s,s,w,g,,w,o,p,n,y,d
p,k,y,n,f,s,f,c,n,b,t,?,s,k,w,w,,w,o,e,w,v,p
e,x,f,w,f,a,f,c,b,w,t,b,s,s,p,w,,w,o,e,w,y,d
p,x,y,g,f,f,f,c,b,g,e,b,k,k,p,n,,w,o,l,h,y,p
e,f,s,w,f,n,f,w,b,k,t,e,f,f,w,w,,w,o,e,k,a,g
e,f,f,n,t,n,f,c,b,w,t,b,s,s,p,p,,w,o,p,n,y,d
e,x,y,w,t,l,f,c,b,n,e,c,s,s,w,w,,w,o,p,k,s,m
e,x,y,w,t,l,f,c,b,k,e,c,s,s,w,w,,w,o,p,k,s,m
p,f,s,e,f,s,f,c,n,b,t,?,s,s,w,p,,w,o,e,w,v,d
e,b,y,y,t,l,f,c,b,n,e,c,s,s,w,w,,w,o,p,n,s,m
p,f,s,n,f,f,f,c,n,b,t,?,s,k,b,n,,w,o,e,w,v,l
e,x,s,n,f,n,f,c,n,w,e,b,k,y,n,b,,w,o,l,h,v,d
p,f,s,e,f,f,f,c,n,b,t,?,k,s,w,p,,w,o,e,w,v,l
p,f,y,n,f,s,f,c,n,b,t,?,s,k,w,p,,w,o,e,w,v,l
e,f,s,n,f,n,f,w,b,p,t,e,s,f,w,w,,w,o,e,n,s,g
e,f,f,e,t,n,f,c,b,w,t,b,s,s,w,p,,w,o,p,k,y,d
e,f,f,e,t,n,f,c,b,p,t,b,s,s,p,p,,w,o,p,k,y,d
e,f,y,w,t,a,f,c,b,w,e,r,s,y,e,w,,w,o,p,n,s,p
p,f,y,n,f,y,f,c,n,b,t,?,s,s,w,n,,w,o,e,w,v,l
p,x,s,g,f,f,f,c,b,g,e,b,k,k,n,b,,w,o,l,h,s,p
e,b,s,w,t,a,f,c,b,w,e,c,s,s,w,w,,w,o,p,n,n,m
p,f,s,n,f,n,f,c,b,e,e,?,k,k,b,p,,w,o,e,w,c,d
e,x,y,g,t,n,f,c,b,p,t,b,s,s,w,w,,w,o,p,k,v,d
p,x,y,g,f,f,f,c,b,g,e,b,k,k,n,p,,w,t,l,h,v,p
p,x,y,e,f,f,f,c,n,b,t,?,k,k,w,p,,w,o,e,w,v,p
e,f,s,n,f,n,f,w,b,k,t,e,s,s,w,w,,w,o,e,k,s,g
e,b,y,n,f,n,a,c,b,o,e,?,s,s,o,o,,o,o,p,b,c,l
p,k,s,e,f,f,f,c,n,b,t,?,k,k,w,w,,w,o,e,w,v,p
e,x,y,y,t,l,f,c,b,k,e,c,s,s,w,w,,w,o,p,n,n,m
p,x,s,w,t,p,f,c,n,k,e,e,s,s,w,w,,w,o,p,k,s,u
e,x,y,g,t,n,f,c,b,w,t,b,s,s,p,p,,w,o,p,n,y,d
p,x,f,g,f,f,f,c,b,h,e,b,k,k,b,p,,w,o,l,h,v,d
p,f,s,n,f,y,f,c,n,b,t,?,k,k,w,p,,w,o,e,w,v,p
p,f,y,e,f,f,f,c,n,b,t,?,k,k,w,w,,w,o,e,w,v,d
e,x,f,g,t,n,f,c,b,p,t,b,s,s,p,w,,w,o,p,k,y,d
p,x,y,g,f,f,f,c,b,g,e,b,k,k,p,n,,w,o,l,h,y,d
e,x,f,p,t,n,f,c,n,g,e,b,k,k,w,p,,w,o,l,h,v,d
e,c,y,b,t,n,f,c,n,p,e,?,s,s,w,w,,w,t,e,w,y,w
p,f,y,e,f,s,f,c,n,b,t,?,k,s,w,p,,w,o,e,w,v,d
p,x,y,b,t,f,f,c,b,p,t,b,f,s,w,w,,w,o,p,h,v,g
p,f,y,n,f,y,f,c,n,b,t,?,k,s,w,p,,w,o,e,w,v,d
p,f,y,y,f,f,f,c,b,p,e,b,k,k,n,n,,w,o,l,h,v,d
e,x,y,y,t,a,f,c,b,k,e,c,s,s,w,w,,w,o,p,k,s,m
e,x,f,g,f,n,f,w,b,n,t,e,f,s,p,w,,w,o,e,k,s,g
e,f,f,n,t,n,f,c,b,p,t,b,s,s,w,w,,w,o,p,k,v,d
e,b,s,n,t,a,f,c,b,w,e,c,s,s,w,w,,w,o,p,k,s,g
e,f,y,p,t,n,f,c,n,g,e,b,k,s,w,n,,w,o,l,h,v,d
e,f,f,c,f,n,f,w,b,g,e,?,k,s,w,w,,w,t,p,w,n,g
e,x,f,w,f,n,f,c,n,w,e,e,s,s,w,w,,w,o,p,k,y,u
e,x,s,y,t,a,f,c,b,w,e,c,s,s,w,w,,w,o,p,n,s,g
p,f,s,n,f,f,f,c,n,b,t,?,k,k,w,w,,w,o,e,w,v,l
e,x,s,n,f,n,f,c,n,h,e,?,k,s,w,n,,w,o,l,h,v,l
e,x,s,e,t,n,f,c,b,w,t,b,s,s,p,g,,w,o,p,n,v,d
e,x,s,y,t,a,f,c,b,n,e,c,s,s,w,w,,w,o,p,k,n,g
e,x,s,g,f,n,f,c,n,g,e,b,y,k,c,p,,w,o,l,h,v,p
e,f,y,n,t,l,f,c,b,p,e,b,s,s,p,p,,w,o,p,n,y,d
p,k,s,e,f,y,f,c,n,b,t,?,s,k,w,w,,w,o,e,w,v,l
e,f,y,g,t,n,f,c,b,w,t,b,s,s,g,g,,w,o,p,k,y,d
p,x,y,y,f,f,f,c,b,g,e,b,k,k,b,b,,w,o,l,h,v,g
e,f,y,e,t,n,f,c,b,w,t,b,s,s,p,p,,w,o,p,k,y,d
e,f,s,g,f,n,f,w,b,k,t,e,f,f,p,w,,w,o,e,k,s,g
p,x,y,b,t,f,f,c,b,w,t,b,f,f,w,w,,w,o,p,h,v,u
p,x,s,n,t,p,f,c,n,p,e,e,f,s,w,w,,w,o,p,n,v,u
e,f,f,w,t,p,f,c,n,p,t,b,s,s,w,w,,w,o,p,h,v,d
e,f,f,w,f,n,f,w,b,h,t,e,f,s,p,w,,w,o,e,k,s,g
p,x,s,n,f,f,f,c,n,b,t,?,k,k,w,w,,w,o,e,w,v,p
p,k,s,n,f,f,f,c,n,b,t,?,s,k,w,p,,w,o,e,w,v,d
p,x,f,g,f,f,f,c,b,h,e,b,k,k,b,n,,w,o,l,h,s,d
e,x,f,w,f,a,f,w,n,n,t,b,f,f,w,p,,w,o,e,k,v,l
p,x,s,e,f,y,f,c,n,b,t,?,s,s,w,w,,w,o,e,w,v,p
p,x,y,g,t,f,f,c,b,h,t,b,s,s,w,w,,w,o,p,h,v,u
p,f,s,n,t,p,f,c,n,k,e,e,f,s,w,w,,w,o,p,k,s,u
p,x,f,p,f,p,f,c,n,w,e,b,s,s,w,w,,w,o,p,n,v,d
e,b,s,p,t,n,f,w,b,y,e,c,s,s,w,w,,w,o,p,w,n,g
p,k,y,e,f,f,f,c,n,b,t,?,s,k,w,w,,w,o,e,w,v,l
p,f,s,e,f,y,f,c,n,b,t,?,k,k,w,p,,w,o,e,w,v,d
e,f,y,n,t,n,f,c,b,w,t,b,s,s,g,p,,w,o,p,k,y,d
e,f,y,e,t,n,f,c,b,u,t,b,s,s,w,g,,w,o,p,k,v,d
p,x,s,e,f,y,f,c,n,b,t,?,s,k,w,w,,w,o,e,w,v,d
e,x,y,y,t,a,f,c,b,w,e,r,s,y,w,w,,w,o,p,k,s,g
e,f,f,g,t,n,f,c,b,u,t,b,s,s,w,p,,w,o,p,k,v,d
p,f,f,y,f,f,f,c,b,h,e,b,k,k,p,n,,w,t,l,h,v,g
e,x,y,n,t,l,f,c,b,p,e,b,s,s,p,g,,w,o,p,n,y,d
e,x,s,g,f,n,f,w,b,k,t,e,f,f,w,w,,w,o,e,n,a,g
e,b,s,y,t,a,f,c,b,g,e,c,s,s,w,w,,w,o,p,n,s,m
e,x,s,n,t,n,f,c,b,u,t,b,s,s,g,g,,w,o,p,n,v,d
e,x,s,p,t,n,f,w,b,n,e,c,s,s,p,n,,w,n,p,n,n,w
e,x,f,n,f,n,f,w,b,k,t,e,f,f,w,w,,w,o,e,n,s,g
p,f,s,n,f,f,f,c,n,b,t,?,s,k,w,w,,w,o,e,w,v,p
e,f,f,r,f,n,a,c,b,o,e,?,s,s,o,o,,n,o,p,y,v,l
p,f,f,y,f,f,f,c,b,p,e,b,k,k,b,n,,w,o,l,h,y,g
e,f,y,g,t,n,f,c,b,w,t,b,s,s,w,w,,w,o,p,k,v,d
p,f,s,n,f,f,f,c,n,b,t,?,k,k,p,p,,w,o,e,w,v,d
e,x,y,y,t,l,f,c,b,w,e,r,s,y,w,w,,w,o,p,n,s,p
e,x,y,n,t,n,f,c,b,g,e,b,s,s,w,w,,w,o,p,r,v,d
e,x,y,e,t,n,f,c,b,p,t,b,s,s,w,w,,w,o,p,k,v,d
e,x,f,e,t,n,f,c,b,w,t,b,s,s,w,p,,w,o,p,n,v,d
p,x,s,e,f,y,f,c,n,b,t,?,k,k,w,w,,w,o,e,w,v,l
p,x,y,b,t,f,f,c,b,w,t,b,s,s,w,w,,w,o,p,h,y,g
e,b,s,y,t,l,f,c,b,g,e,c,s,s,w,w,,w,o,p,k,s,g
e,f,y,e,t,n,f,c,b,n,t,b,s,s,w,p,,w,o,p,n,y,d
p,k,s,n,f,y,f,c,n,b,t,?,k,k,p,p,,w,o,e,w,v,l
p,k,y,n,f,f,f,c,n,b,t,?,k,s,p,p,,w,o,e,w,v,p
e,x,f,y,t,a,f,c,b,p,e,b,s,s,b,p,,w,o,p,k,y,d
e,b,f,g,f,n,f,w,b,p,e,?,s,k,w,w,,w,t,p,w,n,g
e,f,f,g,f,n,f,w,b,k,t,e,f,s,w,w,,w,o,e,n,a,g
e,x,y,w,t,l,f,c,b,w,e,r,s,y,w,w,,w,o,p,n,s,g
p,x,y,n,f,y,f,c,n,b,t,?,s,s,p,w,,w,o,e,w,v,p
p,x,y,g,f,f,f,c,b,h,e,b,k,k,n,p,,w,o,l,h,v,g
e,k,f,w,f,n,f,w,b,w,e,?,s,k,w,w,,w,t,p,w,n,g
p,f,s,w,t,p,f,c,n,n,e,e,f,s,w,w,,w,o,p,n,s,u
p,x,y,u,t,m,f,c,b,p,e,?,k,f,c,c,,w,o,n,w,c,d
e,x,s,p,t,n,f,w,b,w,e,c,s,s,w,w,,w,o,p,w,n,u
p,x,f,w,t,f,f,c,b,h,t,b,s,f,w,w,,w,o,p,h,v,g
e,f,y,g,f,n,a,c,b,g,e,?,s,k,o,o,,o,o,p,w,v,l
p,x,s,y,f,f,f,c,b,p,e,b,k,k,p,p,,w,o,l,h,s,g
e,f,s,g,f,n,f,w,b,k,t,e,s,s,p,w,,w,o,e,n,s,g
p,x,s,n,f,f,f,c,n,b,t,?,s,s,p,p,,w,o,e,w,v,l
e,b,y,w,t,l,f,c,b,w,e,c,s,s,w,w,,w,o,p,k,n,m
p,x,s,e,f,s,f,c,n,b,t,?,s,s,w,y,,w,o,e,w,v,d
e,x,f,g,t,n,f,c,b,p,t,b,s,s,w,w,,w,o,p,k,v,d
e,x,s,w,t,a,f,c,b,k,e,c,s,s,w,w,,w,o,p,k,n,g
e,k,f,w,f,l,f,w,n,p,t,b,f,s,p,p,,w,o,e,n,v,l
e,x,s,g,t,n,f,c,b,n,t,b,s,s,w,w,,w,o,p,k,v,d
p,x,s,n,f,s,f,c,n,b,t,?,s,k,p,w,,w,o,e,w,v,p
e,x,s,y,t,l,f,c,b,n,e,c,s,s,w,w,,w,o,p,k,s,g
p,f,y,n,f,y,f,c,n,b,t,?,s,k,p,p,,w,o,e,w,v,d
p,f,f,y,t,m,a,c,b,w,t,b,k,s,p,c,,w,t,e,w,v,m
e,f,s,n,f,n,f,w,b,n,t,e,f,s,w,w,,w,o,e,n,s,g
e,f,y,n,t,n,f,c,b,n,t,b,s,s,w,w,,w,o,p,k,v,d
e,x,f,g,f,n,f,w,b,p,t,e,s,f,w,w,,w,o,e,k,s,g
e,b,s,n,t,a,f,c,b,g,e,c,s,s,e,w,,w,o,p,n,n,m
e,x,f,w,t,n,f,w,b,e,e,?,s,s,b,p,,w,o,e,w,n,p
e,x,y,n,t,n,f,c,b,n,t,b,s,s,w,g,,w,o,p,k,v,d
e,x,s,p,t,n,f,w,b,e,e,?,s,s,b,p,,w,o,e,w,n,l
e,f,s,g,t,n,f,c,b,w,t,b,s,s,w,g,,w,o,p,n,v,d
p,f,y,n,f,s,f,c,n,b,t,?,k,s,w,w,,w,o,e,w,v,p
e,f,y,e,t,n,f,c,b,p,t,b,s,s,w,p,,w,o,p,k,v,d
p,x,f,e,t,n,f,c,b,r,e,b,s,s,w,w,,w,o,p,r,v,g
p,f,s,n,f,y,f,c,n,b,t,?,s,k,w,p,,w,o,e,w,v,l
p,f,f,y,t,c,f,w,n,n,e,e,s,s,w,n,,w,o,p,n,v,p
p,f,s,e,f,y,f,c,n,b,t,?,k,s,p,p,,w,o,e,w,v,p
e,f,s,n,f,n,f,w,b,n,t,e,f,s,w,w,,w,o,e,k,a,g
p,x,y,e,f,s,f,c,n,b,t,?,s,k,p,w,,w,o,e,w,v,d
e,f,f,y,t,a,f,c,b,p,e,b,s,s,b,g,,w,o,p,k,y,d
p,f,s,n,f,y,f,c,n,b,t,?,k,k,p,w,,w,o,e,w,v,l
e,x,f,n,t,n,f,c,b,p,t,b,s,s,w,w,,w,o,p,n,v,d
p,x,s,e,f,y,f,c,n,b,t,?,s,s,p,p,,w,o,e,w,v,l
e,k,f,y,f,n,f,w,b,w,e,?,s,s,w,w,,w,t,p,w,s,g
e,f,f,g,f,n,f,w,b,k,t,e,f,s,g,w,,w,o,e,k,s,g
p,x,s,n,f,y,f,c,n,b,t,?,s,k,w,w,,w,o,e,w,v,l
p,x,s,e,f,y,f,c,n,b,t,?,k,k,p,p,,w,o,e,w,v,l
e,x,y,n,t,n,f,c,b,w,t,b,s,s,w,w,,w,o,p,n,v,d
p,x,y,y,f,f,f,c,b,h,e,b,k,k,b,p,,w,o,l,h,v,p
e,x,y,w,t,a,f,c,b,p,e,r,s,y,w,w,,w,o,p,n,y,p
e,x,y,n,t,n,f,c,b,u,t,b,s,s,w,w,,w,o,p,k,v,d
p,x,s,p,t,f,f,c,b,h,e,b,k,s,b,b,,w,t,f,h,s,m
p,k,s,n,f,s,f,c,n,b,t,?,s,s,w,p,,w,o,e,w,v,d
e,f,y,g,t,n,f,c,b,p,t,b,s,s,p,w,,w,o,p,n,v,d
p,f,y,y,f,f,f,c,b,p,e,b,k,k,b,n,,w,o,l,h,v,g
p,f,y,e,f,f,f,c,n,b,t,?,k,k,e,n,,w,o,e,w,v,d
p,f,s,n,f,y,f,c,n,b,t,?,k,k,w,w,,w,o,e,w,v,p
p,x,f,n,t,n,f,w,n,w,e,e,s,s,w,p,,w,t,p,k,s,d
p,f,y,b,t,f,f,c,b,p,t,b,s,f,g,w,,w,o,p,h,v,g
e,k,s,n,t,n,f,c,b,w,e,?,s,s,w,w,,w,t,e,w,c,w
p,f,y,n,f,y,f,c,n,b,t,?,s,k,p,w,,w,o,e,w,v,p
p,x,y,e,f,y,f,c,n,b,t,?,s,s,w,p,,w,o,e,w,v,l
e,f,y,n,t,n,f,c,b,n,t,b,s,s,w,w,,w,o,p,n,y,d
p,k,f,e,f,m,f,w,b,w,e,?,s,k,e,e,,w,t,p,w,n,w
p,f,s,n,f,s,f,c,n,b,t,?,k,s,w,p,,w,o,e,w,v,d
e,x,y,n,t,n,f,c,b,u,t,b,s,s,n,n,,w,o,p,n,v,d
p,f,f,g,f,f,f,c,b,p,e,b,k,k,n,n,,w,o,l,h,v,g
e,f,f,n,t,n,f,c,b,n,t,b,s,s,w,g,,w,o,p,k,v,d
p,f,y,e,f,f,f,c,n,b,t,?,s,s,p,p,,w,o,e,w,v,l
e,x,f,n,t,n,f,c,b,p,t,b,s,s,g,w,,w,o,p,k,y,d
e,x,s,y,t,l,f,c,b,g,e,c,s,s,e,w,,w,o,p,n,n,g
p,x,s,n,t,p,f,c,n,w,e,e,s,s,w,w,,w,o,p,n,s,g
p,f,f,y,f,f,f,c,b,h,e,b,k,k,p,p,,w,t,l,h,v,p
p,f,f,y,f,f,f,c,b,h,e,b,k,k,n,n,,w,t,l,h,v,g
p,x,f,y,f,f,f,c,b,h,e,b,k,k,b,b,,w,o,l,h,v,p
p,x,f,y,t,c,f,c,n,w,e,e,f,s,w,w,,w,o,p,k,s,u
e,x,f,g,f,n,f,w,b,h,t,e,s,s,w,w,,w,o,e,k,a,g
e,f,f,n,t,n,f,c,b,w,t,b,s,s,g,w,,w,o,p,n,y,d
e,x,s,n,f,n,f,w,b,n,t,e,s,f,w,w,,w,o,e,n,a,g
e,f,y,b,t,n,a,c,n,h,e,?,y,s,c,o,,w,t,l,h,y,w
e,k,y,n,f,n,f,c,n,u,e,?,y,s,o,b,,n,o,l,h,y,d
e,f,s,e,t,n,f,c,b,u,t,b,s,s,w,p,,w,o,p,k,v,d
p,f,f,g,t,f,f,c,b,w,t,b,s,s,w,w,,w,o,p,h,y,g
e,x,f,g,t,n,f,c,b,w,t,b,s,s,g,w,,w,o,p,k,v,d
e,x,y,g,t,n,f,c,b,u,t,b,s,s,g,p,,w,o,p,k,y,d
p,k,y,e,f,f,f,c,n,b,t,?,s,s,p,w,,w,o,e,w,v,p
e,f,y,e,t,n,f,c,b,u,t,b,s,s,w,w,,w,o,p,n,y,d
e,x,y,g,t,n,f,c,b,n,t,b,s,s,g,g,,w,o,p,k,y,d
e,x,s,g,f,n,f,c,n,h,e,?,s,f,w,w,,w,o,l,h,v,l
p,x,y,n,f,y,f,c,n,b,t,?,s,s,p,p,,w,o,e,w,v,p
p,f,y,e,f,f,f,c,n,b,t,?,s,k,p,w,,w,o,e,w,v,l
p,x,s,n,f,f,f,c,n,b,t,?,s,k,p,w,,w,o,e,w,v,l
p,f,s,e,f,s,f,c,n,b,t,?,s,k,w,p,,w,o,e,w,v,d
e,x,s,w,f,a,f,w,b,y,e,?,s,s,w,w,,w,t,p,n,c,g
e,x,y,w,t,a,f,c,b,g,e,c,s,s,w,w,,w,o,p,k,n,m
e,x,f,y,t,a,f,w,b,w,e,b,s,s,c,g,,w,o,p,n,v,d
e,x,y,w,t,l,f,c,b,p,e,r,s,y,w,w,,w,o,p,k,s,g
p,f,f,r,t,c,a,w,n,p,e,e,s,s,o,o,,n,n,p,n,v,w
e,x,y,w,t,a,f,c,b,n,e,r,s,y,w,w,,w,o,p,k,s,g
p,x,s,e,f,s,f,c,n,b,t,?,k,s,p,w,,w,o,e,w,v,d
p,x,s,e,f,y,f,c,n,b,t,?,k,s,p,w,,w,o,e,w,v,d
e,x,s,e,t,n,f,c,b,n,t,b,s,s,p,w,,w,o,p,n,v,d
p,k,s,e,f,s,f,c,n,b,t,?,k,k,p,p,,w,o,e,w,v,p
e,f,f,g,t,n,f,c,b,u,t,b,s,s,p,w,,w,o,p,k,v,d
p,f,s,y,f,f,f,c,b,p,e,b,k,k,p,n,,w,o,l,h,v,p
e,s,y,p,t,n,f,c,n,w,e,?,s,s,w,w,,w,t,e,w,y,w
e,f,s,w,f,n,f,w,b,h,t,e,s,s,w,w,,w,o,e,n,a,g
p,x,s,y,f,f,f,c,b,g,e,b,k,k,p,n,,w,o,l,h,v,p
p,f,y,w,t,p,f,c,n,w,e,e,s,s,w,w,,w,o,p,k,v,g
p,k,s,e,f,s,f,c,n,b,t,?,k,k,w,w,,w,o,e,w,v,d
e,x,s,g,f,n,f,c,b,n,e,?,s,k,e,g,,w,o,p,o,v,d
p,f,y,g,f,f,f,c,b,g,e,b,k,k,n,n,,w,o,l,h,y,g
e,b,s,n,t,l,f,c,b,g,e,c,s,s,w,w,,w,o,p,n,s,g
p,k,s,n,f,f,f,c,n,b,t,?,s,s,p,w,,w,o,e,w,v,l
p,x,s,e,f,s,f,c,n,b,t,?,s,k,w,p,,w,o,e,w,v,l
e,f,f,g,t,n,f,c,b,u,t,b,s,s,w,w,,w,o,p,n,v,d
p,f,s,b,t,n,f,w,n,n,e,e,s,s,w,w,,w,n,p,k,s,p
e,f,y,g,t,n,f,c,b,n,t,b,s,s,w,w,,w,o,p,n,y,d
e,x,s,w,f,n,f,c,n,n,e,e,s,s,w,w,,w,o,p,k,v,u
e,x,f,n,f,n,f,w,b,e,e,?,k,s,w,w,,w,t,p,w,n,g
e,k,f,y,f,a,f,c,b,n,e,?,s,k,g,g,,w,o,p,n,n,d
e,x,y,w,t,a,f,c,b,w,e,c,s,s,w,w,,w,o,p,n,s,m
e,x,y,e,t,n,f,c,b,n,t,b,s,s,w,w,,w,o,p,k,v,d
e,x,f,w,f,n,f,w,b,p,t,e,s,s,w,w,,w,o,e,n,s,g
p,f,y,g,t,f,f,c,b,h,t,b,s,f,w,w,,w,o,p,h,v,u
e,x,y,b,t,n,f,c,b,g,e,b,s,s,w,w,,w,o,p,r,v,d
e,x,f,e,t,n,f,c,b,n,t,b,s,s,g,p,,w,o,p,n,v,d
p,k,s,e,f,f,f,c,n,b,t,?,k,k,p,p,,w,o,e,w,v,d
p,x,s,n,f,f,f,c,n,b,t,?,s,s,w,p,,w,o,e,w,v,l
p,x,f,g,f,c,f,c,n,w,e,b,f,f,n,p,,w,o,p,n,s,d
e,x,s,b,f,a,a,w,b,w,e,b,s,s,o,o,,n,o,p,n,v,l
e,x,s,e,t,n,f,c,b,u,t,b,s,s,p,g,,w,o,p,n,v,d
e,f,f,g,f,n,f,c,n,p,e,e,s,s,w,w,,w,o,p,n,v,u
e,x,y,e,t,n,f,c,b,u,t,b,s,s,w,w,,w,o,p,k,y,d
e,k,y,p,t,n,f,c,b,g,e,?,s,s,e,e,,w,t,e,w,c,w
e,f,y,g,t,n,f,c,b,u,t,b,s,s,w,p,,w,o,p,n,y,d
p,x,f,w,t,f,f,c,b,p,t,b,s,s,w,w,,w,o,p,h,v,g
e,f,s,w,f,n,f,w,b,p,t,e,f,s,p,w,,w,o,e,k,a,g
e,x,s,n,t,n,f,c,b,u,t,b,s,s,g,w,,w,o,p,k,v,d
e,b,f,g,f,n,f,w,b,o,e,?,s,s,w,w,,w,t,p,y,n,g
p,f,s,e,f,s,f,c,n,b,t,?,k,s,p,p,,w,o,e,w,v,d
e,f,s,g,f,n,f,w,n,k,e,e,s,s,w,w,,w,o,p,n,v,g
e,x,f,n,t,n,f,c,b,n,t,b,s,s,w,w,,w,o,p,k,v,d
p,f,s,g,f,f,f,c,b,g,e,b,k,k,b,b,,w,o,l,h,s,p
p,x,y,e,f,s,f,c,n,b,t,?,s,s,p,p,,w,o,e,w,v,l
e,x,y,n,f,n,a,c,b,o,e,?,s,s,o,o,,n,o,p,b,v,l
e,x,y,g,t,n,f,c,b,n,t,b,s,s,p,g,,w,o,p,k,y,d
e,f,y,g,t,n,f,c,b,n,t,b,s,s,p,p,,w,o,p,k,y,d
p,f,s,c,f,m,f,c,b,p,e,b,s,s,w,w,,w,o,p,u,v,g
p,x,f,y,f,f,f,c,b,p,e,b,k,k,b,n,,w,o,l,h,y,d
e,x,s,n,f,n,f,w,b,w,e,?,s,k,w,w,,w,t,p,w,n,g
e,f,f,y,t,a,f,c,b,g,e,b,s,s,c,g,,w,o,p,k,y,d
p,f,y,w,f,n,f,c,b,w,e,?,k,y,n,p,,w,o,e,w,c,p
e,x,f,n,f,n,f,c,n,g,e,e,s,s,w,w,,w,o,p,n,v,u
e,b,s,n,f,n,f,w,b,n,e,?,k,s,w,w,,w,t,p,y,v,g
p,f,f,g,f,f,f,c,b,h,e,b,k,k,b,b,,w,o,l,h,y,d
e,x,y,w,f,n,f,c,n,k,e,e,s,s,w,w,,w,o,p,k,v,u
p,x,y,g,f,f,f,c,b,h,e,b,k,k,p,b,,w,o,l,h,y,g
e,x,y,y,t,a,f,c,b,w,e,c,s,s,e,w,,w,o,p,k,n,m
p,x,s,n,f,s,f,c,n,b,t,?,k,s,w,w,,w,o,e,w,v,p
e,x,y,w,t,l,f,c,b,n,e,r,s,y,w,w,,w,o,p,n,y,g
p,f,s,n,f,y,f,c,n,b,t,?,s,s,p,p,,w,o,e,w,v,d
e,f,y,g,f,n,f,c,n,w,e,?,y,y,w,y,,w,o,l,h,y,l
e,f,f,n,t,n,f,c,b,u,t,b,s,s,w,w,,w,o,p,k,v,d
p,x,y,y,f,f,f,c,b,h,e,b,k,k,n,p,,w,o,l,h,v,p
e,k,s,w,f,n,a,c,b,o,e,?,s,s,o,o,,o,o,p,n,c,l
p,k,s,e,f,y,f,c,n,b,t,?,k,k,p,w,,w,o,e,w,v,l
e,x,y,w,f,n,f,w,b,h,t,e,s,s,g,w,,w,o,e,n,s,g
p,x,y,n,t,p,f,c,n,n,e,e,s,s,w,w,,w,o,p,n,s,u
e,b,y,y,t,l,f,c,b,g,e,c,s,s,w,w,,w,o,p,n,n,g
p,f,f,g,f,f,f,c,b,h,e,b,k,k,b,n,,w,o,l,h,v,d
e,f,f,e,t,n,f,c,b,u,t,b,s,s,w,w,,w,o,p,n,y,d
p,k,s,n,f,f,f,c,n,b,t,?,s,k,w,p,,w,o,e,w,v,d
p,x,f,p,t,n,f,c,b,g,e,b,f,f,w,w,,w,o,p,r,y,u
e,b,s,w,t,l,f,c,b,n,e,c,s,s,w,w,,w,o,p,k,s,g
p,k,y,n,f,y,f,c,n,b,t,?,k,s,w,w,,w,o,e,w,v,l
e,f,f,n,f,n,f,w,b,p,t,e,f,s,w,w,,w,o,e,k,a,g
e,b,s,y,t,a,f,c,b,n,e,c,s,s,w,w,,w,o,p,k,n,g
p,x,f,y,f,f,f,c,b,p,e,b,k,k,b,p,,w,o,l,h,y,d
p,f,f,g,f,f,f,c,b,g,e,b,k,k,b,n,,w,o,l,h,v,d
p,f,f,w,t,f,f,c,b,p,t,b,s,s,w,w,,w,t,p,h,s,m
e,x,f,n,f,n,f,w,b,k,t,e,s,f,w,w,,w,o,e,n,a,g
e,f,y,e,t,n,f,c,b,u,t,b,s,s,w,w,,w,o,p,k,v,d
p,f,f,y,f,f,f,c,b,g,e,b,k,k,b,b,,w,o,l,h,y,p
p,f,s,w,t,m,f,c,n,p,t,b,s,s,p,w,,w,o,p,h,s,g
e,x,f,n,t,n,f,c,b,w,t,b,s,s,w,w,,w,o,p,n,y,d
p,f,y,y,f,f,f,c,b,h,e,b,k,k,b,p,,w,o,l,h,v,g
p,x,s,e,f,y,f,c,n,b,t,?,k,k,p,w,,w,o,e,w,v,l
e,x,f,n,f,n,f,w,b,k,t,e,f,s,w,w,,w,o,e,k,s,g
e,b,s,u,f,a,a,c,b,n,e,?,s,s,o,o,,o,o,p,n,n,l
e,s,y,b,t,n,f,w,n,w,e,?,s,s,w,w,,w,n,e,w,v,u
e,f,f,n,f,n,f,w,b,n,t,e,s,f,w,w,,w,o,e,n,a,g
e,f,f,n,t,n,f,c,b,n,t,b,s,s,p,w,,w,o,p,n,v,d
e,x,y,y,t,l,f,c,b,p,e,r,y,y,w,w,,w,o,p,k,s,g
e,f,y,n,f,n,f,c,b,w,t,b,s,s,p,p,,w,o,e,w,y,d
e,f,y,g,t,n,f,c,b,n,t,b,s,s,g,p,,w,o,p,k,v,d
e,x,f,w,f,n,f,c,b,w,t,b,s,s,w,w,,w,o,e,w,v,d
p,k,s,n,f,f,f,c,n,b,t,?,s,k,p,w,,w,o,e,w,v,p
p,f,f,g,f,f,f,c,b,g,e,b,k,k,b,p,,w,o,l,h,y,d
p,x,y,g,f,f,f,c,b,h,e,b,k,k,n,b,,w,o,l,h,v,g
p,f,s,y,f,f,f,c,b,h,e,b,k,k,n,p,,w,o,l,h,v,g
p,f,y,g,t,f,f,c,b,h,t,b,f,s,g,w,,w,t,p,h,v,m
p,f,s,e,f,s,f,c,n,b,t,?,k,s,w,w,,w,o,e,w,v,l
e,x,f,w,f,n,f,w,b,n,t,e,f,s,p,w,,w,o,e,n,a,g
p,f,s,g,f,f,f,c,b,h,e,b,k,k,n,b,,w,o,l,h,s,d
e,b,y,n,f,n,a,c,b,n,e,?,s,k,o,o,,n,o,p,o,v,l
p,b,f,w,t,f,f,c,b,w,t,b,f,s,g,w,,w,t,p,h,y,m
e,x,f,n,t,n,f,c,b,p,t,b,s,s,w,w,,w,o,p,n,y,d
p,f,f,w,t,p,f,c,n,p,e,e,s,s,w,w,,w,o,p,k,v,g
e,x,y,g,t,n,f,c,b,n,t,b,s,s,p,g,,w,o,p,n,v,d
e,f,s,w,f,n,f,w,b,h,t,e,f,s,w,w,,w,o,e,k,a,g
p,x,s,n,f,y,f,c,b,w,t,b,s,y,g,w,,w,o,e,w,v,p
e,x,f,n,f,n,f,w,b,k,t,e,f,s,p,w,,w,o,e,n,a,g
e,x,f,n,f,n,f,c,n,n,e,e,s,s,w,w,,w,o,p,k,y,u
p,f,y,n,f,f,f,c,n,b,t,?,k,s,p,p,,w,o,e,w,v,d
e,x,y,y,t,l,f,c,b,g,e,c,s,s,w,w,,w,o,p,k,n,m
e,f,y,e,t,n,f,c,b,p,t,b,s,s,w,p,,w,o,p,k,y,d
e,x,f,g,f,n,f,w,b,n,t,e,s,s,w,w,,w,o,e,n,a,g
p,k,s,e,f,f,f,c,n,b,t,?,k,s,p,p,,w,o,e,w,v,l
e,x,y,g,t,n,f,c,b,n,t,b,s,s,w,w,,w,o,p,k,y,d
e,x,y,y,t,a,f,c,b,n,e,r,s,y,w,w,,w,o,p,k,s,p
p,f,y,e,f,f,f,c,n,b,t,?,s,s,w,w,,w,o,e,w,v,l
e,f,f,w,f,n,f,w,b,p,t,e,s,f,g,w,,w,o,e,n,s,g
p,x,y,b,t,f,f,c,b,h,t,b,s,f,w,w,,w,o,p,h,v,g
p,f,f,y,f,f,f,c,b,g,e,b,k,k,n,n,,w,o,l,h,v,p
e,f,y,g,t,n,f,c,b,p,t,b,s,s,w,g,,w,o,p,k,y,d
p,k,y,e,f,y,f,c,n,b,t,?,k,k,p,w,,w,o,e,w,v,l
e,f,f,g,f,n,f,w,b,h,t,e,s,s,w,w,,w,o,e,k,s,g
p,f,f,g,t,f,f,c,b,p,t,b,s,s,w,w,,w,o,p,h,y,u
e,x,y,y,t,a,f,c,b,g,e,b,s,s,w,w,,w,o,p,k,y,d
p,k,s,e,f,f,f,c,n,b,t,?,s,s,w,p,,w,o,e,w,v,p
e,x,y,w,t,l,f,c,b,w,e,c,s,s,w,w,,w,o,p,n,s,m
p,x,y,y,f,f,f,c,b,h,e,b,k,k,b,n,,w,o,l,h,v,g
p,f,s,n,f,y,f,c,n,b,t,?,k,s,w,w,,w,o,e,w,v,p
p,f,y,b,t,f,f,c,b,w,t,b,f,f,w,w,,w,o,p,h,v,g
e,x,f,g,t,n,f,c,b,w,t,b,s,s,p,g,,w,o,p,n,y,d
e,f,y,g,t,n,f,c,b,u,t,b,s,s,g,p,,w,o,p,k,v,d
e,x,f,g,f,n,f,w,b,k,t,e,s,s,w,w,,w,o,e,n,s,g
p,f,f,g,t,f,f,c,b,p,t,b,s,s,w,w,,w,o,p,h,y,g
e,x,s,n,t,l,f,c,b,n,e,c,s,s,w,w,,w,o,p,k,s,m
e,x,y,e,t,n,f,c,b,w,t,b,s,s,w,w,,w,o,p,n,y,d
p,f,s,w,t,c,f,w,n,w,e,e,s,s,w,w,,w,o,p,n,v,u
p,f,s,n,t,c,f,c,n,p,e,e,s,s,w,w,,w,o,p,n,s,g
e,f,s,g,f,n,f,w,b,h,t,e,f,s,w,w,,w,o,e,k,a,g
p,x,s,w,t,f,f,c,b,h,t,b,s,s,g,w,,w,o,p,h,s,g
e,b,y,w,t,l,f,c,b,k,e,c,s,s,w,w,,w,o,p,n,s,m
e,f,f,w,f,l,a,w,b,p,e,b,s,s,o,o,,n,o,p,k,v,l
p,k,y,n,f,y,f,c,n,b,t,?,s,k,w,p,,w,o,e,w,v,d
p,x,s,b,t,y,f,c,n,p,t,b,s,f,w,w,,w,o,p,k,s,u
e,x,f,e,t,n,f,c,b,p,t,b,s,s,g,p,,w,o,p,n,v,d
p,x,y,n,f,f,f,c,n,b,t,?,k,k,w,w,,w,o,e,w,v,p
p,f,f,c,t,y,f,c,n,n,t,b,s,s,w,w,,w,o,p,k,v,g
p,f,f,g,f,f,f,c,b,g,e,b,k,k,b,n,,w,o,l,h,v,p
p,f,f,n,t,p,f,c,n,w,e,e,s,s,w,w,,w,o,p,k,v,u
p,k,y,n,f,s,f,c,n,b,t,?,s,s,p,w,,w,o,e,w,v,d
e,x,s,y,t,a,f,c,b,w,e,c,s,s,e,w,,w,o,p,n,s,g
p,f,s,n,f,y,f,c,n,b,t,?,k,k,y,n,,y,o,e,w,v,l
p,f,s,n,f,f,f,c,n,b,t,?,k,s,p,w,,w,o,e,w,v,l
e,f,y,e,t,n,f,c,b,w,t,b,s,s,p,w,,w,o,p,n,y,d
p,k,s,n,f,s,f,c,n,b,t,?,s,s,p,p,,w,o,e,w,v,d
e,f,y,e,t,n,f,c,b,u,t,b,s,s,p,w,,w,o,p,n,y,d
e,f,f,y,t,a,f,w,b,g,e,b,k,s,w,w,,w,o,p,n,v,d
p,x,s,p,t,y,f,c,b,n,t,b,s,s,w,w,,w,o,p,u,v,g
e,x,f,w,f,n,f,c,n,g,e,b,f,y,g,b,,w,o,l,h,v,p
p,f,f,g,f,f,f,c,b,g,e,b,k,k,n,b,,w,o,l,h,y,g
p,f,y,n,f,s,f,w,b,w,t,b,y,f,w,w,,w,o,f,w,y,d
p,x,s,n,f,f,f,c,n,b,t,?,s,s,w,w,,w,o,e,w,v,d
p,x,y,g,f,f,f,c,b,g,e,b,k,k,n,p,,w,o,l,h,y,g
p,f,y,n,f,s,f,c,n,b,t,?,s,s,p,p,,w,o,e,w,v,p
e,x,s,n,f,n,a,c,b,o,e,?,s,s,o,o,,n,o,p,y,c,l
p,x,y,e,f,s,f,c,n,b,t,?,k,s,o,n,,n,o,e,w,v,d
e,f,f,n,t,n,f,c,b,n,t,b,s,s,w,w,,w,o,p,n,y,d
p,x,s,e,f,s,f,c,n,b,t,?,k,s,p,w,,w,o,e,w,v,l
p,x,s,w,t,f,f,c,b,p,t,b,s,s,g,w,,w,o,p,h,v,g
p,x,s,w,t,p,f,c,n,k,e,e,s,s,w,w,,w,o,p,n,v,g
p,x,f,y,f,f,f,c,b,h,e,b,k,k,b,n,,w,o,l,h,y,p
p,x,y,y,f,f,f,c,b,h,e,b,k,k,b,n,,w,o,l,h,y,g
p,f,s,n,t,c,a,w,n,u,e,b,s,s,b,o,,w,o,p,k,s,l
e,x,s,g,f,n,a,c,b,n,e,?,s,s,o,o,,n,o,p,o,v,l
e,f,f,n,t,n,f,c,b,p,t,b,s,y,w,p,,w,o,p,k,v,d
p,x,y,g,f,f,f,c,b,h,e,b,k,k,n,n,,w,o,l,h,y,d
p,x,f,y,f,f,f,c,b,h,e,b,k,k,b,p,,w,o,l,h,y,g
e,x,f,n,t,n,f,c,b,u,t,b,s,s,p,w,,w,o,p,k,y,d
p,x,y,e,f,y,f,c,n,b,t,?,s,s,y,n,,y,o,e,w,v,l
e,x,s,w,f,n,f,w,b,n,t,e,f,s,w,w,,w,o,e,k,s,g
p,k,s,n,f,y,f,c,n,b,t,?,s,k,p,w,,w,o,e,w,v,l
e,f,y,e,t,n,f,c,b,n,t,b,s,s,w,g,,w,o,p,k,y,d
e,x,f,w,t,n,f,w,b,y,e,?,f,s,w,w,,w,t,e,o,n,g
e,f,y,y,t,a,f,w,b,p,e,b,s,s,w,w,,w,o,p,n,v,d
p,f,y,b,t,f,f,c,b,p,t,b,s,s,p,w,,w,o,p,h,v,u
p,k,s,e,f,s,f,c,n,b,t,?,k,y,p,p,,w,o,e,w,v,d
e,f,s,w,f,n,f,w,b,n,t,e,f,s,w,w,,w,o,e,k,a,g
p,x,f,g,f,f,f,c,b,h,e,b,k,k,p,b,,w,o,l,h,y,p
p,x,f,w,t,f,f,c,b,p,t,b,s,s,p,w,,w,o,p,h,v,g
e,x,y,g,t,n,f,c,b,u,t,b,s,s,g,g,,w,o,p,k,y,d
p,f,y,e,f,s,f,c,n,b,t,?,s,s,w,p,,w,o,e,w,v,p
p,k,s,n,f,s,f,c,n,b,t,?,s,k,p,p,,w,o,e,w,v,p
e,x,f,g,f,n,f,w,b,k,t,e,s,s,w,w,,w,o,e,k,a,g
p,f,y,y,f,f,f,c,b,h,e,b,k,k,p,p,,w,o,l,h,y,p
e,b,y,w,t,l,f,c,b,k,e,c,s,s,w,w,,w,o,p,n,n,m
p,k,y,n,f,f,f,c,n,b,t,?,k,s,p,p,,w,o,e,w,v,p
e,x,y,y,t,l,f,c,b,w,e,c,s,s,w,w,,w,o,p,k,n,m
p,f,y,n,f,y,f,c,n,b,t,?,s,s,w,p,,w,o,e,w,v,l
e,x,f,c,f,l,f,w,b,w,t,b,f,k,p,n,,w,o,l,w,v,l
p,x,f,y,f,f,f,c,b,g,e,b,k,k,n,n,,w,o,l,h,v,d
e,x,f,n,t,n,f,c,b,p,t,b,s,s,g,g,,w,o,p,n,v,d
e,b,y,y,t,a,f,c,b,k,e,c,s,s,w,w,,w,o,p,k,n,g
e,x,y,e,t,n,f,w,b,w,t,b,f,s,p,w,,w,o,e,k,v,d
p,k,y,n,f,y,f,c,n,b,t,?,k,k,w,w,,w,o,e,w,v,d
p,b,s,y,f,f,f,c,b,w,e,?,k,f,p,n,,w,o,l,h,c,d
p,f,s,y,f,f,f,c,b,g,e,b,k,k,b,n,,w,o,l,h,v,d
e,x,s,g,f,n,f,w,b,p,t,e,s,f,w,w,,w,o,e,n,s,g
e,f,y,c,f,a,a,w,b,g,e,b,s,s,o,o,,o,o,p,k,v,l
e,f,y,g,f,n,a,c,b,y,e,?,s,k,o,o,,o,o,p,b,c,l
p,k,y,n,f,y,f,c,n,b,t,?,k,s,w,w,,w,o,e,w,v,p
e,f,f,g,t,n,f,c,b,u,t,b,s,s,w,w,,w,o,p,n,y,d
e,f,f,e,t,n,f,c,b,u,t,b,s,s,g,w,,w,o,p,k,y,d
p,x,y,w,t,p,f,c,n,p,e,e,s,s,w,w,,w,o,p,n,v,u
p,f,f,b,t,f,f,c,b,p,t,b,s,s,w,w,,w,o,p,h,v,u
p,x,y,c,t,c,f,w,n,k,e,e,s,s,w,w,,w,n,p,n,v,m
p,x,f,g,t,f,f,c,b,h,t,b,s,f,w,w,,w,o,p,h,v,u
e,f,s,n,f,n,f,w,b,n,t,e,s,s,w,w,,w,o,e,n,a,g
e,f,y,n,f,n,f,w,b,h,t,e,f,f,w,w,,w,o,e,n,s,g
p,f,f,y,f,f,f,c,b,g,e,b,k,k,n,n,,w,o,l,h,y,d
p,f,f,y,f,f,f,c,b,p,e,b,k,k,n,p,,w,o,l,h,v,d
e,x,f,e,t,n,f,c,b,u,t,b,s,s,w,w,,w,o,p,n,v,d
p,f,y,w,t,p,f,c,n,k,e,e,f,s,w,w,,w,o,p,n,s,u
e,f,s,b,t,n,f,c,b,g,e,?,s,s,w,w,,w,t,e,w,c,w
e,f,s,w,f,n,f,w,b,p,t,e,f,s,w,w,,w,o,e,k,a,g
e,x,f,g,t,n,f,c,b,p,t,b,s,s,w,w,,w,o,p,n,y,d
p,x,s,n,f,f,f,c,n,b,t,?,s,s,w,w,,w,o,e,w,v,d
e,x,y,n,t,n,f,c,b,u,t,b,s,s,g,w,,w,o,p,k,v,d
p,x,f,y,f,f,f,c,b,g,e,b,k,k,b,n,,w,o,l,h,v,d
p,f,y,g,t,f,f,c,b,p,t,b,s,s,w,w,,w,o,p,h,y,g
e,x,f,c,f,a,f,c,b,p,e,b,s,s,w,w,,w,o,p,k,y,d
e,f,y,b,f,l,a,w,b,p,e,b,s,s,o,o,,n,o,p,n,v,l
e,x,y,g,t,n,f,c,b,u,t,b,s,s,p,g,,w,o,p,n,y,d
p,f,y,y,f,f,f,c,b,h,e,b,k,k,p,b,,w,o,l,h,y,d
p,f,f,y,f,f,f,c,b,h,e,b,y,f,w,w,,w,o,f,h,v,d
e,b,y,w,t,l,f,c,b,k,e,c,y,s,w,w,,w,o,p,k,s,m
p,x,s,g,f,f,f,c,b,g,e,b,k,k,b,p,,w,o,l,h,v,d
p,f,y,n,f,f,f,c,n,b,t,?,s,k,p,p,,w,o,e,w,v,l
p,x,s,y,f,f,f,c,b,g,e,b,k,k,n,n,,w,t,l,h,s,p
p,f,s,w,t,f,f,c,b,p,t,b,s,s,g,w,,w,o,p,h,v,g
e,x,s,p,f,a,f,w,b,y,e,?,s,s,w,w,,w,t,p,n,c,g
p,x,s,y,f,f,f,c,b,h,e,b,k,k,p,b,,w,o,l,h,s,d
p,x,y,p,t,c,f,w,n,g,e,e,s,s,n,g,,w,o,p,n,v,d
p,k,y,n,f,s,f,c,n,b,t,?,s,k,w,p,,w,o,e,w,v,d
p,f,y,g,f,f,f,c,b,h,e,b,k,k,b,b,,w,o,l,h,v,p
p,x,s,w,t,p,f,c,n,w,e,e,s,s,w,w,,w,o,p,k,s,u
e,x,f,w,t,l,f,w,b,w,e,b,k,s,n,p,,w,o,p,n,v,d
e,b,s,g,f,n,a,c,b,o,e,?,s,k,o,o,,n,o,p,n,c,l
e,f,f,n,f,n,f,w,b,k,t,e,f,f,w,w,,w,o,e,k,a,g
e,f,f,e,t,n,f,c,b,w,t,b,s,s,g,p,,w,o,p,k,v,d
p,f,y,y,f,f,f,c,b,p,e,b,k,k,n,n,,w,o,l,h,y,p
p,f,y,y,f,f,f,c,b,h,e,b,k,k,n,n,,w,o,l,h,v,g
e,f,f,g,t,n,f,c,b,p,t,b,s,s,w,w,,w,o,p,k,y,d
p,x,y,n,f,s,f,c,n,b,t,?,s,s,w,w,,w,o,e,w,v,l
p,x,f,w,t,p,f,c,n,w,e,e,s,s,w,w,,w,o,p,n,s,u
p,f,y,g,f,f,f,c,b,h,e,b,k,k,b,p,,w,o,l,h,y,g
p,k,s,e,f,y,f,c,n,b,t,?,k,k,w,w,,w,o,e,w,v,d
p,x,f,g,f,f,f,c,b,p,e,b,k,k,b,n,,w,o,l,h,y,g
e,x,f,n,t,n,f,c,b,u,t,b,s,s,p,w,,w,o,p,k,y,d
e,x,y,b,t,n,f,c,n,g,e,b,s,s,w,n,,w,o,l,h,v,d
e,f,f,n,f,n,f,w,b,k,t,e,f,f,w,w,,w,o,e,n,s,g
e,x,f,e,t,n,f,c,b,u,t,b,s,s,w,p,,w,o,p,n,y,d
p,f,s,w,t,f,f,c,b,h,t,b,s,s,w,w,,w,o,p,h,v,g
e,f,y,n,t,n,f,c,b,w,t,b,s,s,w,w,,w,o,p,k,y,d
p,f,f,y,f,f,f,c,b,g,e,b,k,k,b,b,,w,o,l,h,v,p
e,x,s,w,f,n,f,w,b,k,t,e,f,s,p,w,,w,o,e,k,a,g
e,x,s,p,t,n,a,w,b,w,e,c,s,s,o,o,,o,o,p,w,s,l
e,f,s,p,t,n,f,c,b,r,e,b,s,s,p,g,,w,o,p,r,v,d
e,f,f,n,t,n,f,c,b,w,t,b,s,s,w,w,,w,o,p,n,y,d
e,f,f,n,t,n,f,c,b,n,t,b,s,s,p,p,,w,o,p,k,y,d
p,f,f,y,f,f,f,c,b,g,e,b,k,k,b,p,,w,o,l,h,v,d
p,f,s,e,f,y,f,c,n,b,t,?,s,k,w,w,,w,o,e,w,v,l
p,f,y,g,t,f,f,c,b,w,t,b,s,f,w,w,,w,o,p,h,y,u
e,x,f,g,f,n,f,w,b,n,e,?,s,s,o,y,,n,t,n,b,s,g
e,f,y,n,t,n,f,c,b,n,t,b,s,s,g,p,,w,o,p,k,y,d
p,x,y,n,f,s,f,c,n,b,t,?,k,k,w,w,,w,o,e,w,v,d
p,f,f,w,t,p,f,c,n,p,e,e,f,s,w,w,,w,o,p,k,v,g
e,x,f,w,f,n,f,w,b,k,t,e,f,f,p,w,,w,o,e,n,s,g
e,k,f,p,f,l,f,w,n,n,t,b,s,s,n,n,,w,o,e,k,v,l
e,x,f,g,f,a,f,w,n,n,t,b,f,f,w,w,,w,o,e,n,v,l
p,f,s,p,t,n,f,w,n,n,e,e,s,s,w,w,,w,n,p,n,s,m
p,k,y,e,f,s,f,c,n,b,t,?,k,s,p,w,,w,o,e,w,v,p
p,f,s,e,f,y,f,c,n,b,t,?,k,k,p,p,,w,o,e,w,v,l
p,f,f,g,f,f,f,c,b,h,e,b,k,k,b,p,,w,o,l,h,v,d
e,f,s,w,t,l,f,w,b,p,e,b,s,s,n,p,,w,o,p,n,v,d
e,x,s,g,f,n,f,w,b,k,t,e,f,s,w,w,,w,o,e,k,s,g
e,f,f,g,t,n,f,c,b,u,t,b,s,s,g,g,,w,o,p,n,v,d
e,x,y,g,t,n,f,c,b,u,t,b,s,s,w,w,,w,o,p,k,v,d
e,f,f,y,t,l,f,c,b,w,e,b,s,s,w,w,,w,o,p,k,y,d
p,x,y,g,f,f,f,c,b,p,e,b,y,s,w,w,,w,o,f,h,v,p
e,f,y,w,t,a,f,w,b,w,e,b,k,s,w,w,,w,o,p,n,v,d
p,x,y,n,f,y,f,c,n,b,t,?,k,k,w,w,,w,o,e,w,v,p
e,f,f,c,f,m,f,c,b,w,t,b,s,s,w,w,,w,o,e,w,v,p
p,b,y,b,t,f,f,c,b,p,t,b,s,s,w,w,,w,o,p,h,v,u
e,x,f,g,t,n,f,c,b,p,t,b,s,s,p,g,,w,o,p,k,v,d
e,x,s,w,f,n,f,w,b,p,t,e,f,f,w,w,,w,o,e,n,a,g
p,x,y,n,f,f,f,c,n,b,t,?,s,s,p,n,,w,o,e,w,v,d
p,f,s,y,f,f,f,c,b,g,e,b,k,k,n,b,,w,o,l,h,v,d
e,x,s,w,f,n,f,w,b,h,t,e,f,s,w,w,,w,o,e,k,s,g
e,f,f,g,t,n,f,c,b,n,t,b,s,s,w,g,,w,o,p,k,v,d
e,f,f,e,t,n,f,c,b,p,t,b,s,s,w,w,,w,o,p,k,v,d
p,x,y,e,f,s,f,c,b,n,t,b,f,k,w,w,,w,o,f,u,y,d
p,f,f,b,t,f,f,c,b,w,t,b,s,s,w,w,,w,o,p,h,v,g
e,x,f,n,f,n,f,c,n,g,e,b,s,y,w,n,,w,o,l,h,v,d
e,f,y,w,f,n,f,w,b,h,t,e,s,f,w,w,,w,o,e,k,s,g
p,x,f,g,t,f,f,c,b,h,t,b,s,s,w,w,,w,o,p,h,v,g
e,x,y,w,t,l,f,c,b,n,e,c,s,s,w,w,,w,o,p,k,s,m
e,f,f,n,t,n,f,c,b,n,t,b,s,s,w,w,,w,o,p,n,y,d
e,x,y,y,t,l,f,w,b,p,e,b,s,s,p,p,,w,o,p,n,v,d
e,x,f,e,t,n,f,c,b,n,t,b,s,s,w,g,,w,o,p,k,y,d
e,x,y,g,t,n,f,c,b,w,t,b,s,s,p,g,,w,o,p,k,v,d
e,b,f,n,t,n,f,c,b,u,t,b,s,s,g,w,,w,o,p,n,v,d
p,k,s,e,f,f,f,c,n,b,t,?,k,s,w,w,,w,o,e,w,v,l
e,f,f,p,t,n,f,c,n,g,e,b,f,f,w,n,,w,o,l,h,v,d
e,b,y,y,t,l,f,c,b,n,e,c,s,s,w,w,,w,o,p,k,n,m
p,f,y,w,t,p,f,c,n,g,e,e,s,s,w,w,,w,o,p,n,v,g
p,x,y,e,f,f,f,c,n,b,t,?,k,s,w,w,,w,o,e,w,v,p
p,f,y,n,t,p,f,c,n,w,e,e,f,s,w,w,,w,o,p,n,v,g
p,x,f,n,f,f,f,c,n,b,t,?,k,s,p,w,,w,o,e,w,v,d
p,x,y,e,f,s,f,c,n,b,t,?,s,s,w,p,,w,o,e,w,v,l
e,f,s,g,f,n,f,w,b,p,t,e,f,s,w,w,,w,o,e,n,s,g
e,x,f,y,t,a,f,c,b,w,e,b,s,s,w,w,,w,o,p,k,y,d
p,x,f,n,t,f,f,c,b,g,e,b,f,y,p,n,,w,o,f,h,v,u
p,f,s,e,f,y,f,c,n,b,t,?,k,k,p,p,,w,o,e,w,v,l
e,f,y,g,f,n,f,c,b,w,t,b,s,s,w,w,,w,o,e,w,y,d
p,x,s,e,f,s,f,c,n,b,t,?,k,s,y,n,,y,o,e,w,v,l
e,x,s,g,t,n,f,c,b,n,t,b,s,s,w,g,,w,o,p,k,v,d
p,f,f,y,f,f,f,c,b,h,e,b,k,k,n,n,,w,o,l,h,y,g
p,f,f,w,t,p,f,c,n,n,e,e,s,s,w,w,,w,o,p,k,v,g
p,x,y,g,f,f,f,c,b,p,e,b,k,k,b,b,,w,o,l,h,y,d
p,f,y,g,t,c,f,c,n,p,e,e,s,s,w,w,,w,o,p,k,v,u
p,f,f,g,f,f,f,c,b,p,e,b,k,k,n,b,,w,o,l,h,y,p
p,x,s,n,f,s,f,c,n,b,t,?,s,s,w,w,,w,o,e,w,v,d
p,x,f,y,f,f,f,c,b,p,e,b,k,k,n,p,,w,o,l,h,v,d
e,x,f,w,f,n,f,w,b,k,t,e,s,s,w,w,,w,o,e,n,a,g
e,x,y,w,t,l,f,c,b,p,e,r,s,y,w,w,,w,o,p,n,s,g
p,f,s,e,f,f,f,c,n,b,t,?,s,s,p,w,,w,o,e,w,v,p
p,x,f,y,f,f,f,c,b,h,e,b,k,k,p,b,,w,o,l,h,y,d
e,x,s,y,t,a,f,c,b,w,e,c,s,s,w,w,,w,o,p,n,n,g
p,f,y,e,f,f,f,c,n,b,t,?,k,s,p,p,,w,o,e,w,v,p
e,x,f,n,t,n,f,c,b,u,t,b,s,s,w,p,,w,o,p,k,y,d
p,x,s,g,f,f,f,c,b,g,e,b,k,k,b,b,,w,o,l,h,s,g
e,f,s,b,t,n,f,c,b,w,e,?,s,s,w,w,,w,t,e,w,c,w
e,k,f,w,f,n,f,w,b,e,e,?,k,s,w,w,,w,t,p,w,n,g
p,x,y,b,t,f,f,c,b,p,t,b,f,f,w,w,,w,o,p,h,y,u
p,f,f,w,t,f,f,c,b,p,t,b,f,f,p,w,,w,o,p,h,y,g
p,x,y,e,f,f,f,c,n,b,t,?,s,k,w,p,,w,o,e,w,v,d
e,x,f,y,t,a,f,w,b,p,e,b,s,s,p,p,,w,o,p,n,v,d
e,f,f,g,f,n,f,w,b,h,t,e,s,s,w,w,,w,o,e,k,s,g
p,x,f,g,f,f,f,c,b,g,e,b,k,k,p,p,,w,o,l,h,y,g
p,f,y,n,f,y,f,c,n,b,t,?,s,s,w,w,,w,o,e,w,v,l
e,f,s,w,f,n,f,w,b,k,t,e,s,s,p,w,,w,o,e,n,a,g
e,x,s,g,f,n,f,w,b,h,t,e,f,s,w,w,,w,o,e,k,a,g
e,f,y,b,f,m,f,c,b,w,t,b,s,k,w,w,,w,o,f,r,y,d
e,x,f,n,t,n,f,c,b,u,t,b,s,s,w,g,,w,o,p,n,v,d
e,f,y,n,t,n,f,c,b,n,t,b,s,s,w,w,,w,o,p,k,v,d
p,f,y,n,f,f,f,c,n,b,t,?,k,s,w,w,,w,o,e,w,v,p
p,f,y,b,t,f,f,c,b,h,t,b,f,s,w,w,,w,o,p,h,y,g
e,f,s,w,f,n,f,w,b,h,t,e,f,f,w,w,,w,o,e,k,s,g
e,f,y,n,t,n,f,c,b,p,t,b,s,s,w,w,,w,o,p,k,y,d
e,x,s,n,t,n,f,w,b,n,t,b,s,s,w,g,,w,o,p,n,v,d
p,f,y,y,f,f,f,c,b,g,e,b,k,k,p,b,,w,o,l,h,v,d
e,f,y,g,t,n,f,c,b,u,t,b,s,s,g,w,,w,o,p,k,y,d
e,x,f,g,f,n,f,w,b,g,e,?,s,s,w,w,,w,t,p,w,s,g
p,k,y,n,f,f,f,c,n,b,t,?,k,s,w,p,,w,o,e,w,v,d
e,x,s,n,f,n,f,w,b,k,t,e,s,f,w,w,,w,o,e,n,a,g
p,f,y,n,f,f,f,c,n,b,t,?,k,s,p,w,,w,o,e,w,v,d
p,x,s,n,f,f,f,c,n,b,t,?,s,s,w,w,,w,o,e,w,v,p
e,x,y,e,t,n,f,c,b,n,t,b,s,s,w,w,,w,o,p,n,y,d
p,x,f,r,t,m,f,c,b,w,e,?,s,k,w,w,,w,n,p,w,n,u
p,x,f,g,t,f,f,c,b,p,t,b,f,s,w,w,,w,o,p,h,y,u
e,f,y,g,t,n,f,c,b,p,t,b,s,s,w,w,,w,o,p,n,y,d
e,f,y,e,t,n,f,c,b,n,t,b,s,s,p,p,,w,o,p,k,y,d
e,f,f,n,f,n,f,w,b,p,t,e,f,s,w,w,,w,o,e,k,a,g
p,x,y,g,f,f,f,c,b,p,e,b,k,k,n,n,,w,o,l,h,y,g
p,x,s,y,f,f,f,c,b,g,e,b,k,k,p,p,,w,o,l,h,s,d
p,f,y,y,f,f,f,c,b,h,e,b,k,k,n,n,,w,o,l,h,y,d
p,c,y,g,f,n,f,c,n,y,e,c,k,y,w,w,,w,n,e,w,c,d
p,f,f,g,f,f,f,c,b,h,e,b,k,k,n,p,,w,t,l,h,v,g
e,f,y,y,t,l,f,w,n,n,t,b,f,f,p,p,,w,o,e,n,v,d
p,x,s,y,f,f,f,c,b,w,e,b,f,k,o,y,,n,o,f,h,v,p
p,k,y,e,f,s,f,c,n,b,t,?,s,k,w,p,,w,o,e,w,v,p
p,f,y,y,f,f,f,c,b,g,e,b,k,k,b,b,,w,o,l,h,v,p
e,f,y,n,t,n,f,c,b,p,t,b,s,s,w,g,,w,o,p,k,y,d
p,x,s,g,t,f,f,c,b,h,t,b,f,s,w,w,,w,o,p,h,v,g
p,f,f,w,t,p,f,c,n,k,e,e,s,s,w,w,,w,o,p,k,v,g
p,f,s,e,f,s,f,c,n,b,t,?,k,s,w,w,,w,o,e,w,v,p
p,f,s,e,f,s,f,c,n,b,t,?,k,k,p,w,,w,o,e,w,v,l
e,x,y,n,t,a,f,c,b,k,e,c,s,s,w,w,,w,o,p,n,s,m
e,b,y,n,t,n,f,c,n,h,e,?,f,y,e,c,,w,t,l,h,v,w
p,x,y,n,t,p,f,c,n,n,e,e,s,s,w,w,,w,o,p,k,v,g
e,x,f,e,t,n,f,c,b,w,t,b,s,s,g,w,,w,o,p,k,y,d
p,x,y,y,f,f,f,c,b,p,e,?,k,s,n,p,,w,o,l,h,c,d
e,f,s,n,f,n,f,w,b,k,t,e,f,f,w,w,,w,o,e,n,s,g
p,x,s,n,f,s,f,c,n,b,t,?,s,s,p,p,,w,o,e,w,v,l
e,f,y,n,t,n,f,c,b,w,t,b,s,s,w,w,,w,o,p,n,y,d
p,x,y,y,f,f,f,c,b,h,e,b,k,k,p,b,,w,o,l,h,y,d
e,x,s,y,t,a,f,c,b,n,e,c,s,s,w,w,,w,o,p,k,n,g
e,f,s,w,f,n,f,w,b,p,t,e,f,s,p,w,,w,o,e,k,a,g
p,f,f,g,f,f,f,c,b,g,e,b,k,k,n,b,,w,o,l,h,v,p
p,x,f,g,f,f,f,c,b,h,e,b,k,k,n,n,,w,o,l,h,y,d
p,f,y,n,f,y,f,c,n,b,t,?,s,y,w,p,,w,o,e,w,v,l
p,f,f,g,t,f,f,c,b,w,t,b,f,s,g,w,,w,o,p,h,y,u
p,f,s,g,f,f,f,c,b,h,e,b,k,k,n,p,,w,o,l,h,v,g
p,k,y,n,f,y,f,c,n,b,t,?,k,k,w,w,,w,o,e,w,v,p
e,f,y,w,t,a,f,w,b,g,e,b,k,s,o,g,,o,o,p,n,v,d
p,k,s,e,f,f,f,c,n,b,t,?,k,k,p,p,,w,o,e,w,v,l
p,x,y,n,f,f,f,c,n,b,t,?,k,s,w,w,,w,o,e,w,v,d
e,x,y,g,t,n,f,c,b,u,t,b,s,s,p,w,,w,o,p,n,y,d
p,x,s,n,t,p,f,c,n,g,e,e,s,s,w,w,,w,o,p,k,s,g
p,x,s,n,f,y,f,c,n,b,t,?,k,s,w,p,,w,o,e,w,v,p
p,x,y,n,f,f,f,c,b,w,t,b,k,s,w,w,,w,o,e,w,v,p
p,x,y,n,t,y,f,c,b,p,t,b,s,s,p,w,,w,o,p,u,v,u
p,f,f,y,f,f,f,c,b,g,e,b,k,k,p,p,,w,o,l,h,v,g
e,f,f,w,f,n,f,c,b,p,e,b,s,s,w,w,,w,o,p,n,y,p
p,x,y,n,f,y,f,c,n,b,t,?,k,k,p,w,,w,o,e,w,v,p
p,f,y,g,f,f,f,c,b,h,e,b,k,k,n,b,,w,o,l,h,v,d
p,f,s,n,t,p,f,c,n,p,e,e,s,s,w,w,,w,o,p,n,s,g
e,k,y,p,t,n,f,c,b,e,e,?,s,s,w,e,,w,t,e,w,c,w
e,x,y,p,t,n,f,c,b,g,e,?,s,s,w,w,,w,t,e,w,v,w
e,x,y,w,t,l,f,c,b,w,e,r,s,y,w,w,,w,o,p,n,y,p
p,k,y,e,f,y,f,c,n,b,t,?,s,s,w,p,,w,o,e,w,v,l
p,k,y,n,f,f,f,c,n,b,t,?,k,k,w,w,,w,o,e,w,v,d
e,f,s,n,t,n,f,c,b,e,e,?,s,s,e,e,,w,t,e,w,c,w
e,x,y,n,t,n,f,c,b,w,t,b,s,s,w,g,,w,o,p,k,y,d
p,x,s,n,f,s,f,c,n,b,t,?,s,s,w,w,,w,o,e,w,v,l
p,f,f,g,f,f,f,c,b,g,e,b,k,k,b,b,,w,o,l,h,v,d
p,f,y,w,t,f,f,c,b,h,t,b,s,s,w,w,,w,o,p,h,v,u
e,x,f,n,f,n,f,w,b,p,t,e,s,s,w,w,,w,o,e,k,a,g
p,f,f,y,f,f,f,c,b,g,e,b,k,k,b,b,,w,o,l,h,y,d
p,x,f,y,f,f,f,c,b,g,e,b,k,k,b,p,,w,o,l,h,v,d
e,f,f,e,t,n,f,c,b,u,t,b,s,s,g,p,,w,o,p,k,v,d
p,f,f,y,f,f,f,c,b,g,e,b,k,k,b,b,,w,o,l,h,v,d
p,k,y,e,f,f,f,c,n,b,t,?,k,s,w,p,,w,o,e,w,v,d
e,x,f,y,t,l,f,c,b,p,e,b,s,s,p,p,,w,o,p,n,y,d
e,x,s,g,f,n,a,c,b,g,e,?,s,s,o,o,,n,o,p,w,c,l
e,x,s,g,f,n,f,w,b,p,t,e,f,f,w,w,,w,o,e,k,a,g
p,x,y,e,f,s,f,c,n,b,t,?,s,s,p,w,,w,o,e,w,v,d
p,x,s,y,t,c,f,c,n,k,e,e,f,s,w,w,,w,o,p,n,v,g
e,f,y,g,f,n,f,c,b,w,t,b,s,f,w,p,,w,o,e,w,y,p
p,x,f,w,t,f,f,c,b,p,t,b,s,s,w,w,,w,o,p,h,v,u
e,x,s,g,f,n,f,w,b,h,t,e,s,s,w,w,,w,o,e,n,s,g
e,x,f,g,f,n,f,w,b,h,t,e,f,s,w,w,,w,o,e,k,s,g
p,x,s,w,f,c,f,c,n,p,e,b,s,s,w,w,,w,o,p,n,s,d
p,f,y,w,t,f,f,c,b,p,t,b,f,f,w,w,,w,o,p,h,v,u
p,f,f,g,t,f,f,c,b,h,t,b,s,s,w,w,,w,o,p,h,v,g
p,x,f,y,f,f,f,c,b,h,e,b,k,k,b,n,,w,o,l,h,y,g
p,x,f,y,t,c,f,c,n,n,e,e,f,s,w,w,,w,o,p,n,s,g
e,x,y,n,t,n,f,c,b,w,t,b,s,s,w,w,,w,o,p,k,y,d
e,f,f,e,t,n,f,c,b,w,t,b,s,s,p,g,,w,o,p,n,v,d
e,f,y,n,f,a,a,w,b,p,e,b,k,s,o,o,,n,o,p,n,v,l
e,x,f,g,f,n,f,w,b,n,t,e,f,f,w,w,,w,o,e,k,s,g
e,f,s,n,f,n,f,w,b,e,e,?,s,k,w,w,,w,t,p,w,v,g
p,x,y,n,f,s,f,c,n,b,t,?,s,s,p,p,,w,o,e,w,v,p
p,x,y,n,f,y,f,c,n,b,t,?,k,k,w,p,,w,o,e,w,v,p
e,f,f,n,t,n,f,c,b,u,t,b,s,s,w,w,,w,o,p,k,v,d
p,k,y,n,f,s,f,c,n,b,t,?,s,k,e,n,,w,o,e,w,v,l
p,x,f,n,t,p,f,c,n,n,e,b,s,s,w,w,,w,o,p,n,v,u
p,x,y,b,t,f,f,c,b,p,t,b,f,s,w,w,,w,o,p,h,v,u
p,x,f,g,f,f,f,c,b,g,e,b,k,k,b,n,,w,t,l,h,v,p
p,x,s,e,f,s,f,c,n,b,t,?,k,k,p,p,,w,o,e,w,v,d
e,x,y,n,t,n,f,c,b,w,t,b,s,s,w,g,,w,o,p,n,y,d
e,f,y,w,f,a,a,w,b,p,e,b,k,s,o,o,,o,o,p,n,v,l
e,b,s,w,t,l,f,c,b,n,e,c,s,s,w,w,,w,o,p,n,n,g
e,f,y,n,t,l,f,w,b,p,e,b,k,s,w,w,,w,o,p,k,v,d
e,x,f,n,f,n,f,w,b,p,t,e,f,f,w,w,,w,o,e,n,a,g
p,f,f,g,t,f,f,c,b,p,t,b,f,f,w,w,,w,o,p,h,v,u
p,x,y,n,f,f,f,c,n,b,t,?,s,s,w,p,,w,o,e,w,v,l
e,f,s,n,f,n,f,w,b,p,t,e,f,s,w,w,,w,o,e,n,s,g
p,x,f,g,t,f,f,c,b,p,t,b,f,f,w,w,,w,o,p,h,v,g
e,x,s,y,t,a,f,c,b,w,e,c,s,s,w,w,,w,o,p,k,s,g
e,f,y,g,t,n,f,c,b,w,t,b,s,s,g,w,,w,o,p,k,y,d
e,x,f,g,f,n,f,c,b,p,e,b,s,s,n,p,,w,o,p,n,y,d
p,k,s,c,t,n,f,w,b,g,e,?,s,k,w,w,,w,t,p,w,s,g
e,x,s,g,f,n,f,w,b,n,t,e,f,f,w,w,,w,o,e,n,s,g
p,x,s,n,f,y,f,c,n,b,t,?,s,s,w,p,,w,o,e,w,v,d
p,f,y,n,f,s,f,c,n,b,t,?,s,s,w,w,,w,o,e,w,v,d
p,x,f,b,t,f,f,c,b,h,t,b,f,f,w,w,,w,o,p,h,y,g
p,f,y,r,f,p,f,c,n,u,e,b,f,s,w,w,,w,o,p,k,v,p
e,x,s,w,f,a,a,c,b,y,e,?,s,k,o,o,,o,o,p,n,n,l
e,x,y,e,t,n,f,c,b,u,t,b,s,s,g,g,,w,o,p,n,v,d
p,x,y,g,t,f,f,c,b,p,t,b,f,s,w,w,,w,o,p,h,v,u
p,f,s,e,f,y,f,c,n,b,t,?,k,k,w,w,,w,o,e,w,v,l
p,x,f,w,t,p,f,c,n,k,e,e,s,s,w,w,,w,o,p,k,v,g
e,k,y,g,t,n,f,c,n,w,e,?,f,s,g,p,,w,t,n,w,y,w
e,x,f,w,t,l,f,c,b,p,e,b,s,s,n,p,,w,o,p,n,y,d
p,f,s,g,f,f,f,c,b,h,e,b,k,k,b,p,,w,t,l,h,y,g
p,f,f,g,t,f,f,c,b,p,t,b,s,s,w,w,,w,t,p,h,y,m
e,x,f,w,f,n,f,w,b,n,t,e,f,s,g,w,,w,o,e,k,a,g
e,x,y,e,t,n,f,c,b,u,t,b,s,s,w,w,,w,o,p,n,v,d
e,x,f,g,t,n,f,c,b,n,t,b,s,s,w,w,,w,o,p,k,y,d
e,b,s,w,t,a,f,c,b,k,e,c,s,s,w,w,,w,o,p,k,s,m
p,f,y,y,f,f,f,c,b,h,e,b,k,k,p,b,,w,t,l,h,v,g
p,f,f,g,f,f,f,c,b,g,e,b,k,k,b,b,,w,o,l,h,y,p
e,x,s,n,f,n,f,w,b,g,e,?,s,s,w,w,,w,t,p,w,n,g
e,f,f,n,f,n,f,w,b,k,t,e,f,s,w,w,,w,o,e,n,a,g
e,x,f,g,f,n,f,w,b,k,t,e,f,s,w,w,,w,o,e,n,s,g
p,k,y,e,f,s,f,c,n,b,t,?,k,k,p,w,,w,o,e,w,v,p
p,f,f,b,t,f,f,c,b,p,t,b,s,f,w,w,,w,o,p,h,v,g
e,x,f,n,t,n,f,c,b,n,t,b,s,s,w,w,,w,o,p,n,y,d
e,f,y,y,t,a,f,c,b,w,e,r,s,y,w,w,,w,o,p,n,s,g
p,f,y,n,f,s,f,c,n,b,t,?,s,k,w,p,,w,o,e,w,v,d
e,x,f,n,t,n,f,c,b,u,t,b,s,s,w,w,,w,o,p,n,v,d
p,x,s,w,t,p,f,c,n,k,e,e,s,s,w,w,,w,o,p,n,v,u
e,x,s,e,t,n,f,c,b,u,t,b,s,s,p,w,,w,o,p,n,v,d
p,f,s,b,t,f,f,c,b,p,t,b,s,s,w,w,,w,o,p,h,v,g
p,k,y,p,t,m,a,c,b,p,e,?,k,s,o,o,,n,t,n,w,v,w
p,f,y,n,t,p,f,c,n,w,e,e,s,s,w,w,,w,o,p,n,v,u
p,f,y,g,t,f,f,c,b,h,t,b,s,s,w,w,,w,o,p,h,v,g
e,f,y,e,t,n,f,c,b,u,t,b,s,s,p,p,,w,o,p,k,y,d
p,x,y,e,f,s,f,c,n,b,t,?,s,s,w,w,,w,o,e,w,v,p
p,f,s,y,f,f,f,c,b,g,e,b,k,k,b,p,,w,o,l,h,v,d
p,f,y,r,f,p,f,c,n,n,e,b,s,s,w,w,,w,o,p,k,v,p
e,x,s,n,f,n,f,w,b,h,t,e,s,f,w,w,,w,o,e,n,a,g
e,x,y,e,t,n,f,c,b,u,t,b,s,s,p,p,,w,o,p,k,v,d
e,f,y,y,t,l,f,c,b,w,e,r,s,y,w,w,,w,o,p,n,s,g
p,x,f,y,f,f,f,c,b,g,e,b,k,k,p,b,,w,o,l,h,v,g
p,k,s,n,f,f,f,c,n,b,t,?,s,k,w,w,,w,o,e,w,v,p
e,x,f,n,f,n,f,w,b,n,t,e,f,f,w,w,,w,o,e,k,a,g
e,x,f,n,f,n,f,w,b,h,t,e,s,s,w,w,,w,o,e,k,a,g
e,x,s,b,t,n,f,c,b,w,e,?,s,s,w,e,,w,t,e,w,c,w
e,k,s,y,f,n,f,w,b,g,e,?,s,s,w,w,,w,t,p,w,s,g
p,k,y,n,f,f,f,c,n,b,t,?,s,k,p,p,,w,o,e,w,v,l
e,x,y,n,t,n,f,c,b,n,t,b,s,s,w,w,,w,o,p,k,v,d
p,x,y,e,f,s,f,c,n,b,t,?,s,s,w,w,,w,o,e,w,v,l
e,k,y,b,t,n,f,c,n,p,e,?,s,s,n,e,,w,t,e,w,y,w
p,f,y,g,f,f,f,c,b,g,e,b,k,k,b,n,,w,o,l,h,v,g
e,f,f,e,t,n,f,c,b,w,t,b,s,s,w,w,,w,o,p,k,y,d
p,x,f,b,t,f,f,c,b,w,t,b,s,f,w,w,,w,t,p,h,v,m
e,x,f,w,f,n,f,w,b,p,t,e,f,f,w,w,,w,o,e,k,s,g
p,k,y,n,t,c,f,c,n,w,e,c,s,s,w,w,,w,o,p,k,c,g
p,f,y,y,f,f,f,c,b,g,e,b,k,k,b,p,,w,o,l,h,v,g
e,x,f,g,t,n,f,c,b,n,t,b,s,s,p,p,,w,o,p,n,v,d
e,x,s,g,t,n,f,c,b,n,t,b,s,s,g,p,,w,o,p,n,v,d
e,f,s,g,t,n,f,c,b,w,t,b,s,s,w,w,,w,o,p,k,v,d
e,f,s,w,t,n,f,c,b,w,e,?,s,s,w,e,,w,t,e,w,c,w
e,f,y,n,t,n,f,c,b,w,t,b,s,s,g,p,,w,o,p,n,y,d
p,f,y,b,t,f,f,c,b,w,t,b,s,s,w,w,,w,t,p,h,v,m
e,f,f,e,t,n,f,c,b,n,t,b,s,s,p,g,,w,o,p,n,v,d
e,f,y,y,t,a,f,c,b,n,e,r,s,y,w,w,,w,o,p,n,s,p
e,x,f,w,t,a,f,w,b,p,e,b,s,s,b,p,,w,o,p,k,v,d
p,x,y,y,f,f,f,c,b,h,e,b,k,k,n,b,,w,o,l,h,y,d
e,x,f,g,t,n,f,c,b,p,t,b,s,s,w,g,,w,o,p,k,y,d
e,x,y,w,t,a,f,c,b,p,e,r,s,y,e,w,,w,o,p,k,y,p
e,k,s,e,t,n,f,c,b,p,e,?,s,s,e,e,,w,t,e,w,c,w
p,x,y,n,f,f,f,c,n,b,t,?,s,k,w,p,,w,o,e,w,v,d
e,f,f,g,t,n,f,c,b,n,t,b,s,s,w,p,,w,o,p,n,v,d
p,x,f,y,f,p,f,c,n,w,e,b,s,s,w,w,,w,o,p,k,s,p
e,f,y,g,t,n,f,c,b,p,t,b,s,s,w,w,,w,o,p,k,y,d
e,x,y,e,t,n,f,c,b,u,t,b,s,s,p,g,,w,o,p,n,v,d
e,x,y,b,t,n,a,w,b,n,e,r,k,y,o,o,,n,o,p,n,s,l
e,f,f,e,t,n,f,c,b,n,t,b,s,s,w,w,,w,o,p,n,y,d
p,x,f,y,t,f,f,c,b,p,e,b,k,k,n,y,,w,o,f,h,v,g
e,f,f,n,t,n,f,c,b,g,e,b,s,s,n,p,,w,o,p,r,y,d
p,f,y,y,f,f,f,c,b,h,e,b,k,k,b,n,,w,o,l,h,v,g
p,f,f,y,f,f,f,c,b,g,e,b,k,k,p,p,,w,o,l,h,s,g
p,x,y,y,f,f,f,c,b,g,e,b,k,k,b,n,,w,o,l,h,y,d
e,k,s,n,f,n,f,w,b,e,e,?,k,s,w,w,,w,t,p,w,s,g
p,x,s,e,f,y,f,c,n,b,t,?,s,s,p,p,,w,o,e,w,v,p
e,x,y,n,t,l,f,c,b,n,e,r,s,y,w,w,,w,o,p,k,s,g
p,f,y,g,f,f,f,c,b,h,e,b,k,k,p,p,,w,o,l,h,y,p
p,f,s,e,f,f,f,c,n,b,t,?,k,k,p,w,,w,o,e,w,v,l
p,x,s,e,f,y,f,c,n,b,t,?,s,k,w,w,,w,o,e,w,v,l
e,s,f,w,f,n,f,c,n,w,e,e,s,s,w,w,,w,o,p,n,v,u
p,f,y,w,t,c,f,w,n,p,e,e,s,s,w,w,,w,o,p,k,v,d
e,b,s,y,t,a,f,c,b,g,e,c,s,s,w,w,,w,o,p,k,n,g
e,k,f,n,f,n,f,w,b,e,e,?,s,s,w,w,,w,t,p,w,s,g
p,f,y,e,f,f,f,c,n,b,t,?,s,s,w,p,,w,o,e,w,v,l
p,x,f,n,t,n,f,w,b,w,e,?,s,f,w,w,,w,t,p,w,s,u
p,f,y,g,f,f,f,c,b,h,e,b,k,k,n,p,,w,o,l,h,v,p
p,x,y,n,f,y,f,c,n,b,t,?,s,k,w,p,,w,o,e,w,v,p
e,x,y,e,t,n,f,c,b,u,t,b,s,s,p,p,,w,o,p,n,y,d
p,f,f,w,t,f,f,c,b,h,t,b,s,s,w,w,,w,o,p,h,v,g
e,x,f,e,t,n,f,c,b,w,t,b,s,s,w,p,,w,o,p,n,y,d
p,f,y,y,f,f,f,c,b,g,e,b,k,k,n,b,,w,o,l,h,v,p
e,f,y,w,t,l,f,c,b,n,e,r,s,y,w,w,,w,o,p,k,y,g
e,x,y,n,t,n,f,c,b,w,t,b,s,s,w,w,,w,o,p,n,y,d
p,f,s,n,f,f,f,c,n,b,t,?,s,k,w,w,,w,o,e,w,v,l
p,f,f,b,t,f,f,c,b,p,t,b,s,s,w,w,,w,o,p,h,y,g
p,k,y,n,f,f,f,c,n,b,t,?,k,s,w,p,,w,o,e,w,v,l
p,f,y,y,f,f,f,c,b,g,e,b,k,k,n,p,,w,o,l,h,y,g
e,k,y,n,f,n,a,c,b,n,e,?,s,s,o,o,,o,o,p,o,v,l
e,f,f,n,t,n,f,c,n,p,e,b,k,f,w,n,,w,o,l,h,v,d
p,x,f,g,f,n,f,c,b,r,e,b,s,s,w,w,,w,o,p,r,y,d
e,x,f,n,t,n,f,c,b,u,t,b,s,s,w,g,,w,o,p,k,y,d
p,x,y,e,f,f,f,c,n,b,t,?,s,k,w,w,,w,o,e,w,v,l
e,x,s,g,f,n,f,w,b,k,t,e,f,s,w,w,,w,o,e,k,a,g
p,f,s,n,t,p,f,c,n,p,e,e,s,s,w,w,,w,o,p,k,s,u
e,x,s,n,t,n,f,w,b,y,e,c,s,s,w,w,,w,o,p,w,s,m
p,x,f,g,f,f,f,c,b,g,e,b,k,k,n,n,,w,o,l,h,v,g
p,x,f,y,f,f,f,c,b,p,e,b,k,k,b,b,,w,o,l,h,y,d
p,x,f,c,t,f,a,c,b,g,e,b,y,k,c,c,,w,o,f,h,y,u
e,f,f,g,f,n,f,w,b,k,t,e,s,f,w,w,,w,o,e,n,s,g
p,f,s,e,f,y,f,c,n,b,t,?,k,s,w,p,,w,o,e,w,v,d
p,f,y,e,f,y,f,c,n,b,t,?,k,k,n,n,,w,o,e,w,v,l
p,k,s,n,f,s,f,c,n,b,t,?,k,s,w,p,,w,o,e,w,v,p
p,x,y,e,f,y,f,c,n,b,t,?,s,k,w,w,,w,o,e,w,v,p
e,b,f,g,f,n,f,w,b,o,e,?,y,f,n,b,,w,t,f,y,n,g
p,f,s,e,f,s,f,c,n,b,t,?,k,k,p,w,,w,o,e,w,v,l
p,x,y,n,f,s,f,c,n,b,t,?,k,k,p,p,,w,o,e,w,v,l
p,x,y,g,f,f,f,c,b,h,e,b,k,k,p,n,,w,o,l,h,v,p
p,x,s,u,t,c,f,w,n,w,e,e,s,s,w,w,,w,t,p,k,s,p
e,x,f,n,t,n,f,c,b,u,t,b,s,s,g,p,,w,o,p,k,y,d
p,x,y,n,f,s,f,c,n,b,t,?,k,s,p,p,,w,o,e,w,v,p
e,f,y,g,t,n,f,c,b,n,t,b,s,s,p,w,,w,o,p,k,y,d
e,x,y,n,t,l,f,c,b,w,e,b,s,s,n,p,,w,o,p,k,y,d
p,x,f,y,f,f,f,c,b,p,e,b,k,k,p,p,,w,o,l,h,v,g
e,k,y,n,f,n,f,c,n,g,e,b,s,f,c,p,,w,o,l,h,v,d
e,x,y,y,t,l,f,c,b,p,e,r,s,y,p,n,,w,o,p,k,y,p
e,x,s,n,t,l,f,c,b,g,e,c,s,s,w,w,,w,o,p,k,s,g
e,x,f,e,t,n,f,c,b,w,t,b,s,s,g,p,,w,o,p,k,y,d
e,x,y,n,t,n,f,c,b,w,t,b,s,s,w,p,,w,o,p,n,y,d
e,f,s,n,f,n,f,w,b,p,t,e,s,f,w,w,,w,o,e,n,s,g
e,b,y,w,t,a,f,c,b,g,e,c,s,s,w,w,,w,o,p,k,n,g
p,x,f,c,t,s,f,c,b,n,t,b,s,s,w,w,,w,o,p,u,v,u
p,f,f,n,t,m,f,w,b,w,e,?,s,f,w,w,,w,t,p,w,a,g
p,x,y,n,f,f,f,c,n,b,t,?,k,s,p,w,,w,o,e,w,v,d
p,x,s,e,f,f,f,c,n,b,t,?,s,k,w,p,,w,o,e,w,v,p
e,f,f,g,f,n,f,w,b,n,t,e,f,s,w,w,,w,o,e,k,s,g
e,x,f,w,f,n,f,w,b,k,t,e,s,f,w,w,,w,o,e,k,s,g
e,x,f,n,t,n,f,c,b,u,t,b,s,s,g,p,,w,o,p,k,v,d
e,x,f,e,t,n,f,c,b,n,t,b,s,s,w,w,,w,o,p,k,y,d
e,f,y,g,t,n,f,c,b,u,t,b,s,s,g,g,,w,o,p,n,v,d
p,k,y,e,f,f,f,c,n,b,t,?,k,s,p,p,,w,o,e,w,v,d
p,f,s,n,f,s,f,c,n,b,t,?,s,s,n,n,,w,o,e,w,v,l
p,f,f,g,f,f,f,c,b,p,e,b,k,k,n,b,,w,o,l,h,y,d
e,k,s,b,t,n,f,c,b,g,e,?,s,s,w,w,,w,t,e,w,c,w
e,x,y,w,t,l,f,w,b,w,e,b,s,s,w,w,,w,o,p,k,v,d
p,f,s,n,f,y,f,c,n,b,t,?,s,k,w,w,,w,o,e,w,v,l
e,b,s,y,t,l,f,c,b,n,e,c,y,s,w,w,,w,o,p,n,s,g
e,x,y,w,t,l,f,c,b,w,e,r,s,y,w,w,,w,o,p,k,y,g
p,x,y,g,f,f,f,c,b,g,e,b,k,k,n,b,,w,o,l,h,v,p
e,f,f,n,f,n,f,w,b,k,t,e,f,f,w,w,,w,o,e,k,a,g
p,f,f,g,f,f,f,c,b,h,e,b,k,k,p,b,,w,t,l,h,v,g
p,x,y,e,f,y,f,c,n,b,t,?,k,k,w,y,,w,o,e,w,v,d
p,k,f,r,f,n,f,w,b,g,e,?,s,s,p,p,,w,t,p,w,s,w
e,x,f,c,f,a,f,c,b,g,e,b,s,s,p,n,,w,o,p,n,y,p
p,f,f,y,t,m,f,w,b,w,t,b,y,y,p,p,,w,o,e,w,v,l
e,x,y,e,t,n,f,c,b,w,t,b,s,s,w,w,,w,o,p,n,y,d
e,x,s,n,f,n,f,w,b,h,t,e,s,f,p,w,,w,o,e,n,a,g
p,f,f,g,f,f,f,c,b,h,e,b,k,k,n,p,,w,o,l,h,s,p
e,b,y,e,t,n,f,c,b,n,t,b,s,s,w,w,,w,o,p,n,v,d
p,f,y,e,f,f,f,c,n,b,t,?,k,s,w,p,,w,o,e,w,v,l
e,b,y,e,t,n,f,w,b,w,e,c,s,s,w,w,,w,n,p,n,n,u
e,k,y,e,t,n,f,c,n,u,e,?,k,k,y,y,,y,t,l,h,y,w
e,x,s,w,t,l,f,c,b,w,e,c,s,s,w,w,,w,o,p,n,n,g
p,x,f,g,t,f,f,c,b,p,t,b,f,s,g,w,,w,o,p,h,y,u
e,b,s,w,f,n,a,c,b,p,e,?,s,s,o,o,,n,o,p,w,v,l
p,k,s,e,f,y,f,c,n,b,t,?,k,s,w,p,,w,o,e,w,v,p
e,x,s,n,t,a,f,c,b,n,e,c,s,s,w,w,,w,o,p,n,n,g
p,f,f,y,f,f,f,c,b,g,e,b,k,k,p,n,,w,o,l,h,y,d
e,x,f,w,t,a,f,w,n,w,t,b,f,s,w,p,,w,o,e,n,v,d
p,x,y,e,f,s,f,c,n,b,t,?,k,s,w,p,,w,o,e,w,v,l
e,f,y,g,t,n,f,c,b,n,t,b,s,s,w,w,,w,o,p,k,y,d
p,x,s,g,t,f,a,c,b,w,t,b,s,k,o,c,,n,o,e,w,s,u
e,x,f,n,t,n,f,c,b,n,t,b,s,s,w,w,,w,o,p,n,v,d
e,b,f,g,t,n,f,c,b,n,t,b,s,s,w,w,,w,o,p,n,v,d
p,f,s,n,f,y,f,c,n,b,t,?,s,k,w,w,,w,o,e,w,v,l
p,x,s,y,f,f,f,c,b,g,e,b,k,k,p,b,,w,o,l,h,s,g
p,k,f,e,f,s,f,c,n,b,t,?,k,k,w,w,,w,o,e,w,v,p
p,f,s,g,f,f,f,c,b,g,e,b,k,k,n,p,,w,o,l,h,s,d
p,x,f,e,f,s,f,c,b,n,t,b,y,f,p,w,,w,o,f,u,v,d
e,b,y,n,t,n,f,w,b,g,e,c,s,s,c,c,,w,o,p,n,s,w
p,k,y,e,f,y,f,c,n,b,t,?,s,s,p,p,,w,o,e,w,v,d
e,f,f,e,t,n,f,c,b,u,t,b,s,s,g,p,,w,o,p,n,v,d
e,f,y,b,t,n,f,w,b,w,e,?,s,s,e,e,,w,o,e,w,c,m
p,x,s,e,f,s,f,c,n,b,t,?,k,s,p,w,,w,o,e,w,v,l
e,f,y,y,t,a,f,c,b,p,e,b,s,s,w,w,,w,o,p,n,y,d
p,f,s,g,f,f,f,c,b,h,e,b,k,k,b,p,,w,o,l,h,s,d
e,f,y,n,t,n,f,c,b,n,t,b,s,s,p,p,,w,o,p,n,v,d
p,x,s,e,f,y,f,c,n,b,t,?,s,k,w,p,,w,o,e,w,v,p
e,b,s,y,t,a,f,c,b,w,e,c,s,s,w,w,,w,o,p,k,n,m
e,f,f,g,t,n,f,c,b,p,t,b,s,s,p,g,,w,o,p,n,y,d
e,f,f,g,t,n,f,c,b,u,t,b,s,s,w,g,,w,o,p,k,v,d
e,x,s,n,f,n,a,c,b,w,e,?,s,s,o,o,,n,o,p,w,c,l
p,k,y,e,f,f,f,c,n,b,t,?,k,k,w,w,,w,o,e,w,v,d
e,x,f,n,f,n,f,w,b,k,t,e,f,s,w,w,,w,o,e,k,a,g
p,x,s,p,f,p,f,c,n,n,e,b,s,s,w,w,,w,o,p,k,s,g
e,x,y,w,t,l,f,c,b,w,e,c,s,s,w,w,,w,o,p,k,s,m
p,f,f,g,t,f,f,c,b,h,t,b,s,f,w,w,,w,t,p,h,y,m
e,f,f,w,t,a,f,c,b,p,e,b,s,s,n,p,,w,o,p,n,y,d
e,b,y,y,t,a,f,c,b,w,e,c,s,s,w,w,,w,o,p,n,n,g
e,x,f,e,t,n,f,c,b,p,t,b,s,s,g,w,,w,o,p,k,y,d
p,x,y,e,f,s,f,c,n,b,t,?,k,s,w,w,,w,o,e,w,v,l
e,x,y,g,t,n,f,c,b,n,t,b,s,s,g,g,,w,o,p,k,v,d
e,x,f,n,t,n,f,c,b,n,t,b,s,s,w,g,,w,o,p,n,v,d
e,f,y,y,t,l,f,c,b,p,e,r,s,y,w,w,,w,o,p,n,y,g
e,f,y,p,t,n,f,c,b,g,e,b,s,s,w,w,,w,o,p,r,v,p
e,x,y,n,f,n,a,w,n,g,e,b,k,s,n,o,,w,o,p,h,v,l
e,x,f,n,f,n,f,c,b,w,e,b,s,f,n,p,,w,o,e,w,v,d
p,x,s,g,f,f,f,c,b,g,e,b,k,k,b,p,,w,o,l,h,s,g
e,x,y,g,t,n,f,c,b,n,t,b,s,s,w,w,,w,o,p,n,y,d
p,f,s,e,f,y,f,c,n,b,t,?,k,k,p,p,,w,o,e,w,v,p
p,k,s,n,f,s,f,c,n,b,t,?,k,k,w,p,,w,o,e,w,v,p
p,x,s,e,f,y,f,c,n,b,t,?,k,k,w,w,,w,o,e,w,v,d
p,k,s,e,f,f,f,c,n,b,t,?,k,k,w,w,,w,o,e,w,v,d
e,f,y,n,t,l,f,c,b,n,e,r,s,y,w,w,,w,o,p,n,y,g
e,f,f,e,t,n,f,c,b,u,t,b,s,s,g,p,,w,o,p,n,y,d
e,x,f,w,f,n,f,w,b,n,t,e,f,f,w,w,,w,o,e,n,s,g
e,f,f,e,t,n,f,c,b,n,t,b,s,s,p,w,,w,o,p,k,v,d
e,f,y,e,t,n,f,c,b,u,t,b,s,s,g,p,,w,o,p,k,v,d
e,f,y,g,t,n,f,c,b,w,t,b,s,s,g,g,,w,o,p,k,y,d
e,f,y,g,t,n,f,c,b,n,t,b,s,s,g,p,,w,o,p,k,v,d
p,f,f,w,t,f,f,c,b,h,t,b,s,f,p,w,,w,o,p,h,y,g
e,f,f,g,t,n,f,c,b,p,t,b,s,s,w,p,,w,o,p,k,y,d
p,x,s,w,t,p,f,c,n,w,e,b,s,s,w,w,,w,t,p,k,s,g
p,x,y,n,t,p,f,c,n,n,e,e,s,s,w,w,,w,o,p,k,v,g
p,x,s,w,t,p,f,c,n,p,e,e,f,s,w,w,,w,o,p,k,s,g
e,x,s,e,t,n,f,c,b,w,e,?,s,s,w,w,,w,t,e,w,c,w
e,x,y,u,f,l,f,c,b,g,e,b,s,s,p,p,,w,o,p,n,y,d
e,x,y,w,t,l,f,c,b,w,e,c,s,s,w,w,,w,o,p,n,n,m
e,f,y,w,t,l,f,w,b,g,e,b,s,s,w,w,,w,o,p,k,v,d
p,x,y,w,t,f,f,c,b,w,t,b,f,s,w,w,,w,o,p,h,v,g
p,x,f,y,f,f,f,c,b,g,e,b,k,k,p,b,,w,o,l,h,y,d
p,f,y,n,f,s,f,c,n,b,t,?,s,k,p,w,,w,o,e,w,v,l
e,f,f,e,t,n,f,c,b,u,t,b,s,s,w,w,,w,o,p,n,y,d
p,f,y,g,t,f,f,c,b,w,t,b,f,f,w,w,,w,o,p,h,y,g
e,f,f,g,t,n,f,c,b,w,t,b,s,s,w,w,,w,o,p,n,v,d
p,x,s,n,f,f,f,c,n,b,t,?,s,k,p,w,,w,o,e,w,v,l
e,b,y,n,t,a,f,c,b,w,e,c,s,s,w,w,,w,o,p,k,n,g
e,f,y,y,t,l,f,c,b,p,e,b,s,s,n,g,,w,o,p,k,y,d
p,x,f,b,t,f,f,c,b,p,t,b,s,s,w,w,,w,t,p,h,y,g
p,f,s,b,t,f,f,c,b,w,t,b,k,y,g,w,,w,o,e,w,s,g
p,f,f,p,t,n,f,w,b,p,e,?,s,k,w,w,,w,o,p,w,s,p
p,k,s,e,f,f,f,c,n,b,t,?,k,k,p,w,,w,o,e,w,v,d
p,x,s,n,f,y,f,c,n,b,t,?,k,s,p,w,,w,o,e,w,v,l
p,k,s,n,f,f,f,c,n,b,t,?,s,s,p,p,,w,o,e,w,v,d
e,x,y,e,t,n,f,c,b,p,t,b,s,s,w,p,,w,o,p,k,y,d
p,f,s,e,f,f,f,c,n,b,t,?,k,k,w,w,,w,o,e,w,v,p
p,k,s,n,f,n,a,w,b,w,e,?,s,f,o,o,,n,o,p,w,s,l
p,f,y,n,f,y,f,c,n,b,t,?,s,s,p,w,,w,o,e,w,v,l
p,x,f,n,t,p,f,c,n,p,e,e,s,s,w,w,,w,o,p,k,s,u
e,x,f,g,t,n,f,c,b,w,t,b,s,s,g,w,,w,o,p,k,y,d
e,f,f,y,t,a,f,w,n,p,t,b,f,s,p,w,,w,o,e,k,v,d
e,x,y,n,t,n,f,c,b,n,t,b,s,s,w,w,,w,o,p,k,v,d
e,x,f,n,t,n,f,c,b,n,t,b,s,s,w,w,,w,o,p,n,v,d
p,x,y,e,f,f,f,c,n,b,t,?,s,k,w,p,,w,o,e,w,v,p
p,f,f,g,f,f,f,c,b,p,e,b,k,k,b,n,,w,o,l,h,y,g
e,f,s,w,t,l,f,w,b,g,e,b,s,s,g,g,,w,o,p,k,v,d
p,f,f,n,f,y,a,c,b,w,t,b,k,k,g,c,,w,o,n,u,v,d
p,f,f,n,t,p,f,c,n,k,e,e,s,s,w,w,,w,o,p,k,s,u
e,x,y,y,t,l,f,c,b,p,e,r,s,y,w,w,,w,o,p,n,s,g
e,x,y,g,f,n,a,c,b,w,e,?,s,s,o,o,,n,o,p,w,c,l
p,f,f,c,t,s,a,w,b,p,t,b,s,f,g,o,,w,o,p,u,y,l
p,f,f,b,t,f,f,c,b,p,t,b,s,f,w,w,,w,t,p,h,y,m
p,f,y,n,f,s,f,c,n,b,t,?,k,k,p,w,,w,o,e,w,v,p
e,x,f,g,t,n,f,c,b,n,t,b,s,s,p,g,,w,o,p,n,y,d
e,x,f,y,t,a,f,w,b,w,e,b,s,s,w,w,,w,o,p,k,v,d
e,f,y,n,t,a,f,c,b,p,e,r,s,y,w,w,,w,o,p,n,s,g
e,f,y,e,t,n,f,c,b,n,t,b,s,s,p,w,,w,o,p,k,v,d
e,b,y,n,t,n,f,c,b,w,t,b,s,s,w,w,,w,o,p,r,y,d
e,x,y,n,f,n,f,c,b,w,e,?,y,f,b,p,,w,o,n,w,c,l
p,f,s,e,f,s,f,c,n,b,t,?,k,s,p,w,,w,o,e,w,v,p
p,x,y,y,f,f,f,c,b,g,e,b,k,k,n,n,,w,o,l,h,y,d
p,f,y,y,f,f,f,c,b,h,e,b,k,k,n,n,,w,o,l,h,v,d
e,f,f,e,t,n,f,c,b,n,t,b,s,s,w,w,,w,o,p,n,v,d
e,f,y,n,t,n,f,c,b,p,t,b,s,s,w,p,,w,o,p,k,y,d
p,b,f,g,f,f,f,c,b,h,e,b,k,k,n,n,,w,o,l,h,v,d
p,x,f,b,t,f,f,c,b,p,t,b,s,f,p,w,,w,o,p,h,y,g
e,k,s,c,t,n,f,c,b,w,e,?,s,s,e,e,,w,t,e,w,c,w
e,x,f,g,t,n,f,c,b,w,t,b,s,s,p,p,,w,o,p,n,v,d
p,f,s,n,f,y,f,c,n,b,t,?,k,k,w,p,,w,o,e,w,v,d
p,x,f,b,t,f,f,c,b,w,t,b,s,s,w,w,,w,o,p,h,y,g
e,x,y,y,t,l,f,c,b,n,e,c,s,s,w,w,,w,o,p,k,n,g
p,f,s,g,t,f,f,c,b,p,t,b,s,f,w,w,,w,o,p,h,s,g
e,f,s,n,f,n,f,w,b,n,t,e,f,f,w,w,,w,o,e,n,a,g
e,x,s,c,f,n,f,w,b,p,e,?,k,s,w,w,,w,t,p,w,n,g
e,x,f,n,t,n,f,c,b,n,t,b,s,s,w,p,,w,o,p,n,v,d
p,x,y,y,f,f,f,c,b,p,e,b,k,k,b,b,,w,o,l,h,y,p
p,k,s,n,f,s,f,c,n,b,t,?,k,s,w,w,,w,o,e,w,v,p
e,x,y,p,t,n,f,c,b,r,e,b,s,s,p,p,,w,o,p,r,y,d
p,k,s,e,f,f,f,c,n,b,t,?,k,k,p,w,,w,o,e,w,v,d
p,f,s,g,f,f,f,c,b,g,e,b,k,k,b,n,,w,o,l,h,v,g
e,f,f,e,t,n,f,c,b,p,t,b,s,s,g,g,,w,o,p,k,y,d
e,f,y,w,f,n,f,w,b,n,t,e,s,s,w,w,,w,o,e,k,s,g
e,x,y,g,f,n,f,w,b,k,t,e,f,s,w,w,,w,o,e,n,s,g
p,x,y,y,f,f,f,c,b,h,e,b,k,k,p,b,,w,o,l,h,y,g
p,x,y,n,f,y,f,c,n,b,t,?,s,s,o,n,,n,o,e,w,v,l
p,x,f,g,f,f,f,c,b,h,e,b,k,k,p,p,,w,o,l,h,s,g
e,f,f,n,t,n,f,c,b,u,t,b,s,s,w,w,,w,o,p,n,y,d
p,f,f,g,f,f,f,c,b,h,e,b,k,k,n,p,,w,o,l,h,v,d
p,f,y,g,f,f,f,c,b,p,e,b,k,k,b,b,,w,o,l,h,y,p
p,f,y,r,t,p,f,c,b,w,t,b,s,s,w,w,,w,t,p,r,v,m
p,f,y,g,t,f,f,c,b,p,t,b,s,s,w,w,,w,o,p,h,v,u
p,f,y,e,f,s,f,c,n,b,t,?,k,k,w,p,,w,o,e,w,v,d
e,x,f,g,t,n,f,c,b,u,t,b,s,s,g,g,,w,o,p,k,y,d
e,f,y,w,t,a,f,c,b,w,e,r,s,y,w,w,,w,o,p,n,y,p
p,k,s,n,f,s,f,c,n,b,t,?,k,k,w,p,,w,o,e,w,v,d
e,f,f,n,t,a,f,w,b,p,e,b,k,s,w,g,,w,o,p,k,v,d
e,f,y,w,t,a,f,c,b,p,e,b,s,s,p,p,,w,o,p,n,y,d
p,x,s,n,f,y,f,c,n,b,t,?,k,s,w,w,,w,o,e,w,v,d
p,x,y,e,f,f,f,c,n,b,t,?,s,s,w,w,,w,o,e,w,v,d
e,x,f,n,f,n,f,w,b,p,t,e,s,f,p,w,,w,o,e,k,a,g
p,x,s,n,f,y,f,c,n,b,t,?,k,k,p,w,,w,o,e,w,v,d
p,f,y,n,f,y,f,c,n,b,t,?,k,k,p,p,,w,o,e,w,v,d
p,x,y,e,f,s,f,c,n,b,t,?,k,k,o,n,,o,o,e,w,v,d
p,x,s,n,f,s,f,c,n,b,t,?,s,k,w,w,,w,o,e,w,v,p
e,f,y,p,t,n,f,c,b,r,e,b,s,s,p,p,,w,o,p,r,v,d
e,x,f,n,f,n,f,c,n,g,e,b,f,y,c,p,,w,o,l,h,v,p
p,f,f,y,f,f,f,c,b,h,e,b,k,k,b,b,,w,o,l,h,y,d
p,x,f,w,t,p,f,c,n,k,e,e,s,s,w,w,,w,o,p,n,v,u
e,b,s,w,t,a,f,c,b,n,e,c,s,s,w,w,,w,o,p,n,n,m
e,f,f,n,f,n,f,w,b,e,e,?,s,k,w,w,,w,t,p,w,s,g
p,x,f,n,t,p,f,c,n,w,e,e,s,s,w,w,,w,o,p,n,s,u
p,x,s,e,f,s,f,c,n,b,t,?,k,k,n,n,,w,o,e,w,v,l
p,k,s,n,f,f,f,c,n,b,t,?,s,s,p,w,,w,o,e,w,v,l
e,f,y,g,t,n,f,c,b,w,t,b,s,s,p,g,,w,o,p,n,y,d
e,f,y,e,t,n,f,c,b,p,t,b,s,s,w,w,,w,o,p,k,y,d
p,x,s,e,f,f,f,c,n,b,t,?,k,s,p,p,,w,o,e,w,v,p
e,b,y,w,t,n,f,w,b,g,e,c,k,s,w,w,,w,o,p,n,s,g
p,f,y,y,f,f,f,c,b,h,e,b,k,k,n,p,,w,o,l,h,v,p
p,f,s,n,f,y,f,c,n,b,t,?,k,s,w,p,,w,o,e,w,v,d
p,x,y,y,f,f,f,c,b,p,e,b,k,k,n,p,,w,o,l,h,v,g
e,x,f,g,f,n,f,w,b,n,t,e,s,f,p,w,,w,o,e,k,s,g
p,f,s,w,t,p,f,c,n,p,e,e,s,s,w,w,,w,o,p,k,s,u
e,x,y,g,t,n,f,c,b,u,t,b,s,s,p,p,,w,o,p,k,y,d
p,f,f,g,f,f,f,c,b,h,e,b,k,k,n,p,,w,o,l,h,v,g
e,f,y,n,t,n,f,c,b,n,t,b,s,s,p,g,,w,o,p,n,v,d
e,f,y,g,f,n,a,c,b,o,e,?,s,s,o,o,,o,o,p,y,c,l
p,x,y,e,f,s,f,c,n,b,t,?,s,k,w,p,,w,o,e,w,v,l
e,f,y,n,t,n,f,c,b,p,t,b,s,s,w,w,,w,o,p,n,y,d
e,x,y,y,t,a,f,c,b,p,e,r,s,y,w,w,,w,o,p,n,s,p
p,x,s,r,t,c,f,c,n,g,e,e,f,s,w,w,,w,o,p,k,s,u
p,x,y,g,f,f,f,c,b,g,e,b,k,k,b,p,,w,o,l,h,y,p
e,s,f,g,f,n,f,c,n,k,e,e,s,s,w,w,,w,o,p,n,v,u
p,x,y,p,t,c,f,w,n,n,e,e,s,s,w,w,,w,n,p,n,v,d
p,x,f,y,f,f,f,c,b,h,e,b,k,k,b,n,,w,o,l,h,y,d
e,f,f,g,t,n,f,c,b,p,t,b,s,s,w,w,,w,o,p,k,y,d
p,x,s,e,f,s,f,c,n,b,t,?,s,k,w,p,,w,o,e,w,v,l
p,f,y,n,f,s,f,c,n,b,t,?,k,s,w,p,,w,o,e,w,v,p
p,x,g,g,f,n,f,c,n,w,e,b,k,y,w,w,,w,o,e,w,c,g
p,f,f,g,f,f,f,c,b,h,e,b,k,k,b,b,,w,o,l,h,y,d
p,x,y,w,t,f,f,c,b,h,t,b,s,f,g,w,,w,o,p,h,v,g
e,f,f,g,t,n,f,c,b,u,t,b,s,s,p,p,,w,o,p,k,v,d
p,x,f,g,f,f,f,c,b,p,e,b,k,k,p,p,,w,o,l,h,s,d
p,f,s,n,f,s,f,c,n,b,t,?,s,s,p,w,,w,o,e,w,v,p
e,k,f,n,f,n,f,w,b,p,e,?,s,s,w,w,,w,t,p,w,s,g
e,f,y,g,t,n,f,c,b,n,t,b,s,s,w,p,,w,o,p,k,y,d
e,f,s,c,f,n,f,w,b,e,e,?,k,s,w,w,,w,t,p,w,n,g
p,f,y,e,f,f,f,c,n,b,t,?,s,s,w,p,,w,o,e,w,v,p
e,k,s,g,f,n,a,c,b,w,e,?,s,s,o,o,,n,o,p,w,c,l
e,b,s,y,t,l,f,c,b,w,e,c,s,s,w,w,,w,o,p,k,n,m
p,x,y,w,t,p,f,c,n,n,e,e,f,s,w,w,,w,o,p,k,v,g
e,f,f,n,t,n,f,c,b,w,t,b,k,y,b,b,,w,o,l,r,v,d
p,x,y,e,f,f,f,c,n,b,t,?,s,k,p,w,,w,o,e,w,v,l
e,f,y,e,t,n,f,c,b,p,t,b,s,s,w,g,,w,o,p,n,y,d
p,f,f,y,f,f,f,c,b,g,e,b,k,k,p,n,,w,o,l,h,y,d
e,f,f,e,t,n,f,c,b,u,t,b,s,y,w,w,,w,o,p,n,y,d
e,b,y,w,t,l,f,c,b,g,e,c,s,s,e,w,,w,o,p,k,n,g
e,f,f,y,t,l,f,w,b,w,e,b,k,s,n,p,,w,o,p,n,v,d
e,f,y,g,t,n,f,c,b,u,t,b,s,s,g,p,,w,o,p,n,v,d
p,x,s,n,f,s,f,c,n,b,t,?,s,s,w,p,,w,o,e,w,v,p
e,b,y,y,t,l,f,c,b,n,e,c,s,s,w,w,,w,o,p,n,s,m
e,x,y,g,t,n,f,c,b,n,t,b,s,s,w,p,,w,o,p,k,v,d
e,k,s,e,t,n,f,c,b,p,e,?,s,s,e,w,,w,t,e,w,c,w
e,c,y,y,t,a,f,w,n,n,t,b,f,s,w,p,,w,o,e,n,v,d
p,f,y,g,f,f,f,c,b,h,e,b,k,k,b,b,,w,o,l,h,v,p
e,f,f,w,t,l,f,c,b,p,e,b,s,s,p,p,,w,o,p,k,y,d
p,f,y,b,t,f,f,c,b,w,t,b,f,f,w,w,,w,o,p,h,v,u
p,x,s,n,t,p,f,c,n,k,e,e,s,s,w,w,,w,o,p,k,s,u
p,f,s,n,f,f,f,c,n,b,t,?,s,k,w,p,,w,o,e,w,v,l
e,b,s,n,t,n,f,w,b,w,e,c,s,s,w,g,,w,n,p,w,n,d
p,f,f,w,t,f,f,c,b,p,t,b,s,s,w,w,,w,t,p,h,y,m
e,x,y,e,t,n,f,c,b,n,t,b,s,s,w,w,,w,o,p,n,v,d
e,x,y,w,t,l,f,w,b,p,t,b,k,s,g,p,,w,o,p,u,v,d
p,x,s,c,t,c,f,w,n,p,e,e,s,s,w,w,,w,n,p,k,s,m
p,b,y,c,f,n,f,c,b,g,e,?,s,k,w,w,,w,o,e,w,v,p
e,b,f,b,f,a,a,c,b,y,e,?,s,s,o,o,,n,o,p,n,s,l
e,f,s,g,f,n,f,w,b,k,t,e,f,s,w,w,,w,o,e,k,s,g
e,f,f,e,t,n,f,c,b,n,t,b,s,s,p,p,,w,o,p,k,v,d
e,f,y,e,t,n,f,c,b,w,t,b,s,s,g,g,,w,o,p,k,y,d
p,f,y,e,f,y,f,c,n,b,t,?,s,s,w,w,,w,o,e,w,v,p
p,x,y,y,f,f,f,c,b,g,e,b,k,k,n,p,,w,o,l,h,v,d
e,x,f,n,t,n,f,c,b,u,t,b,s,s,w,w,,w,o,p,k,y,d
p,f,f,g,t,f,f,c,b,w,t,b,s,s,g,w,,w,o,p,h,y,u
p,k,y,n,f,f,f,c,n,b,t,?,k,k,w,p,,w,o,e,w,v,d
p,k,s,e,f,f,f,c,n,b,t,?,k,k,w,w,,w,o,e,w,v,p
e,f,y,n,t,l,f,c,b,p,e,r,s,y,w,w,,w,o,p,k,y,g
p,k,y,n,f,y,f,c,n,b,t,?,k,s,p,p,,w,o,e,w,v,p
p,x,s,n,f,n,f,c,n,w,e,?,k,s,w,w,,w,o,e,w,v,p
e,b,s,w,t,a,f,c,b,k,e,c,s,s,w,w,,w,o,p,k,s,g
e,x,f,n,t,n,f,c,b,n,t,b,s,s,g,w,,w,o,p,k,v,d
e,x,s,p,t,n,f,c,b,g,e,?,s,s,e,e,,w,t,e,w,c,w
e,b,y,y,t,l,f,c,b,p,e,b,s,s,p,p,,w,o,p,n,y,d
p,f,y,g,f,f,f,c,b,p,e,b,k,k,p,n,,w,o,l,h,v,p
p,f,s,e,t,n,a,w,b,p,e,?,s,k,o,o,,o,o,p,w,c,l
e,x,f,g,f,n,f,w,b,p,t,e,s,f,w,w,,w,o,e,n,s,g
e,x,s,e,t,n,a,w,b,w,e,c,k,s,o,o,,n,o,p,w,n,l
p,k,y,n,f,s,f,c,n,b,t,?,k,k,w,w,,w,o,e,w,v,p
e,x,y,n,f,n,f,c,b,w,e,?,y,y,n,p,,w,o,n,w,v,l
e,f,f,g,t,n,f,c,b,n,t,b,s,s,g,p,,w,o,p,k,v,d
p,f,s,g,t,f,f,c,b,h,t,b,s,s,g,w,,w,o,p,h,s,u
e,f,f,g,t,n,f,c,b,u,t,b,s,s,g,w,,w,o,p,k,v,d
e,f,y,g,f,n,f,w,b,p,t,e,s,s,p,w,,w,o,e,k,s,g
e,f,f,g,t,n,f,c,b,p,t,b,s,s,g,w,,w,o,p,k,y,d
e,x,s,n,f,n,f,w,b,w,e,?,s,s,w,w,,w,t,p,w,s,g
e,f,f,n,f,n,f,w,b,p,t,e,s,s,g,w,,w,o,e,n,a,g
p,k,s,n,f,y,f,c,n,b,t,?,s,k,w,w,,w,o,e,w,v,d
p,f,f,g,f,f,f,c,b,g,e,b,k,k,p,p,,w,o,l,h,v,p
e,k,f,g,f,n,f,w,b,y,e,?,k,k,n,p,,w,t,l,o,s,g
p,x,y,u,t,m,f,w,b,e,e,?,s,f,n,p,,w,o,p,w,v,d
e,f,y,n,t,n,f,c,b,u,t,b,s,s,w,w,,w,o,p,k,y,d
e,f,s,w,f,n,f,w,b,p,t,e,s,f,w,w,,w,o,e,n,a,g
p,f,y,g,f,f,f,c,b,h,e,b,k,k,n,p,,w,o,l,h,v,g
p,x,y,y,f,f,f,c,b,g,e,b,k,k,b,n,,w,o,l,h,y,p
p,x,y,w,f,n,a,c,b,w,e,?,s,k,o,o,,o,o,p,w,y,l
p,x,y,g,f,f,f,c,b,h,e,b,k,k,p,b,,w,o,l,h,v,d
p,x,y,y,t,c,f,c,n,p,e,e,f,s,w,w,,w,o,p,k,v,u
e,x,s,n,f,n,f,w,b,h,t,e,f,f,w,w,,w,o,e,k,s,g
p,f,y,n,t,p,f,c,n,n,e,e,s,s,w,w,,w,o,p,k,v,g
p,x,s,e,f,y,f,c,n,b,t,?,s,k,w,w,,w,o,e,w,v,p
p,x,y,e,f,s,f,c,n,b,t,?,s,s,p,w,,w,o,e,w,v,p
p,f,s,e,f,f,f,c,n,b,t,?,k,k,w,w,,w,o,e,w,v,l
e,x,y,e,t,n,f,c,b,u,t,b,s,s,g,w,,w,o,p,n,y,d
e,f,y,e,t,n,f,c,b,w,t,b,s,s,w,g,,w,o,p,k,y,d
p,f,f,n,t,f,a,c,b,h,e,b,s,y,o,o,,n,o,f,h,v,u
e,x,f,e,t,n,f,c,b,p,t,b,s,s,w,w,,w,o,p,n,y,d
p,x,f,b,t,f,f,c,b,w,t,b,s,s,g,w,,w,o,p,h,y,g
p,f,f,y,f,f,f,c,b,g,e,b,k,k,b,b,,w,o,l,h,y,g
e,f,f,e,t,n,f,c,b,u,t,b,s,s,w,w,,w,o,p,k,v,d
p,f,s,w,t,p,f,c,n,k,e,e,s,s,w,w,,w,o,p,k,s,u
e,b,f,g,f,n,f,w,b,o,e,?,s,f,n,b,,w,t,l,y,n,g
p,x,s,r,f,p,f,c,n,p,e,b,s,s,w,w,,w,o,p,k,s,g
e,f,f,e,t,n,f,c,b,n,t,b,s,s,w,w,,w,o,p,k,y,d
p,x,s,n,f,f,f,c,n,b,t,?,s,k,p,w,,w,o,e,w,v,p
p,x,f,g,f,f,f,c,b,p,e,b,k,k,n,n,,w,o,l,h,v,d
e,x,f,r,f,n,f,w,b,w,e,?,s,s,w,w,,w,t,p,w,s,g
p,x,f,y,f,f,f,c,b,h,e,b,k,k,n,p,,w,o,l,h,v,p
p,x,f,w,t,p,f,c,n,n,e,e,s,s,w,w,,w,o,p,n,s,g
p,x,f,n,t,p,f,c,n,k,e,e,s,s,w,w,,w,o,p,k,v,u
p,x,f,g,t,f,f,c,b,p,t,b,s,f,w,w,,w,o,p,h,v,u
e,x,f,n,f,n,f,c,b,w,e,b,f,y,c,c,,w,o,n,w,y,d
e,f,y,w,t,a,f,c,b,w,e,r,s,y,w,w,,w,o,p,n,y,g
p,f,y,w,t,f,f,c,b,p,t,b,s,f,w,w,,w,o,p,h,y,u
p,f,s,e,f,y,f,c,n,b,t,?,k,k,p,p,,w,o,e,w,v,p
e,f,y,g,t,n,f,c,b,w,t,b,s,s,p,p,,w,o,p,n,y,d
e,x,f,n,t,n,f,c,b,p,t,b,s,s,p,w,,w,o,p,n,v,d
p,x,f,y,f,f,f,c,b,g,e,b,k,k,b,b,,w,o,l,h,v,d
p,f,f,w,t,f,f,c,b,w,t,b,s,s,w,w,,w,o,p,h,y,g
p,f,f,g,t,f,f,c,b,w,t,b,s,s,g,w,,w,o,p,h,y,g
p,f,f,g,f,f,f,c,b,h,e,b,k,k,p,n,,w,t,l,h,y,g
e,f,y,e,t,n,f,c,b,w,t,b,s,s,w,g,,w,o,p,n,y,d
p,x,y,b,t,c,f,c,n,n,e,e,s,s,w,w,,w,o,p,k,v,g
e,x,s,n,f,n,f,w,b,h,t,e,s,s,p,w,,w,o,e,n,a,g
e,k,s,n,t,n,f,w,b,n,e,?,k,k,b,b,,w,o,l,o,s,p
e,x,y,g,t,n,f,c,b,n,t,b,s,s,g,p,,w,o,p,k,y,d
p,x,y,y,f,f,f,c,b,h,e,b,k,k,p,p,,w,o,l,h,y,d
e,f,f,w,t,a,f,w,b,w,t,b,k,s,g,p,,w,o,p,u,v,d
e,f,y,w,t,l,f,c,b,p,e,r,s,y,w,w,,w,o,p,k,y,g
p,x,y,g,f,f,f,c,b,p,e,b,k,k,n,b,,w,o,l,h,v,d
e,f,y,n,t,n,f,c,b,w,t,b,s,s,w,p,,w,o,p,k,v,d
p,f,f,g,f,f,a,c,b,g,e,b,k,f,o,o,,n,o,f,h,v,g
e,x,y,w,t,l,f,c,b,w,e,c,s,s,w,w,,w,o,p,k,s,m
e,f,f,n,t,n,f,c,b,n,t,b,s,s,w,g,,w,o,p,n,v,d
p,x,s,g,f,f,f,c,b,h,e,b,k,k,b,p,,w,o,l,h,s,p
e,x,f,g,f,n,f,w,b,h,t,e,f,f,p,w,,w,o,e,n,s,g
e,x,s,w,f,n,f,w,b,n,t,e,s,f,w,w,,w,o,e,k,s,g
e,x,f,g,f,n,f,w,b,h,t,e,f,f,w,w,,w,o,e,k,a,g
p,x,s,p,f,c,f,c,n,p,e,b,s,f,w,w,,w,o,p,n,s,p
p,x,f,w,t,f,f,c,b,p,t,b,s,s,w,w,,w,o,p,h,y,u
p,f,s,y,f,f,f,c,b,g,e,b,k,k,b,p,,w,o,l,h,v,p
p,f,y,w,t,f,f,c,b,p,t,b,s,s,w,w,,w,o,p,h,y,g
p,x,s,e,f,s,f,c,n,b,t,?,k,s,p,w,,w,o,e,w,v,l
e,x,f,g,t,n,f,c,b,w,t,b,s,s,g,p,,w,o,p,n,y,d
e,f,f,w,f,n,f,c,b,g,e,b,s,s,n,g,,w,o,p,r,y,d
e,x,s,w,f,n,f,w,b,k,t,e,s,s,g,w,,w,o,e,k,a,g
p,x,s,w,t,f,f,c,b,p,t,b,s,f,w,w,,w,o,p,h,v,u
e,f,f,g,t,n,f,c,b,u,t,b,s,s,w,g,,w,o,p,k,v,d
e,x,s,e,t,n,f,w,b,n,e,c,s,s,g,g,,w,t,p,n,s,w
p,k,s,e,f,f,f,c,n,b,t,?,s,k,w,w,,w,o,e,w,v,p
e,x,y,n,t,n,f,c,b,w,t,b,s,s,w,w,,w,o,p,n,y,d
e,x,y,e,t,n,f,c,b,u,t,b,s,s,g,w,,w,o,p,n,y,d
p,k,s,w,t,n,f,w,b,w,e,?,s,k,w,w,,w,t,p,w,a,g
p,f,y,g,f,f,f,c,b,g,e,b,k,k,b,n,,w,o,l,h,v,d
p,x,y,n,f,f,f,c,n,b,t,?,s,s,w,p,,w,o,e,w,v,l
e,f,s,g,f,n,f,w,b,h,t,e,f,f,g,w,,w,o,e,n,a,g
e,x,s,g,f,n,f,w,b,n,t,e,f,s,w,w,,w,o,e,k,s,g
e,x,f,w,f,n,f,w,b,h,t,e,s,s,w,w,,w,o,e,k,s,g
p,x,y,b,t,f,f,c,b,p,t,b,s,s,w,w,,w,o,p,h,v,g
p,x,f,w,t,p,f,c,n,p,e,e,f,s,w,w,,w,o,p,n,s,u
e,f,f,n,t,n,f,c,b,p,t,b,s,s,w,w,,w,o,p,k,y,d
e,x,y,g,t,n,f,c,b,u,t,b,s,s,w,w,,w,o,p,k,y,d
e,x,f,w,t,l,a,c,b,w,t,b,s,s,o,c,,o,o,n,r,y,d
e,f,y,n,t,n,f,c,b,n,t,b,s,s,g,p,,w,o,p,n,y,d
p,f,y,n,f,y,f,c,n,b,t,?,k,k,p,p,,w,o,e,w,v,d
e,x,f,n,t,n,f,c,b,n,t,b,s,s,w,w,,w,o,p,n,v,d
p,f,y,e,f,y,f,c,n,b,t,?,k,k,p,w,,w,o,e,w,v,l
p,f,y,e,f,y,f,c,n,b,t,?,s,k,p,w,,w,o,e,w,v,l
p,f,y,e,f,s,f,c,n,b,t,?,k,k,p,w,,w,o,e,w,v,l
e,f,y,e,t,n,f,c,b,w,t,b,s,s,g,p,,w,t,p,k,v,d
e,x,y,y,t,l,f,c,b,n,e,r,s,y,w,w,,w,o,p,n,y,p
p,x,s,n,f,s,f,c,n,b,t,?,s,k,w,w,,w,o,e,w,v,d
e,f,f,n,f,n,f,w,b,h,t,e,f,f,w,w,,w,o,e,k,a,g
p,x,s,w,t,f,f,c,b,w,t,b,s,s,g,w,,w,o,p,h,v,g
p,x,f,g,f,f,f,c,b,g,e,b,k,k,b,b,,w,o,l,h,v,d
e,x,s,y,t,a,f,c,b,w,e,c,s,s,w,w,,w,o,p,n,n,g
p,x,f,p,f,c,f,w,n,n,e,b,s,s,p,p,,w,o,p,k,v,d
e,k,f,g,t,n,f,w,b,k,t,e,s,s,w,w,,w,o,p,n,a,g
p,b,s,n,f,y,f,c,n,b,t,?,k,s,w,p,,w,o,e,w,v,p
p,f,y,e,f,f,f,c,n,b,t,?,k,s,p,w,,w,o,e,w,v,p
p,f,y,e,f,y,f,c,n,b,t,?,k,s,w,p,,w,o,e,w,v,l
e,x,y,y,t,a,f,w,b,p,e,b,k,s,c,g,,w,o,p,n,v,d
p,x,f,w,t,f,f,c,b,p,t,b,s,s,p,w,,w,o,p,h,y,u
p,k,y,e,f,y,f,c,n,b,t,?,s,k,w,w,,w,o,e,w,v,l
p,x,y,g,f,f,f,c,b,h,e,b,k,k,b,b,,w,o,l,h,y,d
e,x,s,w,f,n,f,w,b,h,t,e,s,f,w,w,,w,o,e,n,s,g
e,f,s,w,f,n,f,w,b,h,t,e,f,f,w,w,,w,o,e,n,a,g
e,c,s,e,t,n,f,w,b,h,t,e,s,s,w,w,,w,o,p,n,s,g
e,x,s,g,f,n,f,w,b,h,t,e,k,s,w,w,,w,o,p,n,s,g
p,x,y,w,t,f,f,c,b,h,t,b,s,s,w,w,,w,o,p,h,v,g
p,x,f,y,f,f,f,c,b,p,e,b,k,k,b,b,,w,t,l,h,y,p
p,x,s,y,f,f,f,c,b,g,e,b,k,k,n,b,,w,o,l,h,y,p
e,x,f,n,t,n,f,w,b,g,e,?,f,s,p,p,,w,t,e,w,n,u
e,x,s,w,f,n,f,w,b,n,t,e,s,f,w,w,,w,o,e,n,a,g
e,f,f,e,t,n,f,c,b,w,t,b,s,s,p,g,,w,o,p,k,y,d
p,x,s,e,f,y,f,c,n,b,t,?,s,s,p,p,,w,o,e,w,v,d
e,x,s,y,t,l,f,c,b,w,e,c,s,s,w,w,,w,o,p,k,s,m
e,k,f,g,f,n,f,w,b,e,e,?,k,s,w,w,,w,t,p,w,n,g
e,x,s,y,t,a,f,c,b,g,e,c,s,s,w,w,,w,o,p,k,n,g
e,b,s,w,t,a,f,c,b,k,e,c,s,s,w,w,,w,o,p,n,n,g
e,f,f,w,f,n,f,w,b,k,t,e,f,s,w,w,,w,o,e,k,a,g
p,x,f,y,f,f,f,c,b,p,e,b,k,k,b,p,,w,o,l,h,v,d
e,b,y,n,t,a,f,c,b,k,e,c,s,s,w,w,,w,o,p,n,s,g
p,x,y,y,f,f,f,c,b,p,e,b,k,k,b,p,,w,o,l,h,y,g
p,x,y,b,f,p,f,c,b,p,e,b,y,y,g,y,,w,o,f,u,v,g
p,x,y,e,f,s,f,c,n,b,t,?,k,k,w,w,,w,o,e,w,v,p
e,x,s,y,t,a,f,c,b,n,e,c,s,s,w,w,,w,o,p,k,n,g
e,f,f,b,t,n,f,w,b,e,e,?,s,s,w,e,,w,t,e,w,s,w
e,k,y,n,f,n,f,w,b,p,e,?,k,s,w,w,,w,t,p,w,c,g
e,x,f,g,t,n,f,c,b,w,t,b,y,s,w,w,,w,o,p,n,v,d
p,f,y,n,f,s,f,w,b,w,t,b,k,k,b,b,,w,o,l,w,y,d
e,f,y,e,t,n,f,c,b,n,t,b,s,s,g,w,,w,o,p,n,y,d
e,x,y,y,t,l,f,c,b,k,e,c,s,s,w,w,,w,o,p,n,s,g
e,x,y,n,t,n,f,c,b,w,t,b,s,s,w,w,,w,o,p,n,y,d
p,x,f,w,t,f,f,c,b,p,t,b,s,f,w,w,,w,o,p,h,v,g
e,x,s,n,f,n,f,c,n,p,e,e,s,s,w,w,,w,o,p,n,v,u
e,f,y,e,t,n,f,c,b,u,t,b,s,s,p,g,,w,o,p,n,y,d
e,f,y,y,t,l,f,c,b,n,e,r,s,y,w,w,,w,o,p,k,s,p
p,x,f,g,f,f,f,c,b,g,e,b,k,k,b,b,,w,o,l,h,v,d
p,x,y,c,f,m,a,w,b,g,e,?,s,s,o,o,,n,o,p,w,v,l
p,x,y,e,f,y,f,c,n,b,t,?,k,s,w,p,,w,o,e,w,v,p
e,f,y,n,t,a,f,c,b,n,e,r,s,y,w,w,,w,o,p,n,y,g
e,f,s,w,f,n,f,c,b,w,e,?,s,s,c,g,,w,o,p,w,c,d
p,f,f,y,f,f,f,c,b,g,e,b,k,k,b,p,,w,o,l,h,v,g
p,x,y,n,f,s,f,c,n,b,t,?,k,s,n,n,,w,o,e,w,v,l
p,f,y,e,f,m,f,c,b,g,e,?,f,s,w,w,,w,o,p,w,y,p
e,x,y,n,t,n,f,c,b,w,t,b,s,s,p,g,,w,o,p,n,v,d
e,f,f,g,t,n,f,c,b,w,t,b,s,s,g,g,,w,o,p,k,v,d
e,x,s,y,t,l,f,c,b,w,e,c,s,s,w,w,,w,o,p,k,s,m
e,c,s,e,t,n,f,w,b,p,t,e,s,s,c,e,,w,n,p,n,a,w
e,f,y,e,t,n,f,c,b,n,t,b,s,s,g,g,,w,o,p,n,y,d
e,f,y,e,t,n,f,c,b,u,t,b,s,s,w,w,,w,o,p,n,y,d
p,f,s,n,f,f,f,c,n,b,t,?,s,k,p,w,,w,o,e,w,v,d
e,x,s,g,f,n,f,w,b,n,t,e,s,f,w,w,,w,o,e,n,s,g
p,f,f,g,f,f,f,c,b,h,e,b,k,k,b,n,,w,t,l,h,v,g
e,f,f,y,t,l,f,c,b,w,t,b,s,f,w,w,,w,o,f,r,y,d
p,x,s,e,f,m,f,w,b,g,e,?,s,f,w,w,,w,t,p,w,a,m
e,x,f,n,t,n,f,c,b,u,t,b,s,s,g,w,,w,o,p,k,y,d
e,x,y,g,t,n,f,c,b,u,t,b,s,s,g,p,,w,o,p,n,y,d
e,x,y,g,f,n,f,c,n,g,e,b,y,k,w,n,,w,o,l,h,v,d
p,f,s,w,t,p,f,c,n,w,e,e,s,s,w,w,,w,o,p,n,v,g
e,b,f,w,f,n,f,w,b,w,e,?,s,k,w,w,,w,t,p,w,s,g
p,k,s,e,f,y,f,c,n,b,t,?,k,s,p,p,,w,o,e,w,v,d
e,x,s,p,t,n,f,c,b,w,e,?,s,s,w,w,,w,t,e,w,c,w
e,f,s,e,t,n,f,c,b,n,t,b,s,s,w,w,,w,o,p,n,v,d
p,x,y,y,f,f,f,c,b,g,e,b,k,k,b,b,,w,o,l,h,v,d
p,f,f,w,t,p,f,c,n,k,e,e,s,s,w,w,,w,o,p,n,s,u
e,x,y,w,t,a,f,c,b,w,t,b,s,f,w,w,,w,o,e,w,y,d
p,k,y,n,f,f,f,c,n,b,t,?,k,s,p,w,,w,o,e,w,v,p
e,b,s,b,t,n,f,w,b,w,e,c,s,s,w,w,,w,t,p,w,n,p
e,f,y,e,t,n,f,c,b,p,t,b,s,s,g,p,,w,o,p,n,y,d
e,x,y,n,t,l,f,c,b,w,e,c,s,s,w,w,,w,o,p,k,s,g
p,f,y,e,f,s,f,c,n,b,t,?,s,s,w,p,,w,o,e,w,v,d
p,f,s,g,t,f,f,c,b,p,t,b,s,s,w,w,,w,o,p,h,v,g
p,f,s,g,f,f,f,c,b,g,e,b,k,k,b,p,,w,o,l,h,s,g
p,k,y,n,f,s,f,c,n,b,t,?,k,s,p,p,,w,o,e,w,v,d
p,x,y,n,f,s,f,c,n,b,t,?,k,s,w,n,,w,o,e,w,v,d
e,f,f,w,f,n,f,w,b,k,t,e,s,f,w,w,,w,o,e,k,a,g
e,b,s,w,f,n,f,c,b,n,e,?,s,s,n,g,,w,o,p,b,c,d
p,f,y,w,t,c,f,c,n,k,e,e,s,s,w,w,,w,o,p,k,s,g
p,x,f,y,f,f,f,c,b,g,e,b,k,k,b,n,,w,o,l,h,v,p
p,f,s,e,f,f,f,c,n,b,t,?,s,k,w,w,,w,o,e,w,v,p
p,x,y,g,f,f,f,c,b,p,e,b,s,f,w,w,,w,o,f,h,y,d
p,f,s,w,f,n,f,w,b,w,e,?,s,y,w,w,,w,t,p,w,s,m
p,x,s,b,f,p,f,c,n,u,e,b,s,s,w,w,,w,o,p,n,s,g
e,x,f,g,t,n,f,c,b,n,t,b,s,s,g,g,,w,o,p,k,v,d
e,x,y,y,t,a,f,c,b,n,e,c,s,s,w,w,,w,o,p,n,s,m
e,x,y,w,t,l,f,c,b,p,e,r,s,y,e,w,,w,o,p,k,s,g
e,x,y,g,t,n,f,c,b,n,t,b,s,s,w,w,,w,o,p,n,v,d
e,x,f,g,f,n,f,w,b,p,t,e,s,f,w,w,,w,o,e,k,s,g
p,f,f,y,f,f,f,c,b,g,e,b,k,k,b,n,,w,o,l,h,y,g
e,x,y,e,t,n,f,w,b,w,e,c,s,s,w,w,,w,n,p,w,s,u
p,f,y,e,f,f,f,c,n,b,t,?,s,k,p,p,,w,o,e,w,v,l
e,x,f,n,f,n,f,c,n,k,e,e,s,s,w,w,,w,o,p,k,y,u
e,f,f,e,t,n,f,c,b,w,t,b,s,s,p,p,,w,o,p,k,y,d
e,x,y,e,t,n,f,c,b,p,e,?,s,s,w,w,,w,t,e,w,c,w
p,k,s,n,f,f,f,c,n,b,t,?,s,s,p,p,,w,o,e,w,v,l
p,x,f,n,t,n,f,w,b,w,e,?,s,k,b,p,,w,o,p,w,n,d
e,f,y,e,t,n,f,c,b,n,t,b,s,s,g,p,,w,o,p,k,v,d
p,x,f,y,f,f,f,c,b,h,e,b,k,k,p,n,,w,o,l,h,y,d
p,f,s,g,t,m,f,c,n,p,t,b,s,s,p,w,,w,t,p,h,s,g
e,x,f,n,f,n,f,w,b,k,t,e,s,s,w,w,,w,o,e,n,s,g
p,f,f,g,f,f,f,c,b,g,e,b,k,k,n,n,,w,o,l,h,v,p
p,f,f,g,f,f,f,c,b,h,e,b,k,k,p,n,,w,o,l,h,v,p
p,f,f,y,f,f,f,c,b,h,e,b,k,k,n,b,,w,o,l,h,y,g
p,x,y,e,f,y,f,c,n,b,t,?,k,s,w,w,,w,o,e,w,v,p
e,x,y,y,t,l,f,c,b,w,e,c,s,s,e,w,,w,o,p,n,s,m
e,b,s,w,f,n,a,c,b,w,e,?,s,s,o,o,,o,o,p,w,c,l
p,k,s,e,f,y,f,c,n,b,t,?,k,s,w,p,,w,o,e,w,v,d
e,f,f,n,f,n,f,w,b,h,t,e,f,s,w,w,,w,o,e,k,s,g
p,f,s,n,f,f,f,c,n,b,t,?,s,k,w,w,,w,o,e,w,v,l
e,b,f,w,f,n,f,w,b,w,e,?,k,s,w,w,,w,t,p,w,n,g
e,f,y,p,t,p,f,c,n,w,t,b,s,s,w,w,,w,o,p,k,v,d
p,x,y,g,t,c,f,c,n,g,e,e,s,s,w,w,,w,o,p,n,v,g
e,b,y,g,t,n,f,c,b,n,t,b,s,s,p,p,,w,o,p,n,v,d
p,k,y,e,f,y,f,c,n,b,t,?,k,s,p,w,,w,o,e,w,v,l
e,x,s,w,f,n,f,w,b,h,t,e,f,s,w,w,,w,o,e,k,a,g
e,x,f,n,f,n,f,w,b,n,t,e,f,s,w,w,,w,o,e,n,s,g
p,x,y,y,t,f,a,c,b,p,e,?,k,y,c,c,,w,t,l,h,y,m
p,f,y,e,f,y,f,c,n,b,t,?,s,k,p,p,,w,o,e,w,v,d
e,b,s,n,f,n,a,c,b,o,e,?,s,s,o,o,,n,o,p,n,c,l
p,f,s,n,f,f,f,c,n,b,t,?,k,s,w,w,,w,o,e,w,v,l
p,f,y,e,f,s,f,c,n,b,t,?,s,s,p,w,,w,o,e,w,v,p
p,x,s,n,t,p,f,c,n,p,e,e,s,s,w,w,,w,o,p,n,s,u
e,x,s,w,f,n,f,w,b,k,t,e,f,f,w,w,,w,o,e,k,s,g
e,f,f,n,t,n,f,c,b,p,t,b,s,s,w,w,,w,o,p,n,y,d
p,x,y,g,f,f,f,c,b,g,e,b,k,k,p,b,,w,o,l,h,v,d
p,x,f,g,f,f,f,c,b,g,e,b,k,k,p,p,,w,o,l,h,v,d
e,b,s,y,t,l,f,c,b,g,e,c,s,s,w,w,,w,o,p,k,s,m
p,f,y,g,f,f,f,c,b,h,e,b,k,k,n,n,,w,o,l,h,v,d
p,x,y,b,t,f,f,c,b,w,t,b,s,s,g,w,,w,o,p,h,y,u
e,f,y,w,t,l,f,w,b,n,t,b,k,s,g,w,,w,o,p,u,v,d
e,f,y,y,t,a,f,w,b,w,e,b,s,s,c,g,,w,o,p,n,v,d
p,k,s,n,f,s,f,c,n,b,t,?,s,s,p,p,,w,o,e,w,v,p
p,x,y,y,f,f,f,c,b,g,e,b,k,k,n,p,,w,o,l,h,v,d
p,f,f,g,t,c,f,c,n,w,e,e,s,s,w,w,,w,o,p,n,v,u
e,x,f,n,f,n,f,w,b,p,t,e,f,f,p,w,,w,o,e,k,s,g
e,f,y,g,t,n,f,c,b,u,t,b,s,s,w,w,,w,o,p,n,y,d
e,f,s,g,f,n,f,w,b,p,t,e,f,f,w,w,,w,o,e,k,s,g
e,k,s,w,f,n,f,w,b,y,e,?,s,f,n,n,,w,t,f,b,n,g
p,f,y,y,f,f,f,c,b,p,e,b,k,k,n,n,,w,o,l,h,v,g
p,f,y,e,f,y,f,c,b,w,t,b,k,f,w,w,,w,o,e,w,y,d
p,f,y,n,f,y,f,c,n,b,t,?,k,k,p,p,,w,o,e,w,v,p
p,f,y,n,f,y,f,c,n,b,t,?,k,s,p,p,,w,o,e,w,v,p
p,k,s,e,f,f,f,c,n,b,t,?,k,k,p,p,,w,o,e,w,v,l
p,x,f,y,f,f,f,c,b,h,e,b,k,k,p,n,,w,o,l,h,v,p
e,f,f,n,f,n,f,c,n,p,e,e,s,s,w,w,,w,o,p,n,y,u
p,x,y,e,f,y,f,c,n,b,t,?,k,k,w,w,,w,o,e,w,v,l
e,f,y,n,t,n,f,c,b,u,t,b,s,s,p,p,,w,o,p,k,y,d
p,x,f,g,f,f,f,c,b,p,e,b,k,k,n,p,,w,o,l,h,v,d
p,k,s,e,f,f,f,c,n,b,t,?,k,k,w,w,,w,o,e,w,v,p
e,f,f,n,f,n,f,w,b,p,t,e,s,f,w,w,,w,o,e,k,s,g
p,f,s,e,f,y,f,c,n,b,t,?,s,s,p,w,,w,o,e,w,v,p
p,k,y,n,f,f,f,c,n,b,t,?,k,s,w,w,,w,o,e,w,v,d
p,f,y,b,t,f,f,c,b,p,t,b,s,s,w,w,,w,o,p,h,v,u
p,f,f,g,f,f,f,c,b,h,e,b,k,k,p,n,,w,o,l,h,v,d
e,f,f,n,t,n,f,c,b,u,t,b,s,s,p,p,,w,o,p,n,v,d
p,x,s,g,f,f,f,c,b,h,e,b,k,k,n,n,,w,o,l,h,s,g
e,f,f,n,t,n,f,c,b,u,t,b,s,s,g,g,,w,o,p,k,y,d
p,x,f,p,f,c,f,w,n,u,e,b,s,f,o,p,,o,o,p,n,s,d
p,f,y,e,f,f,f,c,n,b,t,?,s,s,w,w,,w,o,e,w,v,p
p,x,f,w,f,c,f,c,n,u,e,b,s,s,w,w,,w,o,p,n,v,g
e,f,y,e,t,n,f,c,b,u,t,b,s,s,g,g,,w,o,p,n,y,d
p,x,s,g,f,f,f,c,b,g,e,b,k,k,n,p,,w,o,l,h,s,d
e,b,s,n,f,n,f,w,b,n,e,?,f,f,b,p,,w,t,f,y,s,g
e,s,f,w,f,n,f,c,n,p,e,e,s,s,w,w,,w,o,p,k,y,u
e,f,y,n,t,n,f,c,b,n,t,b,s,s,w,w,,w,o,p,k,v,d
p,f,y,g,t,f,f,c,b,w,t,b,s,f,w,g,,w,o,e,w,v,u
e,f,y,w,t,l,f,w,b,p,e,b,s,s,b,p,,w,o,p,n,v,d
e,x,f,e,t,n,f,c,b,u,t,b,s,s,w,p,,w,o,p,k,v,d
p,x,s,y,f,f,f,c,b,p,e,b,k,k,n,n,,w,o,l,h,s,p
p,x,s,y,f,f,f,c,b,p,e,b,k,k,b,p,,w,o,l,h,v,g
p,f,y,g,f,f,f,c,b,p,e,b,k,k,p,p,,w,o,l,h,y,d
e,f,y,y,t,l,f,c,b,n,e,r,s,y,w,w,,w,o,p,k,y,g
p,x,s,n,f,f,f,c,n,b,t,?,s,k,w,p,,w,o,e,w,v,d
e,f,f,n,f,n,f,w,b,n,t,e,s,s,w,w,,w,o,e,n,s,g
e,b,f,g,f,n,f,w,b,e,e,?,k,s,w,w,,w,t,p,w,n,g
e,b,y,w,t,n,f,c,n,p,e,?,s,s,b,e,,w,t,e,w,y,w
p,x,s,n,f,f,f,c,n,b,t,?,k,y,w,p,,w,o,e,w,v,p
p,f,y,g,f,f,f,c,b,p,e,b,k,k,b,b,,w,o,l,h,y,p
e,b,s,n,f,n,a,c,b,y,e,?,s,s,o,o,,n,o,p,y,v,l
p,x,f,w,t,f,f,c,b,w,t,b,f,s,w,w,,w,o,p,h,v,u
e,f,f,n,f,n,f,w,b,k,t,e,f,s,g,w,,w,o,e,k,s,g
p,f,f,w,t,f,f,c,b,p,t,b,s,s,w,w,,w,o,p,h,v,g
e,f,f,e,t,n,f,c,b,w,t,b,s,s,w,p,,w,o,p,k,y,d
e,x,f,g,f,n,f,w,b,e,e,?,s,s,w,w,,w,t,p,w,n,g
p,f,y,y,f,f,f,c,b,h,e,b,k,k,p,p,,w,o,l,h,y,g
e,f,y,r,f,a,a,w,b,w,e,b,s,s,o,o,,n,o,p,n,v,l
e,x,y,n,f,n,f,w,b,p,t,e,s,s,p,w,,w,o,e,n,s,g
e,x,f,u,f,l,a,w,b,p,e,b,s,s,o,o,,n,o,p,k,v,l
p,k,s,e,f,s,f,c,n,b,t,?,k,k,w,w,,w,o,e,w,v,p
p,k,s,e,f,s,f,c,n,b,t,?,k,k,p,w,,w,o,e,w,v,d
p,k,s,e,f,f,f,c,n,b,t,?,s,s,p,p,,w,o,e,w,v,d
p,x,f,y,f,f,f,c,b,g,e,b,k,k,p,n,,w,o,l,h,y,d
p,k,s,n,f,n,f,w,b,g,e,?,s,k,w,w,,w,o,p,w,s,u
e,x,y,g,t,n,f,c,b,n,t,b,s,s,g,g,,w,o,p,n,y,d
p,x,y,g,f,f,f,c,b,p,e,b,k,k,n,p,,w,o,l,h,v,d
p,x,y,n,f,s,f,c,n,b,t,?,s,s,w,p,,w,o,e,w,v,p
p,x,s,e,f,s,f,c,n,b,t,?,s,s,p,p,,w,o,e,w,v,p
e,f,f,e,t,n,f,c,b,w,t,b,s,s,g,w,,w,o,p,k,y,d
e,b,s,y,t,l,f,c,b,w,e,c,s,s,w,w,,w,o,p,k,n,g
p,f,s,e,f,f,f,c,n,b,t,?,k,s,p,p,,w,o,e,w,v,d
p,x,y,y,f,f,f,c,b,p,e,b,k,k,p,p,,w,o,l,h,y,d
p,x,y,g,t,f,f,c,b,p,t,b,s,s,w,w,,w,o,p,h,y,u
p,x,f,n,t,c,f,w,n,n,e,e,s,s,g,b,,w,o,p,n,s,w
p,x,y,e,f,f,f,c,n,b,t,?,k,k,w,n,,w,o,e,w,v,d
e,k,s,g,f,n,f,w,b,n,e,?,k,s,w,w,,w,t,p,n,v,g
p,x,f,g,f,f,f,c,b,p,e,b,k,k,n,n,,w,o,l,h,y,d
p,k,s,n,f,y,f,c,n,b,t,?,s,k,p,p,,w,o,e,w,v,p
e,x,s,w,f,n,f,w,b,n,t,e,f,f,w,w,,w,o,e,n,a,g
e,f,s,g,f,n,f,w,b,k,t,e,s,s,w,w,,w,o,e,n,a,g
p,k,s,e,f,y,f,c,n,b,t,?,s,s,w,w,,w,o,e,w,v,p
p,f,y,n,f,f,f,c,n,b,t,?,s,k,p,w,,w,o,e,w,v,p
e,x,s,n,f,n,f,w,b,n,t,e,s,s,g,w,,w,o,e,n,s,g
p,x,s,g,t,f,f,c,b,p,t,b,s,s,w,w,,w,o,p,h,s,g
p,x,y,e,f,f,f,c,n,b,t,?,k,k,w,p,,w,o,e,w,v,d
e,f,f,e,t,n,f,c,b,n,t,b,s,s,w,g,,w,o,p,k,v,d
e,x,y,n,t,a,f,c,b,w,e,c,s,s,w,w,,w,o,p,k,s,m
e,f,f,e,t,n,f,c,b,p,t,b,s,s,w,w,,w,o,p,n,v,d
e,x,f,e,t,n,f,c,b,u,t,b,s,s,p,w,,w,o,p,n,y,d
e,x,f,g,f,n,f,w,b,k,t,e,s,s,g,w,,w,o,e,k,a,g
e,x,f,n,t,n,f,c,b,u,t,b,s,s,g,p,,w,o,p,k,v,d
p,x,s,n,f,y,f,c,n,b,t,?,k,s,w,w,,w,o,e,w,v,d
p,x,s,n,f,y,f,c,n,b,t,?,s,k,w,w,,w,o,e,w,v,d
e,f,s,g,t,n,f,c,b,p,t,b,s,s,w,w,,w,o,p,k,v,d
e,b,s,e,t,n,f,w,b,w,e,c,s,s,w,e,,w,t,p,w,s,w
p,k,y,e,f,f,f,c,n,b,t,?,k,k,p,p,,w,o,e,w,v,p
e,f,f,w,f,n,f,w,b,p,t,e,f,f,w,w,,w,o,e,n,a,g
e,f,y,y,t,l,f,c,b,n,e,r,s,y,w,w,,w,o,p,k,s,g
e,x,y,w,t,l,f,c,b,g,e,c,s,s,w,w,,w,o,p,n,n,g
e,x,f,r,f,n,f,c,n,w,e,e,s,s,w,w,,w,o,p,n,y,u
e,f,f,r,f,a,a,w,b,p,e,b,k,s,o,o,,o,o,p,n,v,l
p,x,y,y,f,f,f,c,b,h,e,b,k,k,p,p,,w,o,l,h,v,p
e,x,f,n,t,n,f,c,b,w,t,b,s,s,w,w,,w,o,p,n,y,d
p,x,f,w,f,c,f,w,n,u,e,b,s,s,w,w,,w,o,p,n,s,d
e,x,f,g,t,n,f,c,b,w,t,b,s,s,g,p,,w,o,p,n,v,d
e,x,y,n,t,a,f,c,b,g,e,c,s,s,w,w,,w,o,p,n,n,g
e,x,f,g,f,n,f,w,b,g,e,?,k,k,w,w,,w,t,p,w,n,g
e,f,y,w,f,n,f,w,b,p,t,e,f,f,w,w,,w,o,e,n,s,g
e,f,y,p,t,n,f,c,b,g,e,?,s,s,w,w,,w,t,e,w,v,w
e,k,s,c,t,n,f,c,b,e,e,?,s,s,w,e,,w,t,e,w,c,w
e,f,y,n,t,n,f,c,b,u,t,b,s,s,w,w,,w,o,p,k,v,d
p,x,y,e,f,s,f,c,n,b,t,?,s,k,w,p,,w,o,e,w,v,p
p,x,s,g,f,f,f,c,b,p,e,b,k,k,n,p,,w,o,l,h,s,d
e,f,s,w,f,n,f,w,b,p,t,e,f,f,w,w,,w,o,e,n,a,g
e,x,f,n,t,n,f,c,b,p,t,b,s,s,p,g,,w,o,p,k,y,d
p,k,s,n,f,y,f,c,n,b,t,?,s,k,w,w,,w,o,e,w,v,l
p,x,f,g,t,f,f,c,b,h,t,b,s,s,w,w,,w,o,p,h,y,u
e,b,y,n,t,a,f,c,b,k,e,c,s,s,w,w,,w,o,p,n,n,g
p,k,s,e,f,s,f,c,n,b,t,?,k,k,p,p,,w,o,e,w,v,p
e,f,y,n,t,l,f,c,b,n,e,r,s,y,w,w,,w,o,p,k,y,g
p,f,y,n,f,s,f,c,n,b,t,?,s,y,p,w,,w,o,e,w,v,l
p,x,f,g,f,f,f,c,b,h,e,b,k,k,n,n,,w,o,l,h,y,d
e,b,s,w,f,n,f,w,b,w,e,?,k,s,w,w,,w,t,p,w,n,g
p,x,f,y,f,f,f,c,b,h,e,b,k,k,b,p,,w,o,l,h,y,d
e,b,y,n,t,l,f,c,b,g,e,c,s,s,w,w,,w,o,p,k,n,m
p,x,y,g,f,f,f,c,b,p,e,b,k,k,p,p,,w,o,l,h,v,g
e,k,s,y,f,a,f,c,b,y,e,?,s,s,p,p,,w,o,p,n,n,d
p,x,s,n,f,y,f,c,n,b,t,?,k,s,w,w,,w,o,e,w,v,d
e,f,f,n,t,n,f,c,b,u,t,b,s,s,g,p,,w,o,p,k,y,d
p,f,y,y,f,f,f,c,b,g,e,b,k,k,n,n,,w,o,l,h,v,d
p,x,f,g,f,n,f,w,b,w,e,?,s,y,w,w,,w,n,p,w,s,m
e,f,y,n,t,n,f,c,b,u,t,b,s,s,w,w,,w,o,p,n,v,d
p,f,s,e,f,y,f,c,n,b,t,?,k,k,w,w,,w,o,e,w,v,d
p,k,s,e,f,y,f,c,n,b,t,?,k,s,w,p,,w,o,e,w,v,d
p,f,s,n,f,y,f,c,n,b,t,?,s,s,p,p,,w,o,e,w,v,l
e,b,s,y,f,a,f,w,b,y,e,?,k,s,w,w,,w,t,p,n,c,g
p,f,s,n,f,s,f,c,n,b,t,?,s,s,w,p,,w,o,e,w,v,d
p,k,y,n,f,f,f,c,n,b,t,?,s,k,w,w,,w,o,e,w,v,d
p,k,s,n,f,s,f,c,n,b,t,?,s,s,w,w,,w,o,e,w,v,l
p,x,f,y,f,f,f,c,b,h,e,b,k,k,b,n,,w,o,l,h,y,d
p,k,s,e,f,f,f,c,n,b,t,?,s,s,w,w,,w,o,e,w,v,d
e,x,y,y,t,a,f,c,b,n,e,r,s,y,w,w,,w,o,p,n,y,p
p,x,f,p,t,s,f,c,b,p,t,b,f,s,w,w,,w,o,p,u,v,g
e,f,s,n,f,n,f,w,b,p,t,e,f,s,g,w,,w,o,e,n,s,g
p,f,s,e,f,f,f,c,n,b,t,?,k,s,p,p,,w,o,e,w,v,d
e,x,y,y,t,a,f,c,b,w,t,b,s,f,g,p,,w,o,e,w,y,d
p,x,y,p,f,c,f,w,n,u,e,b,s,s,w,w,,w,o,p,n,v,d
e,b,f,b,f,a,f,c,b,o,e,?,s,s,p,p,,w,o,p,n,n,d
p,f,s,e,f,y,f,c,n,b,t,?,s,s,p,p,,w,o,e,w,v,l
e,f,f,n,f,n,f,w,b,n,t,e,s,s,g,w,,w,o,e,n,a,g
e,f,s,g,f,n,f,w,b,h,t,e,f,s,w,w,,w,o,e,n,s,g
p,f,y,n,f,s,f,c,n,b,t,?,s,s,p,p,,w,o,e,w,v,l
p,x,y,n,f,s,f,c,n,b,t,?,k,k,w,p,,w,o,e,w,v,d
e,k,s,n,f,n,f,w,b,g,e,?,s,s,w,w,,w,t,p,w,n,g
p,x,y,n,f,y,f,c,n,b,t,?,k,k,w,p,,w,o,e,w,v,l
p,x,f,y,f,f,f,c,b,h,e,b,k,k,b,b,,w,o,l,h,y,d
e,b,y,n,t,a,f,c,b,n,e,c,s,s,w,w,,w,o,p,k,s,g
e,b,s,y,t,l,f,c,b,n,e,c,s,s,w,w,,w,o,p,k,s,g
e,f,s,b,t,n,f,c,b,p,e,?,s,s,w,e,,w,t,e,w,c,w
e,x,f,g,t,n,f,c,b,u,t,b,s,s,w,w,,w,o,p,n,v,d
e,b,y,p,t,n,f,w,b,n,e,c,s,s,w,w,,w,t,p,n,n,u
p,x,s,u,t,c,f,w,n,w,e,e,s,s,w,w,,w,o,p,n,s,g
e,x,f,w,f,n,f,w,b,k,t,e,s,f,w,w,,w,o,e,n,s,g
e,x,y,g,f,n,f,c,n,g,e,b,k,s,p,p,,w,o,l,h,v,p
p,f,f,u,t,c,f,w,n,n,e,e,s,s,w,w,,w,n,p,n,s,m
p,x,y,e,f,y,f,c,n,b,t,?,s,s,p,w,,w,o,e,w,v,l
p,f,f,g,f,f,f,c,b,g,e,b,k,k,b,p,,w,o,l,h,v,d
e,x,y,y,t,a,f,c,b,n,e,r,s,y,w,w,,w,o,p,k,s,g
e,x,s,w,f,n,f,w,b,h,t,e,f,s,w,w,,w,o,e,n,s,g
p,k,s,n,f,y,f,c,n,b,t,?,k,k,w,p,,w,o,e,w,v,l
p,x,f,b,t,f,f,c,b,p,t,b,s,s,p,w,,w,o,p,h,v,g
p,f,y,n,f,y,f,c,n,b,t,?,k,s,w,p,,w,o,e,w,v,l
p,k,y,e,f,f,f,c,n,b,t,?,k,k,w,w,,w,o,e,w,v,l
e,x,f,u,f,p,f,c,b,w,t,b,s,y,w,w,,w,o,f,r,y,d
e,x,y,c,f,a,f,c,b,w,e,b,s,s,p,p,,w,o,p,n,y,d
p,f,f,g,f,f,f,c,b,p,e,b,k,k,b,n,,w,o,l,h,v,d
p,k,y,e,f,s,f,c,n,b,t,?,k,k,w,p,,w,o,e,w,v,d
e,x,f,r,f,a,a,c,b,n,e,?,s,s,o,o,,n,o,p,n,n,l
e,x,f,n,t,n,f,c,b,u,t,b,s,s,g,p,,w,o,p,k,v,d
p,x,y,e,f,s,f,c,n,b,t,?,k,s,p,w,,w,o,e,w,v,p
p,x,f,n,f,y,f,c,b,p,t,b,y,k,e,e,,w,o,f,u,v,g
p,x,f,g,f,f,f,c,b,g,e,b,k,k,p,n,,w,o,l,h,v,p
p,x,y,e,f,f,f,c,n,b,t,?,k,s,w,p,,w,o,e,w,v,d
p,f,s,n,f,y,f,c,n,b,t,?,s,k,w,p,,w,o,e,w,v,l
e,k,f,u,f,n,f,w,b,w,e,?,k,s,w,w,,w,t,p,w,n,g
p,x,s,y,f,f,f,c,b,p,e,b,k,k,n,b,,w,o,l,h,s,d
p,x,f,w,t,p,f,c,n,w,e,e,s,s,w,w,,w,o,p,k,s,u
p,k,y,e,f,y,f,c,n,b,t,?,k,s,p,p,,w,o,e,w,v,d
e,f,y,e,t,n,f,c,b,w,t,b,s,s,p,g,,w,o,p,n,y,d
e,x,s,w,f,n,f,w,b,n,t,e,f,s,w,w,,w,o,e,n,a,g
p,x,s,w,t,p,f,c,n,p,e,e,s,s,w,w,,w,o,p,n,s,u
p,f,y,n,f,f,f,c,n,b,t,?,k,k,w,p,,w,o,e,w,v,l
e,k,f,n,f,n,f,w,b,w,e,?,s,s,w,w,,w,t,p,w,n,g
p,f,y,g,f,f,f,c,b,g,e,b,k,k,b,p,,w,o,l,h,y,d
e,x,y,e,t,n,f,c,b,w,t,b,s,s,g,p,,w,o,p,n,y,d
p,x,f,y,f,f,f,c,b,p,e,b,k,k,b,p,,w,o,l,h,v,d
p,f,s,e,f,f,f,c,n,b,t,?,s,s,w,w,,w,o,e,w,v,l
e,x,y,n,t,n,f,c,b,w,t,b,s,s,w,w,,w,o,p,k,y,d
e,b,s,y,t,a,f,c,b,n,e,c,s,s,w,w,,w,o,p,n,n,g
p,x,y,g,f,f,f,c,b,h,e,b,k,k,n,n,,w,o,l,h,v,p
e,x,y,g,f,a,f,c,b,p,e,b,s,s,n,n,,w,o,p,k,y,p
e,f,s,w,f,n,f,w,b,p,t,e,s,s,w,w,,w,o,e,n,s,g
e,x,y,w,f,n,f,c,n,p,e,b,y,f,w,n,,w,o,l,h,v,p
e,k,y,e,t,n,f,c,b,w,e,?,s,s,w,w,,w,t,e,w,c,w
e,b,y,w,t,a,f,c,b,g,e,c,s,s,w,w,,w,o,p,n,s,g
p,x,s,n,f,y,f,c,n,b,t,?,k,k,w,p,,w,o,e,w,v,l
p,k,f,b,t,n,f,w,b,g,e,?,s,f,w,w,,w,o,p,w,s,u
p,x,y,g,f,f,f,c,b,g,e,b,k,k,n,b,,w,o,l,h,y,d
e,b,y,w,t,n,f,w,b,y,e,c,s,s,w,w,,w,o,p,w,n,m
p,x,y,g,f,f,f,c,b,p,e,b,k,k,b,b,,w,o,l,h,y,g
e,x,f,g,t,n,f,c,b,w,t,b,s,s,p,g,,w,o,p,n,y,d
e,b,s,y,t,a,f,c,b,n,e,c,s,s,w,w,,w,o,p,k,n,m
p,k,s,n,f,f,f,c,n,b,t,?,s,k,w,w,,w,o,e,w,v,d
p,x,f,g,f,f,f,c,b,p,e,b,k,k,p,n,,w,o,l,h,v,g
p,x,y,b,t,f,f,c,b,w,t,b,f,f,w,w,,w,o,p,h,y,g
p,f,y,g,f,f,f,c,b,h,e,b,k,k,n,p,,w,o,l,h,y,p
e,f,f,g,t,n,f,c,b,n,t,b,s,s,g,w,,w,o,p,n,v,d
e,f,f,e,t,n,f,c,b,p,t,b,s,s,w,p,,w,o,p,k,y,d
e,f,f,n,t,n,f,c,b,u,t,b,s,s,w,p,,w,o,p,n,y,d
p,f,y,e,f,y,f,c,n,b,t,?,k,k,w,p,,w,o,e,w,v,d
p,f,f,y,f,f,f,c,b,p,e,b,k,k,p,n,,w,o,l,h,v,p
e,x,s,y,t,l,f,c,b,w,e,c,s,s,w,w,,w,o,p,k,n,m
p,f,s,n,f,f,f,c,n,b,t,?,k,k,w,w,,w,o,e,w,v,d
p,x,s,e,f,s,f,c,n,b,t,?,s,k,w,p,,w,o,e,w,v,d
e,x,y,w,t,l,f,c,b,n,e,c,s,s,w,w,,w,o,p,k,n,g
p,f,s,y,f,f,f,c,b,p,e,b,k,k,p,b,,w,o,l,h,v,d
p,k,s,n,f,y,f,c,n,b,t,?,s,k,w,w,,w,o,e,w,v,p
e,x,f,n,f,n,f,w,b,h,t,e,s,s,w,w,,w,o,e,n,a,g
e,s,s,y,f,n,f,w,n,w,e,e,s,s,w,w,,w,o,p,n,v,g
e,x,f,n,f,n,f,w,b,h,t,e,f,s,w,w,,w,o,e,n,a,g
e,b,s,w,t,l,f,c,b,n,e,c,s,s,w,w,,w,o,p,n,s,g
e,f,y,b,t,n,f,c,b,g,e,?,s,s,w,w,,w,t,e,w,c,w
e,x,f,n,t,n,f,c,b,w,t,b,s,s,g,p,,w,o,p,k,y,d
e,f,y,w,t,n,f,c,b,r,e,b,s,s,p,g,,w,o,p,r,y,d
e,f,s,n,f,n,f,w,b,n,t,e,s,s,w,w,,w,o,e,n,a,g
p,x,y,n,f,y,f,c,n,b,t,?,s,k,p,p,,w,o,e,w,v,d
e,x,y,n,t,n,f,c,b,n,t,b,s,s,g,w,,w,o,p,k,y,d
e,x,f,g,t,n,f,c,b,w,t,b,s,s,w,p,,w,o,p,n,v,d
e,x,f,e,t,n,f,c,b,n,t,b,s,s,p,p,,w,t,p,n,v,d
p,k,y,e,f,y,f,c,n,b,t,?,k,k,w,w,,w,o,e,w,v,p
p,f,y,g,f,f,f,c,b,p,e,b,k,k,n,b,,w,o,l,h,y,g
p,x,s,e,f,f,f,c,n,b,t,?,s,k,w,w,,w,o,e,w,v,d
p,x,y,w,t,p,f,c,n,p,e,e,s,s,w,w,,w,o,p,k,s,g
e,x,s,b,t,n,f,c,b,e,e,?,s,s,w,w,,w,t,e,w,v,w
e,x,s,n,t,n,f,c,b,p,e,?,s,s,e,e,,w,t,e,w,v,w
e,x,y,n,t,l,f,c,b,g,e,c,s,s,w,w,,w,o,p,k,s,g
e,k,y,n,f,n,a,w,n,h,e,?,f,y,w,c,,w,t,n,h,v,g
p,x,y,e,f,s,f,c,n,b,t,?,k,s,p,p,,w,o,e,w,v,p
e,x,y,w,t,l,f,c,b,k,e,c,s,s,w,w,,w,o,p,k,n,m
p,x,y,u,t,y,f,c,n,p,t,b,s,s,w,w,,w,o,p,h,v,u
e,f,f,n,t,n,f,c,b,n,t,b,s,s,g,g,,w,o,p,n,y,d
e,f,y,w,t,n,f,c,n,p,e,b,f,s,w,n,,w,o,l,h,v,d
e,x,s,w,f,n,f,w,b,p,t,e,s,f,g,w,,w,o,e,k,a,g
p,f,s,n,t,c,f,w,n,p,e,e,s,s,w,w,,w,o,p,n,s,m
p,x,s,e,f,y,f,c,n,b,t,?,k,s,w,w,,w,o,e,w,v,p
e,b,s,y,t,l,f,c,b,k,e,c,s,s,w,w,,w,o,p,n,n,m
e,f,f,w,f,n,f,w,b,k,t,e,s,s,w,w,,w,o,p,n,s,g
p,f,y,g,f,f,f,c,b,h,e,b,k,k,p,b,,w,o,l,h,v,d
p,x,y,e,f,f,f,c,n,b,t,?,s,k,w,w,,w,o,e,w,v,d
p,f,s,e,f,f,f,c,n,b,t,?,k,y,w,w,,w,o,e,w,v,l
p,f,s,n,f,s,f,c,n,b,t,?,k,s,p,p,,w,o,e,w,v,l
p,x,s,g,f,f,f,c,b,p,e,b,k,k,b,p,,w,o,l,h,s,d
p,x,s,n,f,s,f,c,n,b,t,?,k,k,p,p,,w,o,e,w,v,l
p,x,s,y,f,f,f,c,b,p,e,b,k,k,n,b,,w,o,l,h,v,d
p,k,y,g,t,c,f,c,n,w,e,c,s,y,w,w,,w,n,p,k,c,u
p,f,f,p,f,p,f,c,n,n,e,b,s,s,w,w,,w,t,p,n,v,p
p,x,s,e,f,s,f,c,n,b,t,?,k,s,p,p,,w,o,e,w,v,p
e,x,f,n,t,a,f,c,b,g,e,b,s,s,c,g,,w,o,p,n,y,d
e,b,s,n,f,n,a,c,b,n,e,?,s,k,o,o,,o,o,p,b,c,l
p,k,s,w,f,c,f,w,n,u,e,b,s,s,w,w,,w,o,p,k,s,d
e,f,y,e,t,n,f,c,b,p,t,b,s,s,g,w,,w,o,p,k,y,d
e,f,y,e,t,n,f,c,b,n,t,b,s,s,w,w,,w,o,p,n,y,d
e,f,y,g,t,n,f,c,b,w,t,b,s,s,g,p,,w,o,e,w,v,d
p,f,y,n,f,s,f,c,n,b,t,?,s,s,p,w,,w,o,e,w,v,p
e,f,y,g,f,n,f,w,b,h,t,e,f,f,w,w,,w,o,e,n,s,g
p,x,y,g,f,f,f,c,b,g,e,b,k,k,n,n,,w,o,l,h,v,g
p,k,y,e,f,s,f,c,n,b,t,?,k,k,w,p,,w,o,e,w,v,d
e,x,f,n,t,n,f,c,n,p,e,b,y,k,y,b,,y,o,l,h,v,d
p,x,y,e,f,m,f,c,b,y,e,c,k,y,w,w,,w,n,e,w,c,d
e,f,f,n,t,n,f,c,b,u,t,b,s,s,p,g,,w,o,p,n,y,d
p,f,s,n,t,p,f,c,n,p,e,e,f,s,w,w,,w,o,p,n,v,u
e,f,y,y,t,l,f,c,b,p,e,r,s,y,w,w,,w,o,p,n,y,p
e,k,f,g,f,n,f,w,b,w,e,?,k,s,w,w,,w,t,p,w,n,g
p,k,s,e,f,s,f,c,n,b,t,?,s,k,p,p,,w,o,e,w,v,p
p,x,s,g,t,c,f,c,n,p,e,e,s,s,w,w,,w,o,p,n,v,u
e,c,s,g,t,n,f,w,b,p,t,e,k,s,p,p,,w,n,p,n,a,d
p,k,y,e,f,f,f,c,n,b,t,?,k,k,p,w,,w,o,e,w,v,p
p,f,s,n,f,s,f,c,n,b,t,?,k,s,p,p,,w,o,e,w,v,p
e,f,s,g,f,n,f,w,b,h,t,e,f,f,w,w,,w,o,e,k,s,g
p,f,y,w,t,p,f,c,n,n,e,e,s,s,w,w,,w,o,p,k,v,g
p,f,s,b,t,s,f,c,n,p,t,b,s,s,p,w,,w,o,p,k,s,u
e,f,y,w,f,n,f,w,b,h,t,e,f,s,w,w,,w,o,e,n,s,g
p,f,s,g,f,f,f,c,b,p,e,b,k,k,p,b,,w,o,l,h,s,d
e,x,y,w,t,l,f,c,b,k,e,c,s,s,w,w,,w,o,p,n,s,m
e,x,f,n,f,n,f,w,b,p,t,e,f,f,w,w,,w,o,e,n,a,g
e,k,y,g,t,n,f,w,b,k,t,e,s,s,w,w,,w,o,p,n,s,g
e,f,y,e,t,n,f,c,b,w,t,b,s,s,p,g,,w,o,p,k,y,d
e,f,f,n,t,n,f,c,b,u,t,b,s,s,w,w,,w,o,p,n,y,d
p,f,s,e,f,f,f,c,n,b,t,?,k,s,y,n,,y,o,e,w,v,d
p,x,y,r,t,c,f,w,n,n,e,e,s,s,e,g,,w,o,p,k,v,d
p,x,s,r,t,c,a,w,n,n,e,e,s,s,g,o,,w,o,p,k,v,l
p,x,s,e,f,s,f,c,n,b,t,?,k,s,p,w,,w,o,e,w,v,d
e,x,s,w,f,n,f,c,b,y,e,?,s,s,w,w,,w,o,p,b,v,d
p,f,y,w,t,p,f,c,n,g,e,e,s,s,w,w,,w,o,p,k,s,g
p,x,y,g,f,f,f,c,b,g,e,b,k,k,n,b,,w,o,l,h,y,d
p,f,s,e,f,f,f,c,n,b,t,?,k,k,p,w,,w,o,e,w,v,p
e,f,f,n,t,n,f,c,b,w,t,b,s,s,p,p,,w,o,p,k,v,d
e,x,s,w,f,n,f,w,b,h,t,e,f,s,w,w,,w,o,e,k,a,g
p,k,y,n,f,y,f,c,n,b,t,?,k,s,p,w,,w,o,e,w,v,p
p,f,s,e,f,y,f,c,n,b,t,?,s,s,w,p,,w,o,e,w,v,l
p,x,f,y,f,f,f,c,b,w,e,?,k,s,b,n,,w,o,l,h,s,p
e,x,s,u,f,n,a,c,b,o,e,?,s,k,o,o,,o,o,p,y,c,l
e,f,f,n,t,n,f,c,b,n,t,b,s,s,w,w,,w,o,p,k,y,d
e,f,y,g,f,n,f,w,b,h,t,e,s,f,w,w,,w,o,e,k,s,g
p,x,y,n,f,s,f,c,n,b,t,?,k,s,p,w,,w,o,e,w,v,p
e,f,y,g,t,n,f,c,b,u,t,b,s,s,p,g,,w,o,p,n,v,d
e,f,f,n,t,n,f,c,b,u,t,b,s,s,w,w,,w,o,p,k,y,d
p,x,y,e,f,f,f,c,n,b,t,?,s,k,w,w,,w,o,e,w,v,l
p,x,s,e,f,y,f,c,n,b,t,?,k,s,p,p,,w,o,e,w,v,l
e,x,y,w,t,l,f,c,b,w,e,c,s,s,w,w,,w,o,p,n,n,m
p,f,s,n,f,y,f,c,n,b,t,?,k,s,p,p,,w,o,e,w,v,l
p,k,s,n,f,y,f,c,n,b,t,?,k,k,w,p,,w,o,e,w,v,l
p,f,y,n,t,p,f,c,n,w,e,e,f,s,w,w,,w,o,p,k,v,g
e,f,f,g,f,n,f,w,b,n,t,e,f,s,g,w,,w,o,e,n,s,g
e,x,f,c,f,a,a,w,b,p,e,b,s,s,o,o,,o,o,p,k,v,l
p,x,s,e,f,f,f,c,n,b,t,?,s,s,p,p,,w,o,e,w,v,d
p,x,s,w,t,f,f,c,b,p,t,b,s,s,w,w,,w,o,p,h,s,u
p,f,s,y,f,f,f,c,b,w,e,b,k,k,n,p,,w,o,l,h,v,d
p,f,y,n,f,f,f,c,n,b,t,?,k,s,w,w,,w,o,e,w,v,l
p,x,f,g,t,y,f,c,b,w,t,b,k,k,w,w,,w,o,e,w,y,g
e,x,s,p,t,n,f,w,b,k,e,c,s,s,e,w,,w,o,p,n,n,g
p,x,s,g,t,f,f,c,b,p,t,b,f,s,w,w,,w,t,p,h,s,m
e,f,f,n,f,n,f,w,b,h,t,e,f,s,w,w,,w,o,e,k,s,g
e,f,f,y,t,l,f,c,b,w,t,b,s,y,w,w,,w,o,f,u,y,d
p,x,f,g,t,f,f,c,b,p,t,b,s,s,g,w,,w,o,p,h,y,u
p,x,y,n,f,f,f,c,n,b,t,?,s,k,w,w,,w,o,e,w,v,d
p,x,f,g,f,f,f,c,b,h,e,b,k,k,b,n,,w,o,l,h,y,g
p,f,s,w,t,p,f,c,n,p,e,b,s,s,w,w,,w,o,p,k,s,g
p,f,s,e,f,y,f,c,n,b,t,?,k,s,w,w,,w,o,e,w,v,p
e,x,f,g,f,n,f,w,b,p,e,?,s,s,w,w,,w,t,p,w,n,g
p,k,y,e,f,f,f,c,n,b,t,?,s,k,w,p,,w,o,e,w,v,p
p,x,f,g,f,f,f,c,b,p,e,b,k,k,b,b,,w,o,l,h,v,g
e,f,f,e,t,n,f,c,b,n,t,b,s,s,w,w,,w,o,p,k,v,d
e,f,y,g,t,n,f,c,b,u,t,b,s,s,w,w,,w,o,p,n,v,d
p,f,s,e,f,s,f,c,n,b,t,?,k,k,p,p,,w,o,e,w,v,d
p,f,s,w,t,p,f,c,n,n,e,e,s,s,w,w,,w,o,p,k,v,g
p,k,s,n,f,y,f,c,n,b,t,?,k,s,p,p,,w,o,e,w,v,l
p,f,y,c,t,n,f,c,n,u,e,?,k,y,b,b,,w,t,l,h,v,g
p,f,f,y,f,f,f,c,b,h,e,b,k,k,n,n,,w,o,l,h,v,p
p,x,s,e,f,y,f,c,n,b,t,?,s,s,o,n,,o,o,e,w,v,l
p,k,y,n,f,s,f,c,n,b,t,?,k,s,p,w,,w,o,e,w,v,l
p,f,f,g,t,f,f,c,b,p,t,b,s,f,w,w,,w,o,p,h,y,u
e,b,y,n,t,a,f,c,b,g,e,c,s,s,e,w,,w,o,p,n,n,g
p,x,s,e,f,y,f,c,n,b,t,?,s,s,w,p,,w,o,e,w,v,p
p,f,y,e,f,y,f,c,n,b,t,?,k,k,p,w,,w,o,e,w,v,l
e,f,f,g,f,n,f,w,b,k,t,e,s,f,w,w,,w,o,e,k,s,g
e,x,f,g,t,n,f,c,b,p,t,b,s,s,w,w,,w,o,p,n,y,d
p,f,y,e,f,y,f,c,n,b,t,?,s,k,p,p,,w,o,e,w,v,l
e,f,f,n,t,n,f,c,b,p,t,b,s,s,w,w,,w,o,p,k,y,d
p,f,y,c,t,c,f,c,n,w,e,e,f,s,w,w,,w,o,p,n,s,g
p,k,s,e,f,y,f,c,n,b,t,?,s,k,w,w,,w,o,e,w,v,d
e,x,f,r,f,a,f,c,b,p,e,b,s,s,w,w,,w,o,p,n,y,p
e,x,y,y,t,a,f,c,b,p,e,b,s,s,b,p,,w,o,p,k,y,d
e,k,y,n,t,n,f,c,b,w,e,?,s,s,e,e,,w,t,e,w,v,w
p,f,y,w,t,f,f,c,b,h,t,b,s,s,w,w,,w,o,p,h,y,g
p,f,y,e,f,y,f,c,n,b,t,?,k,k,w,p,,w,o,e,w,v,l
p,x,y,g,f,f,f,c,b,h,e,b,k,k,p,b,,w,o,l,h,y,d
e,f,f,u,f,n,f,c,n,k,e,e,s,s,w,w,,w,o,p,k,y,u
p,f,f,g,f,f,f,c,b,h,e,b,k,k,p,b,,w,o,l,h,v,g
e,x,f,e,t,n,f,c,b,n,t,b,s,s,g,p,,w,o,p,n,v,d
p,x,s,u,t,c,f,c,n,p,e,e,s,s,w,w,,w,o,p,k,v,u
p,f,s,g,f,f,f,c,b,p,e,b,k,k,p,b,,w,o,l,h,s,d
e,f,f,n,f,n,f,w,b,u,t,b,f,s,g,p,,w,o,e,k,v,l
e,f,y,n,t,n,f,c,b,n,t,b,s,s,w,p,,w,o,p,n,v,d
p,x,f,g,f,f,f,c,b,h,e,b,k,k,n,p,,w,o,l,h,y,p
e,x,s,c,f,n,a,w,b,r,e,b,f,s,o,o,,n,o,f,r,v,l
e,x,s,b,t,n,f,c,n,p,e,?,k,f,w,y,,w,t,n,w,v,w
e,x,y,n,t,n,f,c,b,p,t,b,s,s,g,w,,w,o,p,k,y,d
e,k,s,w,f,n,f,w,b,e,e,?,k,s,w,w,,w,t,p,w,n,g
e,f,f,g,t,n,f,c,b,u,t,b,s,s,w,g,,w,o,p,n,y,d
e,f,f,n,t,n,f,c,b,p,t,b,s,s,w,p,,w,o,p,n,y,d
e,x,y,g,t,n,f,c,b,n,t,b,s,s,p,p,,w,o,p,n,y,d
p,x,s,n,f,s,f,c,n,b,t,?,k,k,p,p,,w,o,e,w,v,l
p,k,y,n,f,f,f,c,n,b,t,?,k,s,p,p,,w,o,e,w,v,l
p,x,y,e,f,f,f,c,n,b,t,?,k,s,w,w,,w,o,e,w,v,d
p,f,s,n,f,f,f,c,n,b,t,?,s,s,p,w,,w,o,e,w,v,d
e,f,y,g,t,n,f,c,b,u,t,b,s,s,g,w,,w,o,p,n,y,d
p,f,y,n,f,y,f,c,n,b,t,?,s,k,w,w,,w,o,e,w,v,d
e,x,y,g,t,n,f,c,b,n,t,b,s,s,p,w,,w,o,p,n,y,d
p,k,y,n,f,y,f,c,n,b,t,?,k,s,p,p,,w,o,e,w,v,l
e,f,s,n,f,n,f,w,b,w,e,?,s,k,w,w,,w,t,p,w,s,g
p,f,y,g,f,c,f,w,n,u,e,b,s,f,w,w,,w,o,p,n,v,d
p,x,f,n,t,c,f,w,n,n,e,e,s,s,p,g,,w,n,p,k,s,d
e,x,s,g,t,n,f,w,b,g,e,?,s,s,w,w,,w,t,e,w,v,w
e,f,s,w,f,n,f,w,b,k,t,e,f,f,w,w,,w,o,e,k,a,g
p,f,y,e,f,f,f,c,n,b,t,?,s,k,w,w,,w,o,e,w,v,l
e,x,f,w,f,n,f,w,b,p,t,e,s,s,w,w,,w,o,e,k,a,g
e,x,s,w,t,a,f,c,b,n,e,c,s,s,w,w,,w,o,p,k,n,g
e,k,y,w,f,n,a,c,b,n,e,?,s,k,o,o,,n,o,p,y,c,l
p,k,s,c,f,n,f,w,b,w,e,?,s,y,w,w,,w,t,p,w,n,g
p,f,y,n,f,y,f,c,n,b,t,?,k,s,w,w,,w,o,e,w,v,p
e,f,y,e,t,n,f,c,b,u,t,b,s,s,w,w,,w,o,p,n,y,p
e,x,f,g,t,n,f,c,b,p,t,b,s,s,w,w,,w,o,p,k,y,d
e,f,y,w,t,n,f,c,b,g,e,b,s,s,n,p,,w,o,p,r,y,d
e,x,y,g,f,n,f,w,b,n,t,e,s,s,w,w,,w,o,e,n,s,g
e,x,y,n,t,n,f,c,b,w,t,b,s,s,w,w,,w,o,p,n,v,d
e,x,s,w,f,n,f,w,b,k,t,e,f,s,w,w,,w,o,e,n,a,g
e,f,f,n,t,n,f,c,b,p,t,b,s,s,w,w,,w,o,p,k,v,d
p,x,s,e,f,f,f,c,n,b,t,?,k,s,p,p,,w,o,e,w,v,l
e,f,y,y,t,a,f,c,b,n,e,r,s,y,w,w,,w,o,p,n,y,g
e,x,f,g,t,n,f,c,b,w,t,b,s,s,g,p,,w,o,p,n,y,d
p,x,s,w,t,p,f,c,n,w,e,b,s,f,w,w,,w,o,p,n,v,u
e,f,y,e,f,l,a,w,b,p,e,b,s,s,o,o,,n,o,p,n,v,l
p,x,f,b,t,f,f,c,b,p,t,b,s,f,g,w,,w,o,p,h,y,g
e,x,y,e,t,n,f,c,b,u,t,b,s,s,p,p,,w,o,p,n,y,d
e,x,s,w,t,l,f,c,b,k,e,c,s,s,w,w,,w,o,p,k,n,m
e,f,s,n,t,n,f,c,b,u,t,b,s,s,w,w,,w,o,p,k,v,d
p,f,y,g,f,f,f,c,b,h,e,b,k,k,p,p,,w,o,l,h,y,g
p,f,s,y,f,f,f,c,b,g,e,b,k,k,b,n,,w,o,l,h,s,p
e,f,s,w,f,n,f,w,b,k,t,e,s,f,w,w,,w,o,e,k,s,g
p,x,s,y,f,f,f,c,b,g,e,b,k,k,n,p,,w,o,l,h,v,d
e,f,s,n,f,n,f,w,b,h,t,e,f,f,p,w,,w,o,e,k,s,g
p,x,f,w,t,p,f,c,n,g,e,e,f,s,w,w,,w,o,p,n,v,u
e,x,y,n,t,n,f,c,b,u,t,b,s,s,w,w,,w,o,p,n,y,d
e,f,y,w,t,l,f,c,b,w,e,r,s,y,w,w,,w,o,p,n,s,g
p,f,s,n,f,s,f,c,n,b,t,?,s,s,w,p,,w,o,e,w,v,p
e,f,y,e,t,n,f,c,b,p,t,b,s,s,w,w,,w,o,p,k,y,d
p,f,y,n,f,f,f,c,n,b,t,?,k,s,w,w,,w,o,e,w,v,l
p,x,y,g,f,f,f,c,b,h,e,b,k,k,p,p,,w,o,l,h,v,p
e,f,f,w,t,l,f,w,b,p,e,b,k,s,e,g,,w,o,p,k,v,d
e,x,y,y,t,a,f,c,b,g,e,c,s,s,w,w,,w,o,p,n,s,m
e,f,f,y,t,a,f,w,b,p,e,b,k,s,o,g,,o,o,p,n,v,d
p,x,y,w,t,f,f,c,b,p,t,b,f,s,w,w,,w,o,p,h,y,g
p,f,s,g,f,f,f,c,b,p,e,b,k,k,b,b,,w,o,l,h,s,d
p,f,s,e,f,f,f,c,n,b,t,?,k,k,w,w,,w,o,e,w,v,l
e,f,s,w,f,n,f,w,b,h,t,e,f,s,w,w,,w,o,e,n,s,g
p,k,s,n,f,y,f,c,n,b,t,?,s,s,p,w,,w,o,e,w,v,p
e,x,f,n,f,n,f,c,n,p,e,e,s,s,w,w,,w,o,p,k,y,u
e,f,y,g,f,n,f,w,b,n,t,e,f,f,w,w,,w,o,e,k,s,g
p,x,s,n,f,n,a,w,n,p,e,b,f,s,c,c,,w,o,n,h,s,d
p,f,y,n,f,f,f,c,n,b,t,?,k,k,p,p,,w,o,e,w,v,p
e,f,f,e,t,n,f,c,b,u,t,b,s,s,p,g,,w,o,p,n,y,d
e,x,s,y,t,l,f,w,b,p,e,b,s,s,w,w,,w,o,p,k,v,d
e,f,f,w,f,n,f,w,b,n,t,e,s,f,g,w,,w,o,e,k,a,g
e,f,y,g,t,n,f,c,b,u,t,b,s,s,p,g,,w,o,p,n,v,d
e,x,s,w,t,a,f,w,n,w,t,b,s,s,p,p,,w,o,e,n,v,d
p,x,s,n,f,n,f,c,b,y,e,?,s,y,w,w,,w,o,p,y,v,p
e,f,f,e,t,n,f,w,b,n,t,e,s,s,w,w,,w,o,p,n,s,g
e,x,s,w,t,l,f,c,b,n,e,c,s,s,w,w,,w,o,p,n,n,m
e,f,f,w,t,l,f,c,b,g,e,b,s,s,g,g,,w,o,p,k,y,d
p,x,y,g,f,f,f,c,b,g,e,b,k,k,b,n,,w,o,l,h,y,d
p,f,s,e,f,f,f,c,n,b,t,?,s,s,w,p,,w,o,e,w,v,l
p,f,y,e,f,f,f,c,n,b,t,?,s,k,p,w,,w,o,e,w,v,p
p,x,y,e,f,f,f,c,n,b,t,?,k,k,w,p,,w,o,e,w,v,p
p,f,s,n,t,p,f,c,n,n,e,e,s,s,w,w,,w,o,p,n,s,g
e,x,y,y,t,l,f,c,b,w,e,r,s,y,e,w,,w,o,p,k,s,g
p,k,y,e,f,y,f,c,n,b,t,?,k,k,w,p,,w,o,e,w,v,p
e,x,f,e,f,l,f,c,b,p,e,b,s,s,w,w,,w,o,p,n,y,p
e,f,y,g,t,n,f,c,b,u,t,b,s,s,p,g,,w,o,p,n,y,d
p,f,f,y,f,f,f,c,b,h,e,b,k,k,b,p,,w,o,l,h,v,p
p,x,s,b,t,f,f,c,b,h,t,b,s,f,p,w,,w,o,p,h,s,u
p,f,s,g,t,f,f,c,n,w,t,b,f,s,p,w,,w,o,p,k,s,g
e,x,f,n,t,n,f,c,b,n,t,b,s,s,w,w,,w,o,p,n,y,d
e,b,y,w,f,n,f,w,b,y,e,?,y,f,c,c,,w,t,f,b,v,g
e,x,y,g,t,n,f,c,b,w,t,b,s,s,g,g,,w,o,p,n,v,d
p,f,y,b,t,f,f,c,b,p,t,b,s,f,p,w,,w,o,p,h,v,u
p,f,y,g,f,f,f,c,b,h,e,b,k,k,p,b,,w,o,l,h,y,g
p,k,s,e,f,y,f,c,n,b,t,?,s,s,p,w,,w,o,e,w,v,l
e,x,y,e,t,n,f,c,b,n,t,b,s,s,w,w,,w,o,p,n,y,d
e,x,y,y,t,a,f,c,b,p,e,b,s,s,e,g,,w,o,p,n,y,d
e,x,s,e,t,n,f,w,b,p,e,?,f,s,w,w,,w,o,e,w,s,p
p,x,f,w,f,n,f,c,n,g,e,b,k,k,p,b,,w,o,l,h,v,d
e,f,s,e,t,n,f,c,b,p,t,b,s,s,g,p,,w,o,p,n,v,d
p,x,y,w,t,p,f,c,n,k,e,e,f,s,w,w,,w,o,p,n,v,g
e,x,y,n,t,n,f,c,b,p,t,b,s,s,w,w,,w,o,p,n,v,d
p,f,y,g,f,n,f,c,b,w,e,c,k,y,b,p,,w,n,e,w,c,d
e,x,f,n,f,n,f,w,b,n,t,e,s,f,w,w,,w,o,e,n,s,g
e,f,f,e,t,n,f,c,b,w,t,b,s,s,w,p,,w,o,p,k,y,d
p,x,y,n,t,p,f,c,n,p,e,e,s,s,w,w,,w,o,p,n,v,u
p,f,y,g,f,f,f,c,b,g,e,b,k,k,p,b,,w,o,l,h,v,d
p,x,s,g,f,f,f,c,b,g,e,b,k,k,n,b,,w,o,l,h,v,d
p,b,y,p,t,n,f,w,b,w,e,c,s,s,n,p,,w,n,p,w,c,d
e,f,f,n,t,n,f,c,b,w,t,b,s,s,g,w,,w,o,p,n,v,d
p,f,s,w,t,f,f,c,b,p,e,?,k,y,b,n,,w,t,l,h,c,g
p,f,f,g,f,f,f,c,b,h,e,b,k,k,b,p,,w,o,l,h,y,g
p,x,s,b,t,f,f,c,b,p,t,b,s,s,w,w,,w,t,p,h,s,g
e,f,y,e,t,n,f,c,b,p,t,b,s,s,g,p,,w,o,p,k,v,d
p,f,s,n,f,y,f,c,n,b,t,?,s,k,w,w,,w,o,e,w,v,p
p,f,y,e,f,s,f,c,n,b,t,?,k,s,p,p,,w,o,e,w,v,p
e,f,f,e,t,n,f,c,b,n,t,b,s,s,g,p,,w,o,p,n,y,d
p,x,y,y,f,f,f,c,b,g,e,b,k,k,n,b,,w,o,l,h,v,d
p,f,s,w,t,p,f,c,n,g,e,e,f,s,w,w,,w,o,p,n,v,u
p,f,s,n,f,f,f,c,n,b,t,?,s,k,p,p,,w,o,e,w,v,d
p,x,y,n,f,y,f,c,n,b,t,?,s,k,p,p,,w,o,e,w,v,p
e,x,f,w,t,l,f,c,b,p,e,b,s,s,w,w,,w,o,p,n,y,d
e,b,y,b,t,n,f,w,b,y,e,c,s,s,w,w,,w,o,p,w,s,g
e,k,f,g,f,n,f,w,b,w,e,?,s,s,w,w,,w,t,p,w,s,g
p,k,s,n,f,s,f,c,n,b,t,?,k,s,w,w,,w,o,e,w,v,p
p,x,y,b,t,f,f,c,b,p,t,b,s,s,w,w,,w,o,p,h,v,g
p,x,f,p,t,n,f,w,b,e,e,?,s,f,w,w,,w,o,p,w,n,p
p,k,s,e,f,y,f,c,n,b,t,?,s,s,p,p,,w,o,e,w,v,l
e,x,y,n,t,n,f,c,b,w,e,?,s,s,w,w,,w,t,e,w,v,w
p,x,f,y,f,f,f,c,b,h,e,b,k,k,p,p,,w,o,l,h,y,g
p,f,y,e,f,y,f,c,n,b,t,?,s,k,p,w,,w,o,e,w,v,p
p,f,y,n,f,f,f,c,n,b,t,?,s,k,w,p,,w,o,e,w,v,p
e,x,f,e,t,n,f,c,b,n,t,b,s,s,w,w,,w,o,p,n,y,d
e,x,f,n,t,n,f,c,b,n,t,b,s,s,g,g,,w,o,p,k,y,d
p,x,y,y,f,f,f,c,b,h,e,b,k,k,n,p,,w,o,l,h,v,g
p,k,y,n,f,y,f,c,n,b,t,?,k,k,w,p,,w,o,e,w,v,l
e,x,f,n,f,n,f,w,b,k,t,e,f,f,w,w,,w,o,e,n,s,g
e,x,y,w,t,l,f,c,b,g,e,c,s,s,w,w,,w,o,p,n,s,m
e,x,s,n,f,n,f,w,b,p,t,e,f,s,g,w,,w,o,e,k,a,g
p,f,f,g,f,f,f,c,b,p,e,b,k,k,p,b,,w,o,l,h,v,p
e,b,s,w,t,a,f,c,b,n,e,c,s,s,w,w,,w,o,p,n,n,g
e,f,s,w,f,n,f,w,b,n,t,e,f,f,w,w,,w,o,e,n,a,g
p,x,y,y,f,f,f,c,b,h,e,b,k,k,b,p,,w,o,l,h,v,p
e,x,f,n,t,n,f,c,b,g,e,b,s,s,w,w,,w,o,p,r,y,d
e,f,y,w,f,n,f,w,b,k,t,e,f,s,w,w,,w,o,e,k,s,g
p,k,f,p,t,n,a,w,b,n,e,?,s,f,o,o,,n,o,p,y,s,l
e,x,y,w,t,a,f,c,b,p,e,r,s,y,w,w,,w,o,p,n,s,g
e,x,y,g,t,n,f,c,b,p,t,b,s,s,p,w,,w,o,p,n,v,d
e,x,f,w,f,n,f,w,b,n,t,e,s,f,w,w,,w,o,e,n,a,g
e,f,f,g,t,n,f,c,b,w,t,b,s,s,p,g,,w,o,p,n,v,d
p,f,s,n,f,y,f,c,n,b,t,?,s,s,p,w,,w,o,e,w,v,l
e,f,f,p,t,n,f,c,n,p,e,b,s,k,w,n,,w,o,l,h,v,d
p,x,y,w,t,f,f,c,b,w,e,?,k,y,b,n,,w,o,l,h,y,d
p,x,y,n,f,y,f,c,n,b,t,?,k,k,p,w,,w,o,e,w,v,d
p,k,y,e,f,s,f,c,n,b,t,?,k,k,p,p,,w,o,e,w,v,d
e,x,s,w,f,n,f,w,b,h,t,e,s,s,w,w,,w,o,e,k,a,g
e,x,s,y,t,a,f,c,b,w,e,c,s,s,w,w,,w,o,p,n,s,g
p,f,s,e,f,f,f,c,n,b,t,?,k,s,w,w,,w,o,e,w,v,l
e,x,y,y,t,l,f,c,b,p,e,b,s,s,b,p,,w,o,p,k,y,d
p,x,f,w,t,p,f,c,n,w,e,e,s,s,w,w,,w,o,p,n,v,u
e,b,y,y,t,l,f,c,b,n,e,c,s,s,w,w,,w,o,p,k,s,m
p,f,s,n,f,f,f,c,n,b,t,?,k,k,p,p,,w,o,e,w,v,d
e,f,f,b,t,n,f,c,n,p,e,b,y,f,o,b,,n,o,l,h,v,d
p,k,y,n,f,y,f,c,n,b,t,?,k,y,p,p,,w,o,e,w,v,d
p,f,f,y,f,f,f,c,b,h,e,b,k,k,n,p,,w,o,l,h,y,g
p,k,y,e,f,f,f,c,n,b,t,?,k,k,w,p,,w,o,e,w,v,l
p,x,y,e,f,f,f,c,n,b,t,?,k,k,p,p,,w,o,e,w,v,d
e,f,s,g,f,n,f,w,b,h,t,e,s,f,g,w,,w,o,e,n,a,g
e,x,s,g,f,n,f,w,b,n,t,e,f,f,g,w,,w,o,e,k,a,g
p,f,y,n,f,n,f,c,n,w,e,?,s,s,g,p,,w,o,e,w,v,p
e,x,s,g,t,n,f,c,b,w,t,b,s,s,w,w,,w,o,p,n,v,d
e,f,y,w,t,n,f,w,b,p,e,r,s,y,p,n,,w,o,p,n,s,w
p,f,y,e,f,s,f,c,n,b,t,?,s,k,w,w,,w,o,e,w,v,d
p,f,f,g,f,f,f,c,b,h,e,b,k,k,p,p,,w,o,l,h,y,g
e,x,s,g,f,n,f,w,b,n,t,e,f,s,p,w,,w,o,e,k,s,g
p,f,f,g,f,f,f,c,b,h,e,b,k,k,n,p,,w,o,l,h,y,p
p,f,y,e,f,y,f,c,n,b,t,?,k,s,w,w,,w,o,e,w,v,l
e,x,f,g,t,n,f,c,b,w,t,b,s,s,w,w,,w,o,p,n,v,d
e,f,y,w,f,n,f,w,b,p,t,e,s,f,w,w,,w,o,e,k,s,g
e,k,s,w,t,n,f,w,b,e,e,?,s,s,b,p,,w,o,e,w,s,p
e,x,s,n,f,n,f,w,b,p,t,e,s,f,w,w,,w,o,e,n,a,g
p,k,y,n,f,f,f,c,n,b,t,?,k,k,p,w,,w,o,e,w,v,d
e,f,f,e,t,n,f,c,b,w,t,b,s,s,w,w,,w,o,p,k,y,d
e,f,f,n,t,n,f,c,b,w,t,b,s,s,p,g,,w,o,p,n,y,d
p,x,y,e,f,s,f,c,n,b,t,?,k,s,w,p,,w,o,e,w,v,l
e,f,y,g,t,n,f,c,b,n,t,b,s,s,g,w,,w,o,p,n,v,d
p,x,y,y,f,f,f,c,b,g,e,b,k,k,p,p,,w,o,l,h,y,g
p,x,s,n,t,p,f,c,n,k,e,e,f,s,w,w,,w,o,p,n,s,g
p,x,s,g,f,f,f,c,b,h,e,b,k,k,p,n,,w,o,l,h,v,g
p,b,y,n,t,n,f,c,b,y,e,c,s,k,w,w,,w,n,p,w,c,p
e,x,s,g,f,n,f,w,b,n,t,e,s,f,g,w,,w,o,e,k,a,g
p,x,y,g,f,f,f,c,b,g,e,b,k,k,b,n,,w,o,l,h,y,g
p,f,y,y,f,f,f,c,b,g,e,b,k,k,n,n,,w,o,l,h,y,g
p,x,y,n,f,s,f,c,n,b,t,?,s,s,w,p,,w,o,e,w,v,l
p,x,f,c,t,m,f,c,b,w,e,b,s,f,w,w,,w,o,p,u,v,g
p,k,s,n,f,y,f,c,n,b,t,?,k,s,w,p,,w,o,e,w,v,d
p,f,f,g,t,f,f,c,b,p,t,b,s,s,p,w,,w,o,p,h,y,g
e,x,f,g,f,n,f,w,b,h,t,e,f,f,w,w,,w,o,e,k,a,g
e,x,s,w,f,n,f,w,b,h,t,e,f,s,w,w,,w,o,e,n,s,g
e,f,s,n,t,n,f,c,b,u,t,b,s,s,w,w,,w,o,p,n,y,d
p,f,y,e,f,y,f,c,n,b,t,?,s,k,p,p,,w,o,e,w,v,l
p,x,f,g,f,c,f,c,n,u,e,b,s,s,w,w,,w,o,p,n,v,p
p,f,y,g,f,f,f,c,b,g,e,b,k,k,n,b,,w,o,l,h,y,p
e,f,f,g,t,n,f,c,b,p,t,b,s,s,w,w,,w,o,p,n,y,d
p,k,s,e,f,s,f,c,n,b,t,?,s,s,w,w,,w,o,e,w,v,l
p,k,s,n,f,s,f,c,n,b,t,?,s,k,w,p,,w,o,e,w,v,l
p,f,f,y,f,f,f,c,b,g,e,b,k,k,p,b,,w,o,l,h,y,p
p,x,s,g,t,f,f,c,b,p,t,b,f,s,p,w,,w,o,p,h,s,u
p,x,f,g,f,f,f,c,b,g,e,b,k,k,n,p,,w,o,l,h,y,p
e,x,f,n,t,n,f,c,b,n,t,b,s,s,g,g,,w,o,p,n,y,d
p,k,y,n,f,y,f,c,n,b,t,?,s,k,w,p,,w,o,e,w,v,l
p,x,y,y,f,f,f,c,b,h,e,b,y,k,b,y,,w,o,f,h,v,g
e,x,f,w,f,n,f,w,b,n,t,e,f,s,w,w,,w,o,e,k,a,g
e,f,s,n,f,n,f,w,b,n,t,e,s,s,w,w,,w,o,e,k,s,g
e,f,f,g,t,n,f,c,b,n,t,b,s,s,p,g,,w,o,p,n,y,d
e,f,y,b,t,n,f,c,n,g,e,b,y,y,w,n,,w,o,l,h,v,d
e,f,f,n,f,n,f,c,n,n,e,e,s,s,w,w,,w,o,p,n,y,u
e,f,s,w,f,n,f,w,b,k,t,e,s,s,w,w,,w,o,e,k,s,g
e,k,y,g,f,n,a,c,b,e,e,?,s,k,o,o,,n,o,p,w,c,l
e,x,y,e,t,n,f,c,b,n,t,b,s,s,w,w,,w,o,p,n,v,d
p,f,s,g,t,f,f,c,b,h,t,b,f,s,w,w,,w,o,p,h,v,g
e,f,f,w,t,l,f,w,b,p,e,b,k,s,w,w,,w,o,p,n,v,d
e,f,s,w,t,a,f,w,b,w,t,b,y,f,w,w,,w,o,f,w,v,d
e,f,s,n,t,n,f,c,b,w,e,?,s,s,w,e,,w,t,e,w,c,w
e,x,y,n,t,n,f,c,b,p,e,b,s,s,w,g,,w,o,p,n,v,d
e,k,f,g,f,n,f,w,b,g,e,?,k,s,w,w,,w,t,p,w,s,g
e,x,s,e,t,n,f,c,b,u,t,b,s,s,w,w,,w,o,p,k,v,d
p,k,s,w,f,n,f,c,b,y,e,?,s,f,w,w,,w,o,p,y,c,d
p,x,y,g,t,f,f,c,b,p,t,b,f,s,w,w,,w,o,p,h,y,g
p,f,y,g,f,f,f,c,b,h,e,b,k,k,p,p,,w,o,l,h,y,d
e,x,f,g,f,n,f,w,b,u,t,b,s,f,p,p,,w,o,e,k,v,l
e,f,f,n,f,n,f,w,b,p,e,?,s,s,w,w,,w,t,p,w,n,g
e,f,s,w,f,n,f,w,b,k,t,e,f,s,w,w,,w,o,e,k,a,g
e,f,f,g,t,n,f,c,b,u,t,b,s,s,w,w,,w,o,p,n,y,d
e,x,s,g,f,n,f,c,n,w,e,e,s,s,w,w,,w,o,p,n,v,u
e,x,y,g,t,n,f,c,b,u,t,b,s,s,w,p,,w,o,p,k,y,d
p,k,s,e,f,s,f,c,n,b,t,?,s,k,w,w,,w,o,e,w,v,l
e,x,y,w,t,l,f,c,b,n,e,c,s,s,e,w,,w,o,p,n,n,m
p,f,y,y,f,f,f,c,b,g,e,b,k,k,b,n,,w,o,l,h,y,d
p,f,s,y,f,f,f,c,b,h,e,b,k,k,n,b,,w,o,l,h,s,d
p,x,f,b,t,f,f,c,b,p,t,b,s,f,w,w,,w,o,p,h,y,u
e,x,y,n,t,n,f,c,b,p,t,b,s,s,w,w,,w,o,p,n,y,d
e,f,y,g,t,n,f,c,b,n,t,b,s,s,w,w,,w,o,p,k,y,d
p,k,s,e,f,f,f,c,n,b,t,?,k,k,p,w,,w,o,e,w,v,p
p,k,s,n,f,y,f,c,n,b,t,?,k,k,p,p,,w,o,e,w,v,l
p,f,s,y,f,f,f,c,b,h,e,b,k,k,p,b,,w,o,l,h,y,d
e,x,y,n,t,n,f,c,b,u,t,b,s,s,g,g,,w,o,p,k,y,d
e,b,y,y,t,l,f,c,b,n,e,c,s,s,w,w,,w,o,p,k,n,g
e,x,s,y,t,a,f,c,b,w,e,c,s,s,w,w,,w,o,p,n,n,m
p,f,s,e,f,f,f,c,n,b,t,?,k,s,w,p,,w,o,e,w,v,l
e,b,y,y,t,a,f,c,b,n,e,c,s,s,w,w,,w,o,p,k,s,m
e,x,f,n,t,a,f,c,b,p,e,b,s,s,b,p,,w,o,p,n,y,d
e,b,y,w,t,l,f,c,b,w,e,c,s,s,w,w,,w,o,p,n,n,m
e,x,y,c,f,a,f,c,b,p,e,b,s,s,w,w,,w,o,p,k,y,p
e,x,y,y,t,l,f,c,b,p,e,r,s,y,p,n,,w,o,p,k,s,p
e,f,y,w,t,l,f,w,n,w,t,b,f,f,p,w,,w,o,e,n,v,d
p,x,y,g,t,f,f,c,b,p,t,b,s,s,w,w,,w,o,p,h,y,g
p,x,s,w,t,y,f,c,n,p,t,b,s,s,p,w,,w,o,p,h,s,g
e,x,s,g,t,n,f,c,b,w,t,b,s,s,w,w,,w,o,p,k,v,d
e,k,s,e,t,n,f,c,b,w,e,?,s,s,e,e,,w,t,e,w,v,w
e,f,f,w,f,n,f,w,b,n,t,e,s,s,w,w,,w,o,e,n,a,g
p,f,s,u,t,c,f,c,n,u,e,b,f,s,w,w,,w,o,p,k,s,u
e,x,y,n,t,n,f,c,b,w,t,b,s,s,w,w,,w,o,p,n,v,d
p,f,y,g,f,f,f,c,b,g,e,b,k,k,b,p,,w,o,l,h,y,d
p,x,s,e,f,s,f,c,n,b,t,?,k,k,w,p,,w,o,e,w,v,p
p,f,s,y,f,f,f,c,b,g,e,b,k,k,b,p,,w,o,l,h,s,p
e,x,s,g,f,n,f,w,b,n,t,e,s,f,g,w,,w,o,e,n,s,g
e,x,s,p,t,n,a,w,b,o,e,?,f,s,o,o,,n,o,e,o,n,m
e,k,y,n,f,n,f,c,b,o,e,?,s,k,w,w,,w,o,p,b,c,d
e,f,f,n,f,n,f,w,b,h,t,e,s,s,w,w,,w,o,e,k,a,g
p,x,f,g,f,f,f,c,b,h,e,b,k,k,n,p,,w,o,l,h,y,g
p,x,f,y,f,f,f,c,b,p,e,b,k,k,p,p,,w,o,l,h,v,p
e,f,s,w,f,n,f,w,b,p,t,e,s,s,w,w,,w,o,p,n,a,g
p,x,s,n,f,s,f,c,n,b,t,?,s,k,w,w,,w,o,e,w,v,l
e,x,s,y,t,a,f,w,b,w,e,b,s,s,w,w,,w,o,p,n,v,d
p,f,y,n,f,f,f,c,n,b,t,?,s,s,w,w,,w,o,e,w,v,d
e,f,y,n,t,n,f,c,b,n,t,b,s,s,p,p,,w,o,p,k,y,d
p,x,s,e,f,s,f,c,n,b,t,?,k,k,w,w,,w,o,e,w,v,p
p,x,f,g,f,f,f,c,b,h,e,b,k,k,b,p,,w,o,l,h,y,d
e,x,s,g,t,n,f,c,b,n,t,b,s,s,w,w,,w,o,p,k,v,d
e,f,f,n,t,n,f,c,b,w,t,b,s,s,w,w,,w,o,p,k,v,d
p,x,f,y,f,f,f,c,b,h,e,b,k,k,b,p,,w,t,l,h,v,p
e,x,f,n,t,n,f,c,b,p,t,b,s,s,w,g,,w,o,p,k,v,d
e,x,s,w,f,n,f,w,b,w,e,?,s,s,w,w,,w,t,p,w,n,g
e,f,f,e,t,n,f,c,b,u,t,b,s,s,w,w,,w,o,p,n,v,d
p,x,y,y,f,f,f,c,b,h,e,b,k,k,n,n,,w,o,l,h,y,g
e,f,f,g,t,n,f,c,b,p,t,b,s,y,g,p,,w,o,p,n,v,d
p,x,f,g,f,f,f,c,b,h,e,b,k,k,p,n,,w,o,l,h,v,p
e,k,s,e,t,n,f,w,b,p,t,e,k,s,w,w,,w,o,p,n,s,g
p,k,s,n,f,s,f,c,n,b,t,?,k,k,p,w,,w,o,e,w,v,l
e,x,s,n,f,n,f,w,b,n,t,e,s,s,w,w,,w,o,e,k,s,g
p,k,y,n,f,f,f,c,n,b,t,?,k,y,w,p,,w,o,e,w,v,l
e,x,y,e,t,n,f,c,b,n,t,b,s,s,p,w,,w,o,p,k,v,d
p,k,f,w,f,n,f,w,b,w,e,?,s,s,w,w,,w,o,p,w,a,p
e,x,s,p,t,n,f,c,b,w,e,?,s,s,w,e,,w,t,e,w,c,w
p,f,f,g,f,f,f,c,b,g,e,b,k,k,b,b,,w,o,l,h,y,d
e,f,y,n,t,n,f,c,b,g,e,b,s,s,w,w,,w,o,p,r,y,d
e,b,s,y,t,a,f,c,b,w,e,c,s,s,e,w,,w,o,p,n,s,g
p,k,s,n,f,s,f,c,n,b,t,?,k,k,w,p,,w,o,e,w,v,p
p,f,f,g,f,f,f,c,b,h,e,b,k,k,n,b,,w,o,l,h,v,p
p,k,s,e,f,y,f,c,n,b,t,?,s,s,w,w,,w,o,e,w,v,d
p,f,f,g,t,f,f,c,b,p,t,b,s,f,w,w,,w,o,p,h,y,u
e,f,y,e,t,n,f,c,b,p,t,b,s,s,g,p,,w,o,p,k,y,d
e,x,y,y,t,a,f,c,b,w,e,r,s,y,w,w,,w,o,p,n,s,g
p,f,y,g,f,f,f,c,b,p,e,b,k,k,n,b,,w,o,l,h,y,g
p,f,y,e,f,y,f,c,n,b,t,?,k,k,p,p,,w,o,e,w,v,d
p,x,s,n,f,s,f,c,n,b,t,?,s,k,p,p,,w,o,e,w,v,d
p,x,f,g,f,f,f,c,b,g,e,b,k,k,n,b,,w,o,l,h,y,g
p,x,y,w,t,p,f,c,n,w,e,e,s,s,w,w,,w,o,p,k,s,u
p,f,s,e,f,s,f,c,n,b,t,?,s,s,p,w,,w,o,e,w,v,d
e,x,f,n,f,n,f,c,n,p,e,b,f,y,w,n,,w,o,l,h,v,p
p,x,y,g,f,n,f,c,b,p,e,?,s,k,n,p,,w,o,e,w,y,l
e,b,y,y,t,l,f,c,b,w,e,c,s,s,w,w,,w,o,p,n,n,m
e,f,f,e,t,n,f,c,b,n,t,b,s,s,w,w,,w,o,p,n,y,d
p,f,f,y,f,f,f,c,b,g,e,b,k,k,n,n,,w,o,l,h,v,p
e,x,f,n,t,n,f,c,b,u,t,b,s,s,w,w,,w,o,p,n,y,p
p,f,s,p,t,n,a,w,b,y,e,?,y,y,o,o,,n,o,l,y,s,l
e,f,y,w,t,l,f,c,b,p,e,b,s,s,p,p,,w,o,p,k,y,d
p,f,y,g,f,f,f,c,b,h,e,b,k,k,p,p,,w,o,l,h,v,g
e,x,s,n,t,n,f,c,b,w,t,b,s,s,p,p,,w,o,p,k,v,d
p,f,s,n,f,y,f,c,n,b,t,?,k,k,p,p,,w,o,e,w,v,l
p,x,s,n,f,s,f,c,n,b,t,?,s,s,w,w,,w,o,e,w,v,l
p,x,g,w,f,c,f,w,n,u,e,b,s,s,w,w,,w,o,p,n,c,d
e,x,y,c,f,a,a,w,b,p,e,b,k,s,o,o,,n,o,p,n,v,l
p,x,s,e,f,s,f,c,n,b,t,?,k,k,w,p,,w,o,e,w,v,d
e,f,f,n,t,n,f,c,b,w,t,b,s,s,w,g,,w,o,p,k,v,d
e,x,s,w,t,a,f,c,b,n,e,c,s,s,w,w,,w,o,p,k,s,g
p,x,f,y,f,f,f,c,b,g,e,b,k,k,n,p,,w,o,l,h,v,g
e,x,y,y,t,l,f,c,b,w,e,r,s,y,w,w,,w,o,p,n,y,p
e,f,f,n,f,n,f,w,b,k,t,e,f,s,g,w,,w,o,e,k,a,g
e,f,y,n,t,l,f,c,b,n,e,r,s,y,w,w,,w,o,p,k,y,g
e,k,f,w,f,n,f,w,b,w,e,?,k,s,w,w,,w,t,p,w,s,g
p,f,y,e,f,y,f,c,n,b,t,?,k,s,w,w,,w,o,e,w,v,p
e,f,s,w,f,n,f,w,b,p,t,e,f,s,w,w,,w,o,e,k,a,g
p,f,f,g,f,f,f,c,b,h,e,b,k,k,n,b,,w,o,l,h,y,d
e,k,s,p,t,n,f,w,b,o,e,?,s,s,p,b,,w,t,l,o,n,w
e,b,s,w,t,l,f,c,b,n,e,c,s,s,w,w,,w,o,p,n,n,g
e,f,y,w,t,l,f,w,b,g,e,b,s,s,p,g,,w,o,p,k,v,d
e,f,f,n,t,n,f,c,b,n,t,b,s,s,g,w,,w,o,p,n,y,d
e,x,y,c,t,n,f,c,b,g,e,?,s,s,e,w,,w,t,e,w,c,w
p,x,s,e,f,s,f,c,n,b,t,?,s,s,p,p,,w,o,e,w,v,l
e,b,f,e,t,n,f,c,b,u,t,b,s,s,p,p,,w,o,p,n,v,d
p,f,f,y,f,f,f,c,b,p,e,b,k,k,p,p,,w,o,l,h,v,p
e,x,s,n,t,n,f,c,b,w,t,b,s,s,w,w,,w,o,p,n,y,d
p,x,s,e,f,f,f,c,n,b,t,?,k,k,g,n,,w,o,e,w,v,d
p,f,y,n,f,f,f,c,n,b,t,?,k,s,w,p,,w,o,e,w,v,p
e,f,s,g,f,n,f,w,b,p,t,e,s,s,g,w,,w,o,e,n,a,g
e,x,s,n,f,n,f,c,b,n,e,?,s,k,w,w,,w,o,p,b,c,l
p,f,y,g,f,f,f,c,b,p,e,b,k,k,b,p,,w,o,l,h,y,g
e,f,f,e,t,n,f,c,b,u,t,b,s,s,w,w,,w,o,p,k,y,d
e,x,f,e,t,n,f,c,b,n,t,b,s,s,p,p,,w,o,p,k,v,d
e,k,y,p,t,n,f,c,b,w,e,?,s,s,w,w,,w,t,e,w,c,w
e,x,f,e,t,n,f,c,b,w,t,b,s,s,w,g,,w,o,p,n,v,d
p,f,s,y,f,f,f,c,b,h,e,b,k,k,n,n,,w,o,l,h,v,d
p,f,y,e,f,f,f,c,n,b,t,?,k,k,p,w,,w,o,e,w,v,p
p,f,f,w,t,p,f,c,n,k,e,e,f,s,w,w,,w,o,p,n,s,g
e,x,s,w,f,n,f,w,b,p,t,e,f,f,w,w,,w,o,e,n,a,g
p,x,y,g,t,f,f,c,b,h,t,b,s,s,w,w,,w,o,p,h,y,g
p,f,y,e,f,y,f,c,n,b,t,?,k,k,w,p,,w,o,e,w,v,l
e,f,f,n,f,n,f,w,b,p,t,e,s,s,w,w,,w,o,e,n,a,g
e,b,s,y,f,n,a,c,b,o,e,?,s,s,o,o,,o,o,p,y,v,l
p,k,s,n,f,y,f,c,n,b,t,?,k,k,w,w,,w,o,e,w,v,l
p,x,y,n,f,s,f,c,n,b,t,?,s,k,e,n,,w,o,e,w,v,l
p,x,s,e,f,y,f,c,n,b,t,?,k,k,w,w,,w,o,e,w,v,p
e,x,f,g,t,n,f,c,b,w,t,b,s,s,p,w,,w,o,p,n,v,d
p,x,y,w,t,f,f,c,b,w,t,b,s,s,w,w,,w,t,p,h,v,m
p,x,f,g,t,f,f,c,b,w,t,b,s,s,g,w,,w,o,p,h,v,g
p,x,y,n,f,y,f,c,n,b,t,?,s,k,w,w,,w,o,e,w,v,l
p,f,y,n,f,f,f,c,n,b,t,?,k,s,p,p,,w,o,e,w,v,l
p,x,s,b,t,f,f,c,b,w,t,b,s,s,w,w,,w,o,p,h,s,g
p,f,s,u,t,c,f,c,n,n,e,e,s,s,w,w,,w,o,p,n,v,u
p,f,y,e,f,y,f,c,n,b,t,?,k,s,p,p,,w,o,e,w,v,d
p,x,y,n,f,s,f,c,n,b,t,?,k,k,p,p,,w,o,e,w,v,d
e,b,y,y,t,a,f,c,b,n,e,c,s,s,w,w,,w,o,p,k,s,g
p,f,s,e,f,f,f,c,n,b,t,?,k,s,p,p,,w,o,e,w,v,p
p,k,f,e,f,y,f,c,n,b,t,?,s,k,p,p,,w,o,e,w,v,p
e,x,s,w,f,n,f,w,b,h,t,e,s,s,g,w,,w,o,e,k,a,g
p,b,s,n,f,n,f,w,b,p,e,r,s,k,w,w,,w,o,p,n,n,m
e,f,f,n,t,n,f,c,b,u,t,b,s,s,w,g,,w,o,p,k,y,d
p,f,y,e,f,y,f,c,n,b,t,?,k,s,p,p,,w,o,e,w,v,d
e,b,y,y,t,a,f,c,b,w,e,c,s,s,w,w,,w,o,p,n,s,m
p,k,y,n,f,y,f,c,n,b,t,?,s,k,p,w,,w,o,e,w,v,p
p,f,s,n,f,f,f,c,n,b,t,?,k,s,p,p,,w,o,e,w,v,p
p,x,s,e,f,y,f,c,n,b,t,?,k,k,p,p,,w,o,e,w,v,l
p,f,y,n,t,p,f,c,n,n,e,e,s,s,w,w,,w,o,p,n,s,g
e,f,y,g,t,n,f,w,b,w,t,b,k,s,w,w,,w,o,f,w,v,d
e,x,s,w,f,n,f,w,b,k,t,e,f,f,w,w,,w,o,e,n,a,g
p,f,s,y,f,f,f,c,b,g,e,b,k,k,p,p,,w,o,l,h,s,g
e,f,s,n,f,n,f,w,b,h,t,e,s,f,p,w,,w,o,e,k,s,g
e,x,s,w,f,n,f,w,b,k,t,e,f,f,w,w,,w,o,e,k,s,g
p,x,y,n,f,y,f,c,n,b,t,?,s,s,w,w,,w,o,e,w,v,l
e,x,y,e,t,n,f,c,b,u,t,b,s,s,w,g,,w,o,p,k,v,d
p,f,y,y,f,f,f,c,b,p,e,b,k,k,p,p,,w,o,l,h,v,g
p,x,y,e,f,f,f,c,n,b,t,?,k,s,p,p,,w,o,e,w,v,p
p,x,s,y,f,f,f,c,b,h,e,b,k,k,p,p,,w,o,l,h,s,d
e,f,y,y,t,l,f,c,b,p,e,b,s,s,n,g,,w,o,p,k,y,d
e,x,f,n,t,n,f,c,b,n,t,b,s,s,g,p,,w,o,p,k,v,d
p,x,s,n,f,y,f,c,n,b,t,?,s,s,p,p,,w,o,e,w,v,p
p,x,y,g,f,f,f,c,b,g,e,b,k,k,b,p,,w,o,l,h,y,p
e,x,y,y,t,l,f,c,b,p,e,r,s,y,w,w,,w,o,p,k,y,p
p,b,f,y,f,f,f,c,b,g,e,b,k,k,b,n,,w,o,l,h,v,d
e,f,s,e,t,n,f,c,b,g,e,?,s,s,w,w,,w,t,e,w,v,w
e,x,s,w,t,l,f,c,b,k,e,c,s,s,w,w,,w,o,p,k,n,m
p,x,f,y,f,f,f,c,b,p,e,b,k,k,n,p,,w,o,l,h,v,g
e,x,y,w,t,a,f,w,b,w,e,b,k,s,c,g,,w,o,p,k,v,d
p,k,y,n,f,y,f,c,n,b,t,?,k,s,w,p,,w,o,e,w,v,p
e,k,s,n,t,n,f,c,b,w,e,?,s,s,w,w,,w,t,e,w,c,w
e,b,y,y,t,l,f,c,b,k,e,c,s,s,w,w,,w,o,p,n,s,g
e,f,s,g,t,n,f,c,b,n,t,b,s,s,w,w,,w,o,p,n,v,d
p,f,s,n,t,p,f,c,n,p,e,e,s,s,w,w,,w,o,p,n,v,u
e,x,y,e,t,n,f,c,b,w,t,b,s,s,p,p,,w,o,p,k,v,d
p,x,s,w,t,c,f,w,n,w,e,e,s,s,w,w,,w,t,p,n,v,p
p,x,y,g,f,f,f,c,b,g,e,b,k,k,p,b,,w,o,l,h,v,g
p,f,s,g,f,f,f,c,b,g,e,b,k,k,p,b,,w,o,l,h,s,d
e,x,f,n,t,n,f,c,b,u,t,b,s,s,w,g,,w,o,p,k,y,d
p,f,s,y,f,f,f,c,b,g,e,b,k,k,b,p,,w,o,l,h,v,d
e,x,f,e,t,n,f,c,b,w,t,b,s,s,p,g,,w,o,p,n,y,d
e,x,f,n,t,l,f,w,b,w,e,b,s,s,w,w,,w,o,p,n,v,d
p,x,f,g,f,f,f,c,b,g,e,b,k,k,p,p,,w,o,l,h,v,d
e,f,f,e,t,n,f,c,b,p,t,b,s,s,w,g,,w,o,p,n,y,d
p,f,f,g,f,f,f,c,b,g,e,b,k,k,n,p,,w,o,l,h,y,g
p,f,s,y,t,c,f,c,n,p,e,e,s,s,w,w,,w,o,p,n,v,u
p,x,s,n,f,s,f,c,n,b,t,?,k,s,w,p,,w,o,e,w,v,l
e,f,f,w,f,n,f,w,b,h,t,e,f,s,w,w,,w,o,e,n,s,g
e,f,s,g,f,n,f,w,b,h,t,e,f,s,p,w,,w,o,e,k,s,g
p,f,f,g,f,f,f,c,b,g,e,b,k,k,n,b,,w,o,l,h,v,d
e,f,s,w,f,n,f,w,b,h,t,e,s,s,w,w,,w,o,e,n,s,g
p,x,y,g,f,f,f,c,b,g,e,b,k,k,n,p,,w,o,l,h,y,d
e,x,y,p,t,n,f,w,b,n,e,c,s,s,w,w,,w,o,p,n,s,u
e,b,y,y,t,a,f,c,b,w,e,c,s,s,w,w,,w,o,p,k,s,m
p,x,s,e,f,f,f,c,n,b,t,?,s,k,w,p,,w,o,e,w,v,p
p,f,f,n,t,p,f,c,n,w,e,e,f,s,w,w,,w,o,p,n,s,u
p,k,s,e,f,y,f,c,n,b,t,?,s,k,w,p,,w,o,e,w,v,l
e,x,s,n,f,n,f,w,b,p,t,e,s,s,w,w,,w,o,e,n,s,g
e,x,s,g,f,n,f,w,b,n,t,e,s,f,w,w,,w,o,e,k,a,g
e,x,f,e,t,n,f,c,b,n,t,b,s,s,w,w,,w,o,p,k,v,d
e,f,s,g,t,n,f,c,b,n,t,b,s,s,p,p,,w,o,p,k,v,d
e,f,y,g,f,a,f,w,b,p,e,b,s,s,w,w,,w,o,p,k,v,l
e,f,y,y,t,a,f,w,b,p,e,b,s,s,w,w,,w,o,p,n,v,d
p,x,f,g,f,f,f,c,b,h,e,b,k,k,n,b,,w,o,l,h,v,d
p,f,y,g,f,f,f,c,b,g,e,b,k,k,n,p,,w,o,l,h,v,p
e,b,y,n,t,a,f,c,b,w,e,c,s,s,w,w,,w,o,p,k,n,m
e,x,y,y,t,l,f,c,b,w,e,r,s,y,w,w,,w,o,p,n,y,p
e,x,f,c,f,n,f,w,b,e,e,?,k,s,w,w,,w,t,p,w,s,g
p,f,s,n,f,y,f,c,n,b,t,?,k,s,p,w,,w,o,e,w,v,d
p,f,s,e,f,f,f,c,n,b,t,?,k,k,p,p,,w,o,e,w,v,d
p,f,y,e,f,f,f,c,n,b,t,?,s,s,w,w,,w,o,e,w,v,l
e,f,y,g,t,n,f,c,b,n,t,b,s,s,w,p,,w,o,p,n,y,d
p,k,y,n,f,f,f,c,n,b,t,?,k,k,p,w,,w,o,e,w,v,l
p,x,f,y,f,f,f,c,b,h,e,b,k,k,b,n,,w,o,l,h,y,p
e,f,f,g,t,n,f,c,b,u,t,b,s,s,g,p,,w,o,p,n,y,d
e,b,f,n,f,n,f,w,b,p,e,?,s,s,w,w,,w,t,p,w,n,g
p,f,f,b,t,n,f,w,n,k,e,e,s,s,w,w,,w,o,p,n,s,g
p,f,y,n,f,y,f,c,n,b,t,?,k,s,p,w,,w,o,e,w,v,l
e,f,f,y,f,a,a,w,b,p,e,b,s,s,o,o,,o,o,p,n,v,l
p,x,y,e,f,f,f,c,n,b,t,?,k,s,w,p,,w,o,e,w,v,d
p,x,s,e,f,f,f,c,n,b,t,?,s,s,p,p,,w,o,e,w,v,p
p,x,f,y,f,f,f,c,b,g,e,b,k,k,n,b,,w,o,l,h,v,g
p,k,y,n,f,s,f,c,n,b,t,?,s,k,w,p,,w,o,e,w,v,p
p,x,f,y,f,f,f,c,b,h,e,b,k,k,b,p,,w,o,l,h,v,p
p,x,s,c,f,p,f,c,n,n,e,b,s,s,w,w,,w,o,p,n,s,d
e,b,y,y,t,a,f,c,b,n,e,c,s,s,w,w,,w,o,p,k,s,g
p,f,y,n,f,s,f,c,n,b,t,?,s,s,w,w,,w,o,e,w,v,l
p,f,y,w,f,m,f,w,b,w,t,b,y,k,g,p,,w,o,e,w,v,d
p,x,f,e,t,f,f,c,b,w,e,?,k,f,p,b,,w,o,l,h,s,d
p,f,s,e,f,y,f,c,n,b,t,?,k,k,w,p,,w,o,e,w,v,d
e,x,s,w,t,l,f,c,b,w,e,c,s,s,w,w,,w,o,p,n,n,g
p,f,s,e,f,y,f,c,n,b,t,?,k,k,p,p,,w,o,e,w,v,p
e,f,f,n,t,n,f,c,b,w,t,b,s,s,p,p,,w,o,p,n,v,d
e,x,y,y,t,a,f,c,b,w,e,c,s,s,w,w,,w,o,p,n,n,g
e,x,s,u,f,l,f,w,n,n,t,b,s,f,p,w,,w,o,e,n,v,l
p,f,y,n,f,f,f,c,n,b,t,?,k,k,p,p,,w,o,e,w,v,d
p,f,s,e,f,y,f,c,n,b,t,?,k,s,w,p,,w,o,e,w,v,l
p,k,s,e,f,s,f,c,n,b,t,?,k,s,w,w,,w,o,e,w,v,l
p,f,s,y,f,f,f,c,b,p,e,b,k,k,n,b,,w,o,l,h,s,p
e,f,y,n,t,n,f,c,b,w,t,b,s,s,g,p,,w,o,p,k,y,d
e,f,y,y,t,a,f,c,b,p,e,b,s,s,w,w,,w,o,p,k,y,d
p,x,y,e,f,s,f,c,n,b,t,?,k,k,w,w,,w,o,e,w,v,p
e,x,y,b,t,n,a,w,b,g,e,c,s,s,o,o,,n,o,p,n,n,l
e,x,s,p,t,n,f,c,b,w,e,?,s,s,w,w,,w,t,e,w,c,w
p,k,s,e,f,y,f,c,n,b,t,?,k,k,p,p,,w,o,e,w,v,p
p,x,s,e,f,s,f,c,n,b,t,?,s,s,p,p,,w,o,e,w,v,p
p,x,y,g,f,f,f,c,b,p,e,b,k,k,b,p,,w,o,l,h,v,g
p,x,y,g,t,f,f,c,b,p,t,b,s,f,w,w,,w,o,p,h,y,u
e,f,s,n,f,n,f,w,b,p,t,e,f,s,w,w,,w,o,e,k,s,g
e,b,y,y,t,a,f,c,b,g,e,c,s,s,e,w,,w,o,p,n,n,m
p,x,s,e,f,y,f,c,n,b,t,?,s,k,w,p,,w,o,e,w,v,p
p,x,f,w,t,p,f,c,n,k,e,e,s,s,w,w,,w,o,p,k,v,u
p,f,y,n,f,y,f,c,n,b,t,?,s,k,w,w,,w,o,e,w,v,p
p,f,s,n,f,s,f,c,n,b,t,?,s,k,w,w,,w,o,e,w,v,p
p,f,f,y,f,f,f,c,b,g,e,b,k,k,p,b,,w,o,l,h,y,d
p,k,y,e,f,f,f,c,n,b,t,?,s,k,w,w,,w,o,e,w,v,p
p,x,y,g,f,f,f,c,b,h,e,b,k,k,b,p,,w,o,l,h,v,g
e,f,y,g,t,n,f,c,b,u,t,b,s,s,p,p,,w,o,p,n,y,d
e,x,f,g,f,n,f,w,b,n,t,e,s,s,w,w,,w,o,e,n,a,g
p,x,y,g,f,f,f,c,b,h,e,b,k,k,n,n,,w,o,l,h,v,p
p,x,y,w,t,f,f,c,b,p,t,b,s,s,w,w,,w,o,p,h,y,u
e,b,s,w,t,n,f,w,b,n,e,c,k,s,p,y,,w,t,p,n,n,w
p,f,y,y,f,f,f,c,b,h,e,b,k,k,b,b,,w,o,l,h,y,p
e,k,s,n,t,n,f,w,b,h,t,e,s,s,w,w,,w,o,p,n,s,m
e,x,s,w,t,l,f,c,b,w,e,c,s,s,w,w,,w,o,p,k,n,g
p,f,f,g,t,f,f,c,b,h,t,b,s,s,g,w,,w,o,p,h,v,u
e,b,y,n,t,l,f,c,b,g,e,c,s,s,w,w,,w,o,p,k,s,g
p,f,f,n,t,p,f,c,n,u,e,b,s,s,w,w,,w,o,p,k,s,u
p,k,y,e,f,y,f,c,n,b,t,?,k,k,w,w,,w,o,e,w,v,d
e,f,y,y,t,a,f,c,b,p,e,b,s,s,n,p,,w,o,p,n,y,d
p,x,s,e,f,y,f,c,n,b,t,?,s,s,p,p,,w,o,e,w,v,p
p,x,y,e,f,m,f,c,b,w,e,?,s,s,w,w,,w,o,e,w,c,p
p,f,s,g,t,f,f,c,b,p,t,b,s,s,w,w,,w,o,p,h,v,u
p,f,y,e,f,f,f,c,n,b,t,?,s,s,w,w,,w,o,e,w,v,l
p,f,y,g,f,f,f,c,b,h,e,b,k,k,b,n,,w,o,l,h,v,g
e,f,y,g,t,n,f,c,b,n,t,b,s,s,w,g,,w,o,p,k,v,d
e,x,s,y,t,a,f,c,b,w,e,c,s,s,w,w,,w,o,p,n,n,m
e,b,f,e,t,n,f,c,b,n,t,b,s,s,w,p,,w,o,p,k,v,d
e,x,y,e,t,n,f,c,b,n,t,b,s,s,w,p,,w,o,p,n,y,d
p,f,y,n,t,p,f,c,n,g,e,e,s,s,w,w,,w,o,p,k,v,u
e,x,y,w,f,n,f,c,n,g,e,b,s,y,w,w,,w,o,f,h,v,d
e,f,s,n,f,n,f,c,n,h,e,?,s,f,g,g,,w,o,f,h,v,l
p,x,y,g,f,f,f,c,b,h,e,b,k,k,p,n,,w,o,l,h,y,p
p,f,y,e,f,f,f,c,n,b,t,?,k,s,w,w,,w,o,e,w,v,p
e,x,y,y,t,a,f,c,b,w,e,r,s,y,w,w,,w,o,p,n,s,p
e,f,f,n,t,n,f,c,b,p,t,b,s,s,w,p,,w,o,p,k,v,d
p,x,y,e,f,f,f,c,n,b,t,?,k,s,p,p,,w,o,e,w,v,d
e,f,y,y,t,l,f,c,b,p,e,r,s,y,w,w,,w,o,p,n,s,p
p,x,s,e,f,f,f,c,n,b,t,?,s,k,w,p,,w,o,e,w,v,d
e,x,f,y,t,a,f,w,b,p,e,b,s,s,w,w,,w,o,p,k,v,d
e,f,y,y,t,l,f,w,b,p,e,b,s,s,b,p,,w,o,p,k,v,d
p,f,f,n,t,p,f,c,n,n,e,e,s,s,w,w,,w,o,p,k,s,g
p,k,y,n,f,s,f,c,n,b,t,?,k,k,w,p,,w,o,e,w,v,l
p,f,y,b,t,f,f,c,b,p,t,b,s,f,w,w,,w,o,p,h,v,g
e,f,s,g,f,n,f,w,b,p,t,e,f,f,w,w,,w,o,e,n,s,g
p,x,y,e,f,s,f,c,n,b,t,?,s,k,b,y,,w,o,e,w,v,l
e,f,f,e,t,n,f,c,b,u,t,b,s,s,w,w,,w,o,p,n,y,d
e,x,f,g,t,n,f,c,b,p,t,b,s,s,w,p,,w,o,p,k,v,d
e,x,f,e,t,n,f,c,b,n,t,b,s,s,w,w,,w,o,p,k,y,d
e,x,y,y,t,l,f,c,b,k,e,c,s,s,w,w,,w,o,p,n,s,m
e,f,y,w,t,l,f,w,b,p,e,b,s,s,b,p,,w,o,p,n,v,d
p,x,s,g,t,c,f,c,n,n,e,e,s,s,w,w,,w,o,p,k,s,g
e,x,s,n,f,n,f,w,b,w,e,?,s,k,w,w,,w,t,p,w,n,g
p,x,s,w,f,m,a,w,n,p,t,b,y,s,c,c,,w,o,n,h,v,d
e,f,f,y,t,a,f,c,b,p,e,b,s,s,w,w,,w,o,p,n,y,d
e,x,f,y,f,n,f,w,b,e,e,?,k,k,e,w,,w,t,p,w,n,g
e,f,s,w,f,n,f,w,b,k,t,e,f,f,g,w,,w,o,e,k,s,g
e,x,f,w,f,n,f,w,b,k,t,e,s,s,w,w,,w,o,e,n,a,g
e,x,f,n,t,n,f,c,b,u,t,b,s,s,p,p,,w,o,p,n,v,d
p,f,y,n,f,f,f,c,n,b,t,?,s,s,w,p,,w,o,e,w,v,p
e,k,s,u,f,l,f,w,n,p,t,b,s,f,o,n,,n,o,e,n,v,l
e,x,f,e,t,n,f,c,b,n,t,b,s,s,p,g,,w,o,p,n,y,d
p,f,f,y,f,f,f,c,b,g,e,b,k,k,p,n,,w,o,l,h,v,g
e,f,y,n,t,n,f,c,b,u,t,b,s,s,g,g,,w,o,p,n,v,d
e,x,y,w,f,n,f,c,n,g,e,b,k,y,w,n,,w,o,l,h,v,d
e,x,f,w,f,n,f,w,n,p,e,b,f,k,n,c,,w,o,f,h,v,l
e,x,y,n,t,n,f,c,b,n,t,b,s,s,p,p,,w,o,p,n,y,d
p,x,y,e,f,f,f,c,n,b,t,?,s,k,p,w,,w,o,e,w,v,l
e,b,y,w,t,a,f,c,b,w,e,c,s,s,w,w,,w,o,p,n,n,m
p,x,f,g,t,f,f,c,b,p,t,b,f,s,g,w,,w,o,p,h,v,g
e,x,f,w,f,n,f,w,b,k,t,e,s,s,w,w,,w,o,e,k,a,g
p,f,y,e,f,s,f,c,n,b,t,?,s,s,w,w,,w,o,e,w,v,l
e,f,f,g,t,n,f,c,b,p,t,b,s,s,w,w,,w,o,p,k,v,d
p,f,f,y,f,f,f,c,b,h,e,b,k,k,p,p,,w,o,l,h,y,d
p,x,y,e,f,y,f,c,n,b,t,?,k,k,p,p,,w,o,e,w,v,d
p,k,f,y,t,f,f,w,b,w,e,?,y,y,b,n,,w,t,l,h,n,g
e,f,s,w,f,n,f,w,b,w,e,?,s,s,w,w,,w,t,p,w,c,g
e,x,f,n,t,n,f,c,b,u,t,b,s,s,w,g,,w,o,p,n,y,d
p,f,y,y,f,f,f,c,b,p,e,b,k,k,b,b,,w,o,l,h,v,p
e,x,s,w,t,a,f,c,b,g,e,c,s,s,w,w,,w,o,p,n,s,g
e,x,s,w,f,n,f,w,b,p,t,e,s,s,w,w,,w,o,e,k,a,g
p,x,s,n,f,y,f,c,n,b,t,?,k,k,p,w,,w,o,e,w,v,l
e,x,s,n,f,n,f,w,b,n,t,e,f,s,w,w,,w,o,e,k,a,g
p,x,f,g,t,f,f,c,b,p,t,b,s,s,w,w,,w,o,p,h,v,u
p,x,f,g,f,f,f,c,b,p,e,b,k,k,p,p,,w,o,l,h,s,p
p,x,f,g,t,f,f,c,b,p,t,b,f,s,w,w,,w,o,p,h,y,g
e,x,y,n,t,n,f,c,b,w,t,b,s,s,w,w,,w,t,p,n,y,d
p,x,y,n,f,s,f,c,n,b,t,?,s,y,w,w,,w,o,e,w,v,d
e,f,y,w,t,a,f,c,b,p,e,b,s,s,n,p,,w,o,p,k,y,d
e,x,y,w,t,l,f,c,b,w,e,c,s,s,w,w,,w,o,p,k,s,m
e,k,y,n,f,n,f,c,b,n,e,?,s,k,c,g,,w,o,p,y,c,d
e,x,f,w,f,n,f,w,b,n,t,e,s,f,w,w,,w,o,e,n,a,g
p,f,y,n,f,s,f,c,n,b,t,?,s,k,p,p,,w,o,e,w,v,d
